Workbook
Name ExternalData_1: 'Deaths_1x1(AUS)'!$A$1:$L$11214
Name ExternalData_1: 'Deaths_1x1(UK)'!$A$1:$M$11214
Name ExternalData_1: 'Exposures_1x1(AUS)'!$A$1:$N$11214
Name ExternalData_1: 'Exposures_1x1(UK)'!$A$1:$O$11214

Sheet ReadMe
A1: Whittaker-Henderson Graduation Workbook
A3: Inputs sheet: edit K in B2 and data in A6:C125 if needed. Edit the age, deaths and exposure data as needed.
A4: Example 2.1 data (ages 35-70) is preloaded.
A5: WH_Numeical sheet: Use Solver to find the graduated rates that minimises the total objective Q.
A6: WH_Numerical sheet: Trial graduated rates are in column G; initially set equal to crude rates. Adherence term, smoothness term, and total objective Q are computed
A7: WH_Analytical sheet: for the preloaded data only, solves (W + K D'D) qdot = W qhat.
A8: This analytical sheet can accommodate up to 120 ages.

Sheet Inputs
A1: WH Graduation Template
A2: Smoothing parameter K | B2: =10^7 -> 10000000 | D2: Active ages n | E2: =COUNT(A6:A125) -> 40
A4: Paste ages, exposures and deaths below (up to 120 ages)
A5: Age | B5: Exposure E_x | C5: Deaths D_x | D5: mhat_x = D/E | E5: p_x = 1-qhat | F5: w_x = E
A6: 20 | B6: 283502.35 | C6: 164.01 | D6: =IF(OR(B6="",C6="",B6=0),"",C6/B6) -> 0.00057851372 | E6: =IF(D6="","",1-D6) -> 0.99942149 | F6: =B6 -> 283502.35
A7: 21 | B7: 283375.14 | C7: 179.02 | D7: =IF(OR(B7="",C7="",B7=0),"",C7/B7) -> 0.00063174208 | E7: =IF(D7="","",1-D7) -> 0.99936826 | F7: =B7 -> 283375.14
A8: 22 | B8: 285838.65 | C8: 127 | D8: =IF(OR(B8="",C8="",B8=0),"",C8/B8) -> 0.0004443066 | E8: =IF(D8="","",1-D8) -> 0.99955569 | F8: =B8 -> 285838.65
A9: 23 | B9: 283132.8 | C9: 167.02 | D9: =IF(OR(B9="",C9="",B9=0),"",C9/B9) -> 0.00058989986 | E9: =IF(D9="","",1-D9) -> 0.9994101 | F9: =B9 -> 283132.8
A10: 24 | B10: 279196.5 | C10: 164.02 | D10: =IF(OR(B10="",C10="",B10=0),"",C10/B10) -> 0.00058747155 | E10: =IF(D10="","",1-D10) -> 0.99941253 | F10: =B10 -> 279196.5
A11: 25 | B11: 272371.83 | C11: 159.02 | D11: =IF(OR(B11="",C11="",B11=0),"",C11/B11) -> 0.00058383424 | E11: =IF(D11="","",1-D11) -> 0.99941617 | F11: =B11 -> 272371.83
A12: 26 | B12: 270495.83 | C12: 162.02 | D12: =IF(OR(B12="",C12="",B12=0),"",C12/B12) -> 0.00059897411 | E12: =IF(D12="","",1-D12) -> 0.99940103 | F12: =B12 -> 270495.83
A13: 27 | B13: 269320.85 | C13: 163.02 | D13: =IF(OR(B13="",C13="",B13=0),"",C13/B13) -> 0.00060530033 | E13: =IF(D13="","",1-D13) -> 0.9993947 | F13: =B13 -> 269320.85
A14: 28 | B14: 270279.97 | C14: 175.02 | D14: =IF(OR(B14="",C14="",B14=0),"",C14/B14) -> 0.00064755076 | E14: =IF(D14="","",1-D14) -> 0.99935245 | F14: =B14 -> 270279.97
A15: 29 | B15: 274642.93 | C15: 200.02 | D15: =IF(OR(B15="",C15="",B15=0),"",C15/B15) -> 0.00072829109 | E15: =IF(D15="","",1-D15) -> 0.99927171 | F15: =B15 -> 274642.93
A16: 30 | B16: 281389.11 | C16: 193.02 | D16: =IF(OR(B16="",C16="",B16=0),"",C16/B16) -> 0.00068595405 | E16: =IF(D16="","",1-D16) -> 0.99931405 | F16: =B16 -> 281389.11
A17: 31 | B17: 289432.24 | C17: 203.02 | D17: =IF(OR(B17="",C17="",B17=0),"",C17/B17) -> 0.00070144224 | E17: =IF(D17="","",1-D17) -> 0.99929856 | F17: =B17 -> 289432.24
... A45: 59 | B45: 225403.6 | C45: 1184.14 | D45: =IF(OR(B45="",C45="",B45=0),"",C45/B45) -> 0.005253421 | E45: =IF(D45="","",1-D45) -> 0.99474658 | F45: =B45 -> 225403.6

Sheet WH_Numerical
A1: WH Numerical / Objective Illustration
A2: K | B2: =Inputs!B2 -> 10000000 | D2: n | E2: =Inputs!E2 -> 40
F4: Set qdot initial value to qhat_x
A5: Age | B5: Exposure | C5: Deaths | D5: mhat_x | E5: w_x | F5: Trial mdot_x | G5: w_x(mdot-mhat)^2 | H5: Δm | I5: Δ²m | J5: Δ³m | K5: K(Δ³m)^2 | M5: Adherence part | N5: =SUM(G6:G125) -> 0.056716342
A6: =IF(ROW()-5<=$E$2,Inputs!A6,"") -> 20 | B6: =IF(A6="","",Inputs!B6) -> 283502.35 | C6: =IF(A6="","",Inputs!C6) -> 164.01 | D6: =IF(A6="","",Inputs!D6) -> 0.00057851372 | E6: =IF(A6="","",Inputs!F6) -> 283502.35 | F6: 0.00058293682 | G6: =IF(A6="","",E6*(F6-D6)^2) -> 5.5463753e-06 | H6: =IF(OR(A6="",ROW()-5>$E$2-1,F6="",F7=""),"",F7-F6) -> -1.8695858e-05 | I6: =IF(OR(A6="",ROW()-5>$E$2-2,H6="",H7=""),"",H7-H6) -> 9.8286083e-06 | J6: =IF(OR(A6="",ROW()-5>$E$2-3,I6="",I7=""),"",I7-I6) -> 9.6939587e-08 | K6: =IF(OR(J6="",ROW()-5>$E$2-3),"",$B$2*J6^2) -> 9.3972835e-08 | M6: Smoothness part | N6: =SUM(K6:K125) -> 0.0021125446
A7: =IF(ROW()-5<=$E$2,Inputs!A7,"") -> 21 | B7: =IF(A7="","",Inputs!B7) -> 283375.14 | C7: =IF(A7="","",Inputs!C7) -> 179.02 | D7: =IF(A7="","",Inputs!D7) -> 0.00063174208 | E7: =IF(A7="","",Inputs!F7) -> 283375.14 | F7: 0.00056424096 | G7: =IF(A7="","",E7*(F7-D7)^2) -> 0.0012911707 | H7: =IF(OR(A7="",ROW()-5>$E$2-1,F7="",F8=""),"",F8-F7) -> -8.8672493e-06 | I7: =IF(OR(A7="",ROW()-5>$E$2-2,H7="",H8=""),"",H8-H7) -> 9.9255478e-06 | J7: =IF(OR(A7="",ROW()-5>$E$2-3,I7="",I8=""),"",I8-I7) -> -1.5995691e-06 | K7: =IF(OR(J7="",ROW()-5>$E$2-3),"",$B$2*J7^2) -> 2.5586213e-05 | M7: Total Q | N7: =N5+N6 -> 0.058828887
A8: =IF(ROW()-5<=$E$2,Inputs!A8,"") -> 22 | B8: =IF(A8="","",Inputs!B8) -> 285838.65 | C8: =IF(A8="","",Inputs!C8) -> 127 | D8: =IF(A8="","",Inputs!D8) -> 0.0004443066 | E8: =IF(A8="","",Inputs!F8) -> 285838.65 | F8: 0.00055537371 | G8: =IF(A8="","",E8*(F8-D8)^2) -> 0.0035260777 | H8: =IF(OR(A8="",ROW()-5>$E$2-1,F8="",F9=""),"",F9-F8) -> 1.0582986e-06 | I8: =IF(OR(A8="",ROW()-5>$E$2-2,H8="",H9=""),"",H9-H8) -> 8.3259788e-06 | J8: =IF(OR(A8="",ROW()-5>$E$2-3,I8="",I9=""),"",I9-I8) -> -1.8734484e-06 | K8: =IF(OR(J8="",ROW()-5>$E$2-3),"",$B$2*J8^2) -> 3.5098088e-05
A9: =IF(ROW()-5<=$E$2,Inputs!A9,"") -> 23 | B9: =IF(A9="","",Inputs!B9) -> 283132.8 | C9: =IF(A9="","",Inputs!C9) -> 167.02 | D9: =IF(A9="","",Inputs!D9) -> 0.00058989986 | E9: =IF(A9="","",Inputs!F9) -> 283132.8 | F9: 0.00055643201 | G9: =IF(A9="","",E9*(F9-D9)^2) -> 0.00031713625 | H9: =IF(OR(A9="",ROW()-5>$E$2-1,F9="",F10=""),"",F10-F9) -> 9.3842773e-06 | I9: =IF(OR(A9="",ROW()-5>$E$2-2,H9="",H10=""),"",H10-H9) -> 6.4525304e-06 | J9: =IF(OR(A9="",ROW()-5>$E$2-3,I9="",I10=""),"",I10-I9) -> -1.6466123e-06 | K9: =IF(OR(J9="",ROW()-5>$E$2-3),"",$B$2*J9^2) -> 2.7113321e-05
A10: =IF(ROW()-5<=$E$2,Inputs!A10,"") -> 24 | B10: =IF(A10="","",Inputs!B10) -> 279196.5 | C10: =IF(A10="","",Inputs!C10) -> 164.02 | D10: =IF(A10="","",Inputs!D10) -> 0.00058747155 | E10: =IF(A10="","",Inputs!F10) -> 279196.5 | F10: 0.00056581629 | G10: =IF(A10="","",E10*(F10-D10)^2) -> 0.00013092928 | H10: =IF(OR(A10="",ROW()-5>$E$2-1,F10="",F11=""),"",F11-F10) -> 1.5836808e-05 | I10: =IF(OR(A10="",ROW()-5>$E$2-2,H10="",H11=""),"",H11-H10) -> 4.8059181e-06 | J10: =IF(OR(A10="",ROW()-5>$E$2-3,I10="",I11=""),"",I11-I10) -> -1.5183884e-06 | K10: =IF(OR(J10="",ROW()-5>$E$2-3),"",$B$2*J10^2) -> 2.3055033e-05
A11: =IF(ROW()-5<=$E$2,Inputs!A11,"") -> 25 | B11: =IF(A11="","",Inputs!B11) -> 272371.83 | C11: =IF(A11="","",Inputs!C11) -> 159.02 | D11: =IF(A11="","",Inputs!D11) -> 0.00058383424 | E11: =IF(A11="","",Inputs!F11) -> 272371.83 | F11: 0.0005816531 | G11: =IF(A11="","",E11*(F11-D11)^2) -> 1.2957781e-06 | H11: =IF(OR(A11="",ROW()-5>$E$2-1,F11="",F12=""),"",F12-F11) -> 2.0642726e-05 | I11: =IF(OR(A11="",ROW()-5>$E$2-2,H11="",H12=""),"",H12-H11) -> 3.2875297e-06 | J11: =IF(OR(A11="",ROW()-5>$E$2-3,I11="",I12=""),"",I12-I11) -> -1.5444964e-06 | K11: =IF(OR(J11="",ROW()-5>$E$2-3),"",$B$2*J11^2) -> 2.3854692e-05
A12: =IF(ROW()-5<=$E$2,Inputs!A12,"") -> 26 | B12: =IF(A12="","",Inputs!B12) -> 270495.83 | C12: =IF(A12="","",Inputs!C12) -> 162.02 | D12: =IF(A12="","",Inputs!D12) -> 0.00059897411 | E12: =IF(A12="","",Inputs!F12) -> 270495.83 | F12: 0.00060229582 | G12: =IF(A12="","",E12*(F12-D12)^2) -> 2.9845807e-06 | H12: =IF(OR(A12="",ROW()-5>$E$2-1,F12="",F13=""),"",F13-F12) -> 2.3930255e-05 | I12: =IF(OR(A12="",ROW()-5>$E$2-2,H12="",H13=""),"",H13-H12) -> 1.7430333e-06 | J12: =IF(OR(A12="",ROW()-5>$E$2-3,I12="",I13=""),"",I13-I12) -> -1.615822e-06 | K12: =IF(OR(J12="",ROW()-5>$E$2-3),"",$B$2*J12^2) -> 2.6108808e-05
A13: =IF(ROW()-5<=$E$2,Inputs!A13,"") -> 27 | B13: =IF(A13="","",Inputs!B13) -> 269320.85 | C13: =IF(A13="","",Inputs!C13) -> 163.02 | D13: =IF(A13="","",Inputs!D13) -> 0.00060530033 | E13: =IF(A13="","",Inputs!F13) -> 269320.85 | F13: 0.00062622608 | G13: =IF(A13="","",E13*(F13-D13)^2) -> 0.00011793204 | H13: =IF(OR(A13="",ROW()-5>$E$2-1,F13="",F14=""),"",F14-F13) -> 2.5673289e-05 | I13: =IF(OR(A13="",ROW()-5>$E$2-2,H13="",H14=""),"",H14-H13) -> 1.2721125e-07 | J13: =IF(OR(A13="",ROW()-5>$E$2-3,I13="",I14=""),"",I14-I13) -> -1.1362169e-06 | K13: =IF(OR(J13="",ROW()-5>$E$2-3),"",$B$2*J13^2) -> 1.2909887e-05
A14: =IF(ROW()-5<=$E$2,Inputs!A14,"") -> 28 | B14: =IF(A14="","",Inputs!B14) -> 270279.97 | C14: =IF(A14="","",Inputs!C14) -> 175.02 | D14: =IF(A14="","",Inputs!D14) -> 0.00064755076 | E14: =IF(A14="","",Inputs!F14) -> 270279.97 | F14: 0.00065189937 | G14: =IF(A14="","",E14*(F14-D14)^2) -> 5.1110935e-06 | H14: =IF(OR(A14="",ROW()-5>$E$2-1,F14="",F15=""),"",F15-F14) -> 2.58005e-05 | I14: =IF(OR(A14="",ROW()-5>$E$2-2,H14="",H15=""),"",H15-H14) -> -1.0090056e-06 | J14: =IF(OR(A14="",ROW()-5>$E$2-3,I14="",I15=""),"",I15-I14) -> 4.1869872e-08 | K14: =IF(OR(J14="",ROW()-5>$E$2-3),"",$B$2*J14^2) -> 1.7530861e-08
A15: =IF(ROW()-5<=$E$2,Inputs!A15,"") -> 29 | B15: =IF(A15="","",Inputs!B15) -> 274642.93 | C15: =IF(A15="","",Inputs!C15) -> 200.02 | D15: =IF(A15="","",Inputs!D15) -> 0.00072829109 | E15: =IF(A15="","",Inputs!F15) -> 274642.93 | F15: 0.00067769987 | G15: =IF(A15="","",E15*(F15-D15)^2) -> 0.00070294101 | H15: =IF(OR(A15="",ROW()-5>$E$2-1,F15="",F16=""),"",F16-F15) -> 2.4791494e-05 | I15: =IF(OR(A15="",ROW()-5>$E$2-2,H15="",H16=""),"",H16-H15) -> -9.6713574e-07 | J15: =IF(OR(A15="",ROW()-5>$E$2-3,I15="",I16=""),"",I16-I15) -> 5.4781591e-07 | K15: =IF(OR(J15="",ROW()-5>$E$2-3),"",$B$2*J15^2) -> 3.0010227e-06
A16: =IF(ROW()-5<=$E$2,Inputs!A16,"") -> 30 | B16: =IF(A16="","",Inputs!B16) -> 281389.11 | C16: =IF(A16="","",Inputs!C16) -> 193.02 | D16: =IF(A16="","",Inputs!D16) -> 0.00068595405 | E16: =IF(A16="","",Inputs!F16) -> 281389.11 | F16: 0.00070249136 | G16: =IF(A16="","",E16*(F16-D16)^2) -> 7.6955016e-05 | H16: =IF(OR(A16="",ROW()-5>$E$2-1,F16="",F17=""),"",F17-F16) -> 2.3824359e-05 | I16: =IF(OR(A16="",ROW()-5>$E$2-2,H16="",H17=""),"",H17-H16) -> -4.1931983e-07 | J16: =IF(OR(A16="",ROW()-5>$E$2-3,I16="",I17=""),"",I17-I16) -> 8.6022922e-07 | K16: =IF(OR(J16="",ROW()-5>$E$2-3),"",$B$2*J16^2) -> 7.3999432e-06
A17: =IF(ROW()-5<=$E$2,Inputs!A17,"") -> 31 | B17: =IF(A17="","",Inputs!B17) -> 289432.24 | C17: =IF(A17="","",Inputs!C17) -> 203.02 | D17: =IF(A17="","",Inputs!D17) -> 0.00070144224 | E17: =IF(A17="","",Inputs!F17) -> 289432.24 | F17: 0.00072631572 | G17: =IF(A17="","",E17*(F17-D17)^2) -> 0.00017906875 | H17: =IF(OR(A17="",ROW()-5>$E$2-1,F17="",F18=""),"",F18-F17) -> 2.3405039e-05 | I17: =IF(OR(A17="",ROW()-5>$E$2-2,H17="",H18=""),"",H18-H17) -> 4.409094e-07 | J17: =IF(OR(A17="",ROW()-5>$E$2-3,I17="",I18=""),"",I18-I17) -> 1.7152405e-06 | K17: =IF(OR(J17="",ROW()-5>$E$2-3),"",$B$2*J17^2) -> 2.9420499e-05
A18: =IF(ROW()-5<=$E$2,Inputs!A18,"") -> 32 | B18: =IF(A18="","",Inputs!B18) -> 300471.11 | C18: =IF(A18="","",Inputs!C18) -> 234.02 | D18: =IF(A18="","",Inputs!D18) -> 0.0007788436 | E18: =IF(A18="","",Inputs!F18) -> 300471.11 | F18: 0.00074972076 | G18: =IF(A18="","",E18*(F18-D18)^2) -> 0.0002548415 | H18: =IF(OR(A18="",ROW()-5>$E$2-1,F18="",F19=""),"",F19-F18) -> 2.3845948e-05 | I18: =IF(OR(A18="",ROW()-5>$E$2-2,H18="",H19=""),"",H19-H18) -> 2.1561499e-06 | J18: =IF(OR(A18="",ROW()-5>$E$2-3,I18="",I19=""),"",I19-I18) -> 2.2582472e-06 | K18: =IF(OR(J18="",ROW()-5>$E$2-3),"",$B$2*J18^2) -> 5.0996805e-05
A19: =IF(ROW()-5<=$E$2,Inputs!A19,"") -> 33 | B19: =IF(A19="","",Inputs!B19) -> 311000.42 | C19: =IF(A19="","",Inputs!C19) -> 239.03 | D19: =IF(A19="","",Inputs!D19) -> 0.00076858417 | E19: =IF(A19="","",Inputs!F19) -> 311000.42 | F19: 0.00077356671 | G19: =IF(A19="","",E19*(F19-D19)^2) -> 7.7207868e-06 | H19: =IF(OR(A19="",ROW()-5>$E$2-1,F19="",F20=""),"",F20-F19) -> 2.6002098e-05 | I19: =IF(OR(A19="",ROW()-5>$E$2-2,H19="",H20=""),"",H20-H19) -> 4.4143971e-06 | J19: =IF(OR(A19="",ROW()-5>$E$2-3,I19="",I20=""),"",I20-I19) -> 2.6599722e-06 | K19: =IF(OR(J19="",ROW()-5>$E$2-3),"",$B$2*J19^2) -> 7.075452e-05
... A45: =IF(ROW()-5<=$E$2,Inputs!A45,"") -> 59 | B45: =IF(A45="","",Inputs!B45) -> 225403.6 | C45: =IF(A45="","",Inputs!C45) -> 1184.14 | D45: =IF(A45="","",Inputs!D45) -> 0.005253421 | E45: =IF(A45="","",Inputs!F45) -> 225403.6 | F45: 0.0052262204 | G45: =IF(A45="","",E45*(F45-D45)^2) -> 0.0001667699 | H45: =IF(OR(A45="",ROW()-5>$E$2-1,F45="",F46=""),"",F46-F45) | I45: =IF(OR(A45="",ROW()-5>$E$2-2,H45="",H46=""),"",H46-H45) | J45: =IF(OR(A45="",ROW()-5>$E$2-3,I45="",I46=""),"",I46-I45) | K45: =IF(OR(J45="",ROW()-5>$E$2-3),"",$B$2*J45^2)
A46: =IF(ROW()-5<=$E$2,Inputs!A46,"") | B46: =IF(A46="","",Inputs!B46) | C46: =IF(A46="","",Inputs!C46) | D46: =IF(A46="","",Inputs!D46) | E46: =IF(A46="","",Inputs!F46) | G46: =IF(A46="","",E46*(F46-D46)^2) | H46: =IF(OR(A46="",ROW()-5>$E$2-1,F46="",F47=""),"",F47-F46) | I46: =IF(OR(A46="",ROW()-5>$E$2-2,H46="",H47=""),"",H47-H46) | J46: =IF(OR(A46="",ROW()-5>$E$2-3,I46="",I47=""),"",I47-I46) | K46: =IF(OR(J46="",ROW()-5>$E$2-3),"",$B$2*J46^2)
A47: =IF(ROW()-5<=$E$2,Inputs!A47,"") | B47: =IF(A47="","",Inputs!B47) | C47: =IF(A47="","",Inputs!C47) | D47: =IF(A47="","",Inputs!D47) | E47: =IF(A47="","",Inputs!F47) | G47: =IF(A47="","",E47*(F47-D47)^2) | H47: =IF(OR(A47="",ROW()-5>$E$2-1,F47="",F48=""),"",F48-F47) | I47: =IF(OR(A47="",ROW()-5>$E$2-2,H47="",H48=""),"",H48-H47) | J47: =IF(OR(A47="",ROW()-5>$E$2-3,I47="",I48=""),"",I48-I47) | K47: =IF(OR(J47="",ROW()-5>$E$2-3),"",$B$2*J47^2)
A48: =IF(ROW()-5<=$E$2,Inputs!A48,"") | B48: =IF(A48="","",Inputs!B48) | C48: =IF(A48="","",Inputs!C48) | D48: =IF(A48="","",Inputs!D48) | E48: =IF(A48="","",Inputs!F48) | G48: =IF(A48="","",E48*(F48-D48)^2) | H48: =IF(OR(A48="",ROW()-5>$E$2-1,F48="",F49=""),"",F49-F48) | I48: =IF(OR(A48="",ROW()-5>$E$2-2,H48="",H49=""),"",H49-H48) | J48: =IF(OR(A48="",ROW()-5>$E$2-3,I48="",I49=""),"",I49-I48) | K48: =IF(OR(J48="",ROW()-5>$E$2-3),"",$B$2*J48^2)
A49: =IF(ROW()-5<=$E$2,Inputs!A49,"") | B49: =IF(A49="","",Inputs!B49) | C49: =IF(A49="","",Inputs!C49) | D49: =IF(A49="","",Inputs!D49) | E49: =IF(A49="","",Inputs!F49) | G49: =IF(A49="","",E49*(F49-D49)^2) | H49: =IF(OR(A49="",ROW()-5>$E$2-1,F49="",F50=""),"",F50-F49) | I49: =IF(OR(A49="",ROW()-5>$E$2-2,H49="",H50=""),"",H50-H49) | J49: =IF(OR(A49="",ROW()-5>$E$2-3,I49="",I50=""),"",I50-I49) | K49: =IF(OR(J49="",ROW()-5>$E$2-3),"",$B$2*J49^2)
A50: =IF(ROW()-5<=$E$2,Inputs!A50,"") | B50: =IF(A50="","",Inputs!B50) | C50: =IF(A50="","",Inputs!C50) | D50: =IF(A50="","",Inputs!D50) | E50: =IF(A50="","",Inputs!F50) | G50: =IF(A50="","",E50*(F50-D50)^2) | H50: =IF(OR(A50="",ROW()-5>$E$2-1,F50="",F51=""),"",F51-F50) | I50: =IF(OR(A50="",ROW()-5>$E$2-2,H50="",H51=""),"",H51-H50) | J50: =IF(OR(A50="",ROW()-5>$E$2-3,I50="",I51=""),"",I51-I50) | K50: =IF(OR(J50="",ROW()-5>$E$2-3),"",$B$2*J50^2)
A51: =IF(ROW()-5<=$E$2,Inputs!A51,"") | B51: =IF(A51="","",Inputs!B51) | C51: =IF(A51="","",Inputs!C51) | D51: =IF(A51="","",Inputs!D51) | E51: =IF(A51="","",Inputs!F51) | G51: =IF(A51="","",E51*(F51-D51)^2) | H51: =IF(OR(A51="",ROW()-5>$E$2-1,F51="",F52=""),"",F52-F51) | I51: =IF(OR(A51="",ROW()-5>$E$2-2,H51="",H52=""),"",H52-H51) | J51: =IF(OR(A51="",ROW()-5>$E$2-3,I51="",I52=""),"",I52-I51) | K51: =IF(OR(J51="",ROW()-5>$E$2-3),"",$B$2*J51^2)
A52: =IF(ROW()-5<=$E$2,Inputs!A52,"") | B52: =IF(A52="","",Inputs!B52) | C52: =IF(A52="","",Inputs!C52) | D52: =IF(A52="","",Inputs!D52) | E52: =IF(A52="","",Inputs!F52) | G52: =IF(A52="","",E52*(F52-D52)^2) | H52: =IF(OR(A52="",ROW()-5>$E$2-1,F52="",F53=""),"",F53-F52) | I52: =IF(OR(A52="",ROW()-5>$E$2-2,H52="",H53=""),"",H53-H52) | J52: =IF(OR(A52="",ROW()-5>$E$2-3,I52="",I53=""),"",I53-I52) | K52: =IF(OR(J52="",ROW()-5>$E$2-3),"",$B$2*J52^2)
A53: =IF(ROW()-5<=$E$2,Inputs!A53,"") | B53: =IF(A53="","",Inputs!B53) | C53: =IF(A53="","",Inputs!C53) | D53: =IF(A53="","",Inputs!D53) | E53: =IF(A53="","",Inputs!F53) | G53: =IF(A53="","",E53*(F53-D53)^2) | H53: =IF(OR(A53="",ROW()-5>$E$2-1,F53="",F54=""),"",F54-F53) | I53: =IF(OR(A53="",ROW()-5>$E$2-2,H53="",H54=""),"",H54-H53) | J53: =IF(OR(A53="",ROW()-5>$E$2-3,I53="",I54=""),"",I54-I53) | K53: =IF(OR(J53="",ROW()-5>$E$2-3),"",$B$2*J53^2)
A54: =IF(ROW()-5<=$E$2,Inputs!A54,"") | B54: =IF(A54="","",Inputs!B54) | C54: =IF(A54="","",Inputs!C54) | D54: =IF(A54="","",Inputs!D54) | E54: =IF(A54="","",Inputs!F54) | G54: =IF(A54="","",E54*(F54-D54)^2) | H54: =IF(OR(A54="",ROW()-5>$E$2-1,F54="",F55=""),"",F55-F54) | I54: =IF(OR(A54="",ROW()-5>$E$2-2,H54="",H55=""),"",H55-H54) | J54: =IF(OR(A54="",ROW()-5>$E$2-3,I54="",I55=""),"",I55-I54) | K54: =IF(OR(J54="",ROW()-5>$E$2-3),"",$B$2*J54^2)
A55: =IF(ROW()-5<=$E$2,Inputs!A55,"") | B55: =IF(A55="","",Inputs!B55) | C55: =IF(A55="","",Inputs!C55) | D55: =IF(A55="","",Inputs!D55) | E55: =IF(A55="","",Inputs!F55) | G55: =IF(A55="","",E55*(F55-D55)^2) | H55: =IF(OR(A55="",ROW()-5>$E$2-1,F55="",F56=""),"",F56-F55) | I55: =IF(OR(A55="",ROW()-5>$E$2-2,H55="",H56=""),"",H56-H55) | J55: =IF(OR(A55="",ROW()-5>$E$2-3,I55="",I56=""),"",I56-I55) | K55: =IF(OR(J55="",ROW()-5>$E$2-3),"",$B$2*J55^2)
A56: =IF(ROW()-5<=$E$2,Inputs!A56,"") | B56: =IF(A56="","",Inputs!B56) | C56: =IF(A56="","",Inputs!C56) | D56: =IF(A56="","",Inputs!D56) | E56: =IF(A56="","",Inputs!F56) | G56: =IF(A56="","",E56*(F56-D56)^2) | H56: =IF(OR(A56="",ROW()-5>$E$2-1,F56="",F57=""),"",F57-F56) | I56: =IF(OR(A56="",ROW()-5>$E$2-2,H56="",H57=""),"",H57-H56) | J56: =IF(OR(A56="",ROW()-5>$E$2-3,I56="",I57=""),"",I57-I56) | K56: =IF(OR(J56="",ROW()-5>$E$2-3),"",$B$2*J56^2)
A57: =IF(ROW()-5<=$E$2,Inputs!A57,"") | B57: =IF(A57="","",Inputs!B57) | C57: =IF(A57="","",Inputs!C57) | D57: =IF(A57="","",Inputs!D57) | E57: =IF(A57="","",Inputs!F57) | G57: =IF(A57="","",E57*(F57-D57)^2) | H57: =IF(OR(A57="",ROW()-5>$E$2-1,F57="",F58=""),"",F58-F57) | I57: =IF(OR(A57="",ROW()-5>$E$2-2,H57="",H58=""),"",H58-H57) | J57: =IF(OR(A57="",ROW()-5>$E$2-3,I57="",I58=""),"",I58-I57) | K57: =IF(OR(J57="",ROW()-5>$E$2-3),"",$B$2*J57^2)
... A85: =IF(ROW()-5<=$E$2,Inputs!A85,"") | B85: =IF(A85="","",Inputs!B85) | C85: =IF(A85="","",Inputs!C85) | D85: =IF(A85="","",Inputs!D85) | E85: =IF(A85="","",Inputs!F85) | G85: =IF(A85="","",E85*(F85-D85)^2) | H85: =IF(OR(A85="",ROW()-5>$E$2-1,F85="",F86=""),"",F86-F85) | I85: =IF(OR(A85="",ROW()-5>$E$2-2,H85="",H86=""),"",H86-H85) | J85: =IF(OR(A85="",ROW()-5>$E$2-3,I85="",I86=""),"",I86-I85) | K85: =IF(OR(J85="",ROW()-5>$E$2-3),"",$B$2*J85^2)
A86: =IF(ROW()-5<=$E$2,Inputs!A86,"") | B86: =IF(A86="","",Inputs!B86) | C86: =IF(A86="","",Inputs!C86) | D86: =IF(A86="","",Inputs!D86) | E86: =IF(A86="","",Inputs!F86) | F86: =IF(A86="","",D86) | G86: =IF(A86="","",E86*(F86-D86)^2) | H86: =IF(OR(A86="",ROW()-5>$E$2-1,F86="",F87=""),"",F87-F86) | I86: =IF(OR(A86="",ROW()-5>$E$2-2,H86="",H87=""),"",H87-H86) | J86: =IF(OR(A86="",ROW()-5>$E$2-3,I86="",I87=""),"",I87-I86) | K86: =IF(OR(J86="",ROW()-5>$E$2-3),"",$B$2*J86^2)
A87: =IF(ROW()-5<=$E$2,Inputs!A87,"") | B87: =IF(A87="","",Inputs!B87) | C87: =IF(A87="","",Inputs!C87) | D87: =IF(A87="","",Inputs!D87) | E87: =IF(A87="","",Inputs!F87) | F87: =IF(A87="","",D87) | G87: =IF(A87="","",E87*(F87-D87)^2) | H87: =IF(OR(A87="",ROW()-5>$E$2-1,F87="",F88=""),"",F88-F87) | I87: =IF(OR(A87="",ROW()-5>$E$2-2,H87="",H88=""),"",H88-H87) | J87: =IF(OR(A87="",ROW()-5>$E$2-3,I87="",I88=""),"",I88-I87) | K87: =IF(OR(J87="",ROW()-5>$E$2-3),"",$B$2*J87^2)
A88: =IF(ROW()-5<=$E$2,Inputs!A88,"") | B88: =IF(A88="","",Inputs!B88) | C88: =IF(A88="","",Inputs!C88) | D88: =IF(A88="","",Inputs!D88) | E88: =IF(A88="","",Inputs!F88) | F88: =IF(A88="","",D88) | G88: =IF(A88="","",E88*(F88-D88)^2) | H88: =IF(OR(A88="",ROW()-5>$E$2-1,F88="",F89=""),"",F89-F88) | I88: =IF(OR(A88="",ROW()-5>$E$2-2,H88="",H89=""),"",H89-H88) | J88: =IF(OR(A88="",ROW()-5>$E$2-3,I88="",I89=""),"",I89-I88) | K88: =IF(OR(J88="",ROW()-5>$E$2-3),"",$B$2*J88^2)
A89: =IF(ROW()-5<=$E$2,Inputs!A89,"") | B89: =IF(A89="","",Inputs!B89) | C89: =IF(A89="","",Inputs!C89) | D89: =IF(A89="","",Inputs!D89) | E89: =IF(A89="","",Inputs!F89) | F89: =IF(A89="","",D89) | G89: =IF(A89="","",E89*(F89-D89)^2) | H89: =IF(OR(A89="",ROW()-5>$E$2-1,F89="",F90=""),"",F90-F89) | I89: =IF(OR(A89="",ROW()-5>$E$2-2,H89="",H90=""),"",H90-H89) | J89: =IF(OR(A89="",ROW()-5>$E$2-3,I89="",I90=""),"",I90-I89) | K89: =IF(OR(J89="",ROW()-5>$E$2-3),"",$B$2*J89^2)
A90: =IF(ROW()-5<=$E$2,Inputs!A90,"") | B90: =IF(A90="","",Inputs!B90) | C90: =IF(A90="","",Inputs!C90) | D90: =IF(A90="","",Inputs!D90) | E90: =IF(A90="","",Inputs!F90) | F90: =IF(A90="","",D90) | G90: =IF(A90="","",E90*(F90-D90)^2) | H90: =IF(OR(A90="",ROW()-5>$E$2-1,F90="",F91=""),"",F91-F90) | I90: =IF(OR(A90="",ROW()-5>$E$2-2,H90="",H91=""),"",H91-H90) | J90: =IF(OR(A90="",ROW()-5>$E$2-3,I90="",I91=""),"",I91-I90) | K90: =IF(OR(J90="",ROW()-5>$E$2-3),"",$B$2*J90^2)
A91: =IF(ROW()-5<=$E$2,Inputs!A91,"") | B91: =IF(A91="","",Inputs!B91) | C91: =IF(A91="","",Inputs!C91) | D91: =IF(A91="","",Inputs!D91) | E91: =IF(A91="","",Inputs!F91) | F91: =IF(A91="","",D91) | G91: =IF(A91="","",E91*(F91-D91)^2) | H91: =IF(OR(A91="",ROW()-5>$E$2-1,F91="",F92=""),"",F92-F91) | I91: =IF(OR(A91="",ROW()-5>$E$2-2,H91="",H92=""),"",H92-H91) | J91: =IF(OR(A91="",ROW()-5>$E$2-3,I91="",I92=""),"",I92-I91) | K91: =IF(OR(J91="",ROW()-5>$E$2-3),"",$B$2*J91^2)
A92: =IF(ROW()-5<=$E$2,Inputs!A92,"") | B92: =IF(A92="","",Inputs!B92) | C92: =IF(A92="","",Inputs!C92) | D92: =IF(A92="","",Inputs!D92) | E92: =IF(A92="","",Inputs!F92) | F92: =IF(A92="","",D92) | G92: =IF(A92="","",E92*(F92-D92)^2) | H92: =IF(OR(A92="",ROW()-5>$E$2-1,F92="",F93=""),"",F93-F92) | I92: =IF(OR(A92="",ROW()-5>$E$2-2,H92="",H93=""),"",H93-H92) | J92: =IF(OR(A92="",ROW()-5>$E$2-3,I92="",I93=""),"",I93-I92) | K92: =IF(OR(J92="",ROW()-5>$E$2-3),"",$B$2*J92^2)
A93: =IF(ROW()-5<=$E$2,Inputs!A93,"") | B93: =IF(A93="","",Inputs!B93) | C93: =IF(A93="","",Inputs!C93) | D93: =IF(A93="","",Inputs!D93) | E93: =IF(A93="","",Inputs!F93) | F93: =IF(A93="","",D93) | G93: =IF(A93="","",E93*(F93-D93)^2) | H93: =IF(OR(A93="",ROW()-5>$E$2-1,F93="",F94=""),"",F94-F93) | I93: =IF(OR(A93="",ROW()-5>$E$2-2,H93="",H94=""),"",H94-H93) | J93: =IF(OR(A93="",ROW()-5>$E$2-3,I93="",I94=""),"",I94-I93) | K93: =IF(OR(J93="",ROW()-5>$E$2-3),"",$B$2*J93^2)
A94: =IF(ROW()-5<=$E$2,Inputs!A94,"") | B94: =IF(A94="","",Inputs!B94) | C94: =IF(A94="","",Inputs!C94) | D94: =IF(A94="","",Inputs!D94) | E94: =IF(A94="","",Inputs!F94) | F94: =IF(A94="","",D94) | G94: =IF(A94="","",E94*(F94-D94)^2) | H94: =IF(OR(A94="",ROW()-5>$E$2-1,F94="",F95=""),"",F95-F94) | I94: =IF(OR(A94="",ROW()-5>$E$2-2,H94="",H95=""),"",H95-H94) | J94: =IF(OR(A94="",ROW()-5>$E$2-3,I94="",I95=""),"",I95-I94) | K94: =IF(OR(J94="",ROW()-5>$E$2-3),"",$B$2*J94^2)
A95: =IF(ROW()-5<=$E$2,Inputs!A95,"") | B95: =IF(A95="","",Inputs!B95) | C95: =IF(A95="","",Inputs!C95) | D95: =IF(A95="","",Inputs!D95) | E95: =IF(A95="","",Inputs!F95) | F95: =IF(A95="","",D95) | G95: =IF(A95="","",E95*(F95-D95)^2) | H95: =IF(OR(A95="",ROW()-5>$E$2-1,F95="",F96=""),"",F96-F95) | I95: =IF(OR(A95="",ROW()-5>$E$2-2,H95="",H96=""),"",H96-H95) | J95: =IF(OR(A95="",ROW()-5>$E$2-3,I95="",I96=""),"",I96-I95) | K95: =IF(OR(J95="",ROW()-5>$E$2-3),"",$B$2*J95^2)
A96: =IF(ROW()-5<=$E$2,Inputs!A96,"") | B96: =IF(A96="","",Inputs!B96) | C96: =IF(A96="","",Inputs!C96) | D96: =IF(A96="","",Inputs!D96) | E96: =IF(A96="","",Inputs!F96) | F96: =IF(A96="","",D96) | G96: =IF(A96="","",E96*(F96-D96)^2) | H96: =IF(OR(A96="",ROW()-5>$E$2-1,F96="",F97=""),"",F97-F96) | I96: =IF(OR(A96="",ROW()-5>$E$2-2,H96="",H97=""),"",H97-H96) | J96: =IF(OR(A96="",ROW()-5>$E$2-3,I96="",I97=""),"",I97-I96) | K96: =IF(OR(J96="",ROW()-5>$E$2-3),"",$B$2*J96^2)
A97: =IF(ROW()-5<=$E$2,Inputs!A97,"") | B97: =IF(A97="","",Inputs!B97) | C97: =IF(A97="","",Inputs!C97) | D97: =IF(A97="","",Inputs!D97) | E97: =IF(A97="","",Inputs!F97) | F97: =IF(A97="","",D97) | G97: =IF(A97="","",E97*(F97-D97)^2) | H97: =IF(OR(A97="",ROW()-5>$E$2-1,F97="",F98=""),"",F98-F97) | I97: =IF(OR(A97="",ROW()-5>$E$2-2,H97="",H98=""),"",H98-H97) | J97: =IF(OR(A97="",ROW()-5>$E$2-3,I97="",I98=""),"",I98-I97) | K97: =IF(OR(J97="",ROW()-5>$E$2-3),"",$B$2*J97^2)
... A125: =IF(ROW()-5<=$E$2,Inputs!A125,"") | B125: =IF(A125="","",Inputs!B125) | C125: =IF(A125="","",Inputs!C125) | D125: =IF(A125="","",Inputs!D125) | E125: =IF(A125="","",Inputs!F125) | F125: =IF(A125="","",D125) | G125: =IF(A125="","",E125*(F125-D125)^2) | H125: =IF(OR(A125="",ROW()-5>$E$2-1,F125="",F126=""),"",F126-F125) | I125: =IF(OR(A125="",ROW()-5>$E$2-2,H125="",H126=""),"",H126-H125) | J125: =IF(OR(A125="",ROW()-5>$E$2-3,I125="",I126=""),"",I126-I125) | K125: =IF(OR(J125="",ROW()-5>$E$2-3),"",$B$2*J125^2)

Sheet WH_Analytical
A1: WH Analytical Solution | L1: WH Analytical Solution
A2: K | B2: =Inputs!B2 -> 10000000 | D2: n | E2: =Inputs!E2 -> 40 | I2: Note | J2: Analytical qdot_x solves (W + K D'D) q = W qhat exactly. WH_Numerical currently shows the trial qdot_x column, not a Solver-optimized result. | L2: K | M2: =Inputs!B2 -> 10000000 | O2: n | P2: =Inputs!E2 -> 40
L4: Active A block (top-left n x n only)
A5: b_i | B5: mdot_i | C5: Residual_i = (A mdot - b)_i | E5: Age | F5: mhat_x | G5: mdot_x (analytical) | J5: mdot_x (numerical) | L5: i\j | M5: 1 | N5: 2 | O5: 3 | P5: 4 | Q5: 5 | R5: 6 | S5: 7 | T5: 8 | U5: 9 | V5: 10 | W5: 11 | X5: 12 | Y5: 13 | Z5: 14 | AA5: 15 | AB5: 16 | AC5: 17 | AD5: 18 | AE5: 19 | AF5: 20 | AG5: 21 | AH5: 22 | AI5: 23 | AJ5: 24 | AK5: 25 | AL5: 26 | AM5: 27 | AN5: 28 | AO5: 29 | AP5: 30 | AQ5: 31 | AR5: 32 | AS5: 33 | AT5: 34 | AU5: 35 | AV5: 36 | AW5: 37 | AX5: 38 | AY5: 39 | AZ5: 40 | BA5: 41 | BB5: 42 | BC5: 43 | BD5: 44 | BE5: 45 | BF5: 46 | BG5: 47 | BH5: 48 | BI5: 49 | BJ5: 50 | BK5: 51 | BL5: 52 | BM5: 53 | BN5: 54 | BO5: 55 | BP5: 56 | BQ5: 57 | BR5: 58 | BS5: 59 | BT5: 60 | BU5: 61 | BV5: 62 | BW5: 63 | BX5: 64 | BY5: 65 | BZ5: 66 | CA5: 67 | CB5: 68 | CC5: 69 | CD5: 70 | CE5: 71 | CF5: 72 | CG5: 73 | CH5: 74 | CI5: 75 | CJ5: 76 | CK5: 77 | CL5: 78 | CM5: 79 | CN5: 80 | CO5: 81 | CP5: 82 | CQ5: 83 | CR5: 84 | CS5: 85 | CT5: 86 | CU5: 87 | CV5: 88 | CW5: 89 | CX5: 90 | CY5: 91 | CZ5: 92 | DA5: 93 | DB5: 94 | DC5: 95 | DD5: 96 | DE5: 97 | DF5: 98 | DG5: 99 | DH5: 100 | DI5: 101 | DJ5: 102 | DK5: 103 | DL5: 104 | DM5: 105 | DN5: 106 | DO5: 107 | DP5: 108 | DQ5: 109 | DR5: 110 | DS5: 111 | DT5: 112 | DU5: 113 | DV5: 114 | DW5: 115 | DX5: 116 | DY5: 117 | DZ5: 118 | EA5: 119 | EB5: 120
A6: =IF(L6<=$P$2,INDEX(WH_Backend!$E$6:$E$125,L6),0) -> 164.01 | B6: {=IF(L6<=$P$2,MMULT(M131:INDEX(M131:EF131,$P$2),$A$6:INDEX($A$6:$A$125,$P$2)),0)} -> 0.00058266542 | C6: =IF(L6<=$P$2,MMULT(M6:INDEX(M6:EF6,$P$2),$B$6:INDEX($B$6:$B$125,$P$2))-A6,0) -> 2.2737368e-13 | E6: =IF(L6<=$P$2,Inputs!A6,"") -> 20 | F6: =IF(L6<=$P$2,Inputs!D6,"") -> 0.00057851372 | G6: =IF(L6<=$P$2,B6,"") -> 0.00058266542 | J6: =IF($L6<=$E$2,WH_Numerical!$F6,"") -> 0.00058293682 | L6: 1 | M6: =IF(AND($L6<=$P$2,1<=$P$2),INDEX(WH_Backend!$DZ$6:$IO$125,$L6,1),0) -> 10283502 | N6: =IF(AND($L6<=$P$2,2<=$P$2),INDEX(WH_Backend!$DZ$6:$IO$125,$L6,2),0) -> -30000000 | O6: =IF(AND($L6<=$P$2,3<=$P$2),INDEX(WH_Backend!$DZ$6:$IO$125,$L6,3),0) -> 30000000 | P6: =IF(AND($L6<=$P$2,4<=$P$2),INDEX(WH_Backend!$DZ$6:$IO$125,$L6,4),0) -> -10000000 | Q6: =IF(AND($L6<=$P$2,5<=$P$2),INDEX(WH_Backend!$DZ$6:$IO$125,$L6,5),0) -> 0 | R6: =IF(AND($L6<=$P$2,6<=$P$2),INDEX(WH_Backend!$DZ$6:$IO$125,$L6,6),0) -> 0 | S6: =IF(AND($L6<=$P$2,7<=$P$2),INDEX(WH_Backend!$DZ$6:$IO$125,$L6,7),0) -> 0 | T6: =IF(AND($L6<=$P$2,8<=$P$2),INDEX(WH_Backend!$DZ$6:$IO$125,$L6,8),0) -> 0 | U6: =IF(AND($L6<=$P$2,9<=$P$2),INDEX(WH_Backend!$DZ$6:$IO$125,$L6,9),0) -> 0 | V6: =IF(AND($L6<=$P$2,10<=$P$2),INDEX(WH_Backend!$DZ$6:$IO$125,$L6,10),0) -> 0 | W6: =IF(AND($L6<=$P$2,11<=$P$2),INDEX(WH_Backend!$DZ$6:$IO$125,$L6,11),0) -> 0 | X6: =IF(AND($L6<=$P$2,12<=$P$2),INDEX(WH_Backend!$DZ$6:$IO$125,$L6,12),0) -> 0 | Y6: =IF(AND($L6<=$P$2,13<=$P$2),INDEX(WH_Backend!$DZ$6:$IO$125,$L6,13),0) -> 0 | Z6: =IF(AND($L6<=$P$2,14<=$P$2),INDEX(WH_Backend!$DZ$6:$IO$125,$L6,14),0) -> 0 | AA6: =IF(AND($L6<=$P$2,15<=$P$2),INDEX(WH_Backend!$DZ$6:$IO$125,$L6,15),0) -> 0 | AB6: =IF(AND($L6<=$P$2,16<=$P$2),INDEX(WH_Backend!$DZ$6:$IO$125,$L6,16),0) -> 0 | AC6: =IF(AND($L6<=$P$2,17<=$P$2),INDEX(WH_Backend!$DZ$6:$IO$125,$L6,17),0) -> 0 | AD6: =IF(AND($L6<=$P$2,18<=$P$2),INDEX(WH_Backend!$DZ$6:$IO$125,$L6,18),0) -> 0 | AE6: =IF(AND($L6<=$P$2,19<=$P$2),INDEX(WH_Backend!$DZ$6:$IO$125,$L6,19),0) -> 0 | AF6: =IF(AND($L6<=$P$2,20<=$P$2),INDEX(WH_Backend!$DZ$6:$IO$125,$L6,20),0) -> 0 | AG6: =IF(AND($L6<=$P$2,21<=$P$2),INDEX(WH_Backend!$DZ$6:$IO$125,$L6,21),0) -> 0 | AH6: =IF(AND($L6<=$P$2,22<=$P$2),INDEX(WH_Backend!$DZ$6:$IO$125,$L6,22),0) -> 0 | AI6: =IF(AND($L6<=$P$2,23<=$P$2),INDEX(WH_Backend!$DZ$6:$IO$125,$L6,23),0) -> 0 | AJ6: =IF(AND($L6<=$P$2,24<=$P$2),INDEX(WH_Backend!$DZ$6:$IO$125,$L6,24),0) -> 0 | AK6: =IF(AND($L6<=$P$2,25<=$P$2),INDEX(WH_Backend!$DZ$6:$IO$125,$L6,25),0) -> 0 | AL6: =IF(AND($L6<=$P$2,26<=$P$2),INDEX(WH_Backend!$DZ$6:$IO$125,$L6,26),0) -> 0 | AM6: =IF(AND($L6<=$P$2,27<=$P$2),INDEX(WH_Backend!$DZ$6:$IO$125,$L6,27),0) -> 0 | AN6: =IF(AND($L6<=$P$2,28<=$P$2),INDEX(WH_Backend!$DZ$6:$IO$125,$L6,28),0) -> 0 | AO6: =IF(AND($L6<=$P$2,29<=$P$2),INDEX(WH_Backend!$DZ$6:$IO$125,$L6,29),0) -> 0 | AP6: =IF(AND($L6<=$P$2,30<=$P$2),INDEX(WH_Backend!$DZ$6:$IO$125,$L6,30),0) -> 0 | AQ6: =IF(AND($L6<=$P$2,31<=$P$2),INDEX(WH_Backend!$DZ$6:$IO$125,$L6,31),0) -> 0 | AR6: =IF(AND($L6<=$P$2,32<=$P$2),INDEX(WH_Backend!$DZ$6:$IO$125,$L6,32),0) -> 0 | AS6: =IF(AND($L6<=$P$2,33<=$P$2),INDEX(WH_Backend!$DZ$6:$IO$125,$L6,33),0) -> 0 | AT6: =IF(AND($L6<=$P$2,34<=$P$2),INDEX(WH_Backend!$DZ$6:$IO$125,$L6,34),0) -> 0 | AU6: =IF(AND($L6<=$P$2,35<=$P$2),INDEX(WH_Backend!$DZ$6:$IO$125,$L6,35),0) -> 0 | AV6: =IF(AND($L6<=$P$2,36<=$P$2),INDEX(WH_Backend!$DZ$6:$IO$125,$L6,36),0) -> 0 | AW6: =IF(AND($L6<=$P$2,37<=$P$2),INDEX(WH_Backend!$DZ$6:$IO$125,$L6,37),0) -> 0 | AX6: =IF(AND($L6<=$P$2,38<=$P$2),INDEX(WH_Backend!$DZ$6:$IO$125,$L6,38),0) -> 0 | AY6: =IF(AND($L6<=$P$2,39<=$P$2),INDEX(WH_Backend!$DZ$6:$IO$125,$L6,39),0) -> 0 | AZ6: =IF(AND($L6<=$P$2,40<=$P$2),INDEX(WH_Backend!$DZ$6:$IO$125,$L6,40),0) -> 0 | BA6: =IF(AND($L6<=$P$2,41<=$P$2),INDEX(WH_Backend!$DZ$6:$IO$125,$L6,41),0) -> 0 | BB6: =IF(AND($L6<=$P$2,42<=$P$2),INDEX(WH_Backend!$DZ$6:$IO$125,$L6,42),0) -> 0 | BC6: =IF(AND($L6<=$P$2,43<=$P$2),INDEX(WH_Backend!$DZ$6:$IO$125,$L6,43),0) -> 0 | BD6: =IF(AND($L6<=$P$2,44<=$P$2),INDEX(WH_Backend!$DZ$6:$IO$125,$L6,44),0) -> 0 | BE6: =IF(AND($L6<=$P$2,45<=$P$2),INDEX(WH_Backend!$DZ$6:$IO$125,$L6,45),0) -> 0 | BF6: =IF(AND($L6<=$P$2,46<=$P$2),INDEX(WH_Backend!$DZ$6:$IO$125,$L6,46),0) -> 0 | BG6: =IF(AND($L6<=$P$2,47<=$P$2),INDEX(WH_Backend!$DZ$6:$IO$125,$L6,47),0) -> 0 | BH6: =IF(AND($L6<=$P$2,48<=$P$2),INDEX(WH_Backend!$DZ$6:$IO$125,$L6,48),0) -> 0 | BI6: =IF(AND($L6<=$P$2,49<=$P$2),INDEX(WH_Backend!$DZ$6:$IO$125,$L6,49),0) -> 0 | BJ6: =IF(AND($L6<=$P$2,50<=$P$2),INDEX(WH_Backend!$DZ$6:$IO$125,$L6,50),0) -> 0 | BK6: =IF(AND($L6<=$P$2,51<=$P$2),INDEX(WH_Backend!$DZ$6:$IO$125,$L6,51),0) -> 0 | BL6: =IF(AND($L6<=$P$2,52<=$P$2),INDEX(WH_Backend!$DZ$6:$IO$125,$L6,52),0) -> 0 | BM6: =IF(AND($L6<=$P$2,53<=$P$2),INDEX(WH_Backend!$DZ$6:$IO$125,$L6,53),0) -> 0 | BN6: =IF(AND($L6<=$P$2,54<=$P$2),INDEX(WH_Backend!$DZ$6:$IO$125,$L6,54),0) -> 0 | BO6: =IF(AND($L6<=$P$2,55<=$P$2),INDEX(WH_Backend!$DZ$6:$IO$125,$L6,55),0) -> 0 | BP6: =IF(AND($L6<=$P$2,56<=$P$2),INDEX(WH_Backend!$DZ$6:$IO$125,$L6,56),0) -> 0 | BQ6: =IF(AND($L6<=$P$2,57<=$P$2),INDEX(WH_Backend!$DZ$6:$IO$125,$L6,57),0) -> 0 | BR6: =IF(AND($L6<=$P$2,58<=$P$2),INDEX(WH_Backend!$DZ$6:$IO$125,$L6,58),0) -> 0 | BS6: =IF(AND($L6<=$P$2,59<=$P$2),INDEX(WH_Backend!$DZ$6:$IO$125,$L6,59),0) -> 0 | BT6: =IF(AND($L6<=$P$2,60<=$P$2),INDEX(WH_Backend!$DZ$6:$IO$125,$L6,60),0) -> 0 | BU6: =IF(AND($L6<=$P$2,61<=$P$2),INDEX(WH_Backend!$DZ$6:$IO$125,$L6,61),0) -> 0 | BV6: =IF(AND($L6<=$P$2,62<=$P$2),INDEX(WH_Backend!$DZ$6:$IO$125,$L6,62),0) -> 0 | BW6: =IF(AND($L6<=$P$2,63<=$P$2),INDEX(WH_Backend!$DZ$6:$IO$125,$L6,63),0) -> 0 | BX6: =IF(AND($L6<=$P$2,64<=$P$2),INDEX(WH_Backend!$DZ$6:$IO$125,$L6,64),0) -> 0 | BY6: =IF(AND($L6<=$P$2,65<=$P$2),INDEX(WH_Backend!$DZ$6:$IO$125,$L6,65),0) -> 0 | BZ6: =IF(AND($L6<=$P$2,66<=$P$2),INDEX(WH_Backend!$DZ$6:$IO$125,$L6,66),0) -> 0 | CA6: =IF(AND($L6<=$P$2,67<=$P$2),INDEX(WH_Backend!$DZ$6:$IO$125,$L6,67),0) -> 0 | CB6: =IF(AND($L6<=$P$2,68<=$P$2),INDEX(WH_Backend!$DZ$6:$IO$125,$L6,68),0) -> 0 | CC6: =IF(AND($L6<=$P$2,69<=$P$2),INDEX(WH_Backend!$DZ$6:$IO$125,$L6,69),0) -> 0 | CD6: =IF(AND($L6<=$P$2,70<=$P$2),INDEX(WH_Backend!$DZ$6:$IO$125,$L6,70),0) -> 0 | CE6: =IF(AND($L6<=$P$2,71<=$P$2),INDEX(WH_Backend!$DZ$6:$IO$125,$L6,71),0) -> 0 | CF6: =IF(AND($L6<=$P$2,72<=$P$2),INDEX(WH_Backend!$DZ$6:$IO$125,$L6,72),0) -> 0 | CG6: =IF(AND($L6<=$P$2,73<=$P$2),INDEX(WH_Backend!$DZ$6:$IO$125,$L6,73),0) -> 0 | CH6: =IF(AND($L6<=$P$2,74<=$P$2),INDEX(WH_Backend!$DZ$6:$IO$125,$L6,74),0) -> 0 | CI6: =IF(AND($L6<=$P$2,75<=$P$2),INDEX(WH_Backend!$DZ$6:$IO$125,$L6,75),0) -> 0 | CJ6: =IF(AND($L6<=$P$2,76<=$P$2),INDEX(WH_Backend!$DZ$6:$IO$125,$L6,76),0) -> 0 | CK6: =IF(AND($L6<=$P$2,77<=$P$2),INDEX(WH_Backend!$DZ$6:$IO$125,$L6,77),0) -> 0 | CL6: =IF(AND($L6<=$P$2,78<=$P$2),INDEX(WH_Backend!$DZ$6:$IO$125,$L6,78),0) -> 0 | CM6: =IF(AND($L6<=$P$2,79<=$P$2),INDEX(WH_Backend!$DZ$6:$IO$125,$L6,79),0) -> 0 | CN6: =IF(AND($L6<=$P$2,80<=$P$2),INDEX(WH_Backend!$DZ$6:$IO$125,$L6,80),0) -> 0 | CO6: =IF(AND($L6<=$P$2,81<=$P$2),INDEX(WH_Backend!$DZ$6:$IO$125,$L6,81),0) -> 0 | CP6: =IF(AND($L6<=$P$2,82<=$P$2),INDEX(WH_Backend!$DZ$6:$IO$125,$L6,82),0) -> 0 | CQ6: =IF(AND($L6<=$P$2,83<=$P$2),INDEX(WH_Backend!$DZ$6:$IO$125,$L6,83),0) -> 0 | CR6: =IF(AND($L6<=$P$2,84<=$P$2),INDEX(WH_Backend!$DZ$6:$IO$125,$L6,84),0) -> 0 | CS6: =IF(AND($L6<=$P$2,85<=$P$2),INDEX(WH_Backend!$DZ$6:$IO$125,$L6,85),0) -> 0 | CT6: =IF(AND($L6<=$P$2,86<=$P$2),INDEX(WH_Backend!$DZ$6:$IO$125,$L6,86),0) -> 0 | CU6: =IF(AND($L6<=$P$2,87<=$P$2),INDEX(WH_Backend!$DZ$6:$IO$125,$L6,87),0) -> 0 | CV6: =IF(AND($L6<=$P$2,88<=$P$2),INDEX(WH_Backend!$DZ$6:$IO$125,$L6,88),0) -> 0 | CW6: =IF(AND($L6<=$P$2,89<=$P$2),INDEX(WH_Backend!$DZ$6:$IO$125,$L6,89),0) -> 0 | CX6: =IF(AND($L6<=$P$2,90<=$P$2),INDEX(WH_Backend!$DZ$6:$IO$125,$L6,90),0) -> 0 | CY6: =IF(AND($L6<=$P$2,91<=$P$2),INDEX(WH_Backend!$DZ$6:$IO$125,$L6,91),0) -> 0 | CZ6: =IF(AND($L6<=$P$2,92<=$P$2),INDEX(WH_Backend!$DZ$6:$IO$125,$L6,92),0) -> 0 | DA6: =IF(AND($L6<=$P$2,93<=$P$2),INDEX(WH_Backend!$DZ$6:$IO$125,$L6,93),0) -> 0 | DB6: =IF(AND($L6<=$P$2,94<=$P$2),INDEX(WH_Backend!$DZ$6:$IO$125,$L6,94),0) -> 0 | DC6: =IF(AND($L6<=$P$2,95<=$P$2),INDEX(WH_Backend!$DZ$6:$IO$125,$L6,95),0) -> 0 | DD6: =IF(AND($L6<=$P$2,96<=$P$2),INDEX(WH_Backend!$DZ$6:$IO$125,$L6,96),0) -> 0 | DE6: =IF(AND($L6<=$P$2,97<=$P$2),INDEX(WH_Backend!$DZ$6:$IO$125,$L6,97),0) -> 0 | DF6: =IF(AND($L6<=$P$2,98<=$P$2),INDEX(WH_Backend!$DZ$6:$IO$125,$L6,98),0) -> 0 | DG6: =IF(AND($L6<=$P$2,99<=$P$2),INDEX(WH_Backend!$DZ$6:$IO$125,$L6,99),0) -> 0 | DH6: =IF(AND($L6<=$P$2,100<=$P$2),INDEX(WH_Backend!$DZ$6:$IO$125,$L6,100),0) -> 0 | DI6: =IF(AND($L6<=$P$2,101<=$P$2),INDEX(WH_Backend!$DZ$6:$IO$125,$L6,101),0) -> 0 | DJ6: =IF(AND($L6<=$P$2,102<=$P$2),INDEX(WH_Backend!$DZ$6:$IO$125,$L6,102),0) -> 0 | DK6: =IF(AND($L6<=$P$2,103<=$P$2),INDEX(WH_Backend!$DZ$6:$IO$125,$L6,103),0) -> 0 | DL6: =IF(AND($L6<=$P$2,104<=$P$2),INDEX(WH_Backend!$DZ$6:$IO$125,$L6,104),0) -> 0 | DM6: =IF(AND($L6<=$P$2,105<=$P$2),INDEX(WH_Backend!$DZ$6:$IO$125,$L6,105),0) -> 0 | DN6: =IF(AND($L6<=$P$2,106<=$P$2),INDEX(WH_Backend!$DZ$6:$IO$125,$L6,106),0) -> 0 | DO6: =IF(AND($L6<=$P$2,107<=$P$2),INDEX(WH_Backend!$DZ$6:$IO$125,$L6,107),0) -> 0 | DP6: =IF(AND($L6<=$P$2,108<=$P$2),INDEX(WH_Backend!$DZ$6:$IO$125,$L6,108),0) -> 0 | DQ6: =IF(AND($L6<=$P$2,109<=$P$2),INDEX(WH_Backend!$DZ$6:$IO$125,$L6,109),0) -> 0 | DR6: =IF(AND($L6<=$P$2,110<=$P$2),INDEX(WH_Backend!$DZ$6:$IO$125,$L6,110),0) -> 0 | DS6: =IF(AND($L6<=$P$2,111<=$P$2),INDEX(WH_Backend!$DZ$6:$IO$125,$L6,111),0) -> 0 | DT6: =IF(AND($L6<=$P$2,112<=$P$2),INDEX(WH_Backend!$DZ$6:$IO$125,$L6,112),0) -> 0 | DU6: =IF(AND($L6<=$P$2,113<=$P$2),INDEX(WH_Backend!$DZ$6:$IO$125,$L6,113),0) -> 0 | DV6: =IF(AND($L6<=$P$2,114<=$P$2),INDEX(WH_Backend!$DZ$6:$IO$125,$L6,114),0) -> 0 | DW6: =IF(AND($L6<=$P$2,115<=$P$2),INDEX(WH_Backend!$DZ$6:$IO$125,$L6,115),0) -> 0 | DX6: =IF(AND($L6<=$P$2,116<=$P$2),INDEX(WH_Backend!$DZ$6:$IO$125,$L6,116),0) -> 0 | DY6: =IF(AND($L6<=$P$2,117<=$P$2),INDEX(WH_Backend!$DZ$6:$IO$125,$L6,117),0) -> 0 | DZ6: =IF(AND($L6<=$P$2,118<=$P$2),INDEX(WH_Backend!$DZ$6:$IO$125,$L6,118),0) -> 0 | EA6: =IF(AND($L6<=$P$2,119<=$P$2),INDEX(WH_Backend!$DZ$6:$IO$125,$L6,119),0) -> 0 | EB6: =IF(AND($L6<=$P$2,120<=$P$2),INDEX(WH_Backend!$DZ$6:$IO$125,$L6,120),0) -> 0
A7: =IF(L7<=$P$2,INDEX(WH_Backend!$E$6:$E$125,L7),0) -> 179.02 | B7: {=IF(L7<=$P$2,MMULT(M132:INDEX(M132:EF132,$P$2),$A$6:INDEX($A$6:$A$125,$P$2)),0)} -> 0.0005644707 | C7: =IF(L7<=$P$2,MMULT(M7:INDEX(M7:EF7,$P$2),$B$6:INDEX($B$6:$B$125,$P$2))-A7,0) -> -4.8316906e-13 | E7: =IF(L7<=$P$2,Inputs!A7,"") -> 21 | F7: =IF(L7<=$P$2,Inputs!D7,"") -> 0.00063174208 | G7: =IF(L7<=$P$2,B7,"") -> 0.0005644707 | J7: =IF($L7<=$E$2,WH_Numerical!$F7,"") -> 0.00056424096 | L7: 2 | M7: =IF(AND($L7<=$P$2,1<=$P$2),INDEX(WH_Backend!$DZ$6:$IO$125,$L7,1),0) -> -30000000 | N7: =IF(AND($L7<=$P$2,2<=$P$2),INDEX(WH_Backend!$DZ$6:$IO$125,$L7,2),0) -> 1.0028338e+08 | O7: =IF(AND($L7<=$P$2,3<=$P$2),INDEX(WH_Backend!$DZ$6:$IO$125,$L7,3),0) -> -120000000 | P7: =IF(AND($L7<=$P$2,4<=$P$2),INDEX(WH_Backend!$DZ$6:$IO$125,$L7,4),0) -> 60000000 | Q7: =IF(AND($L7<=$P$2,5<=$P$2),INDEX(WH_Backend!$DZ$6:$IO$125,$L7,5),0) -> -10000000 | R7: =IF(AND($L7<=$P$2,6<=$P$2),INDEX(WH_Backend!$DZ$6:$IO$125,$L7,6),0) -> 0 | S7: =IF(AND($L7<=$P$2,7<=$P$2),INDEX(WH_Backend!$DZ$6:$IO$125,$L7,7),0) -> 0 | T7: =IF(AND($L7<=$P$2,8<=$P$2),INDEX(WH_Backend!$DZ$6:$IO$125,$L7,8),0) -> 0 | U7: =IF(AND($L7<=$P$2,9<=$P$2),INDEX(WH_Backend!$DZ$6:$IO$125,$L7,9),0) -> 0 | V7: =IF(AND($L7<=$P$2,10<=$P$2),INDEX(WH_Backend!$DZ$6:$IO$125,$L7,10),0) -> 0 | W7: =IF(AND($L7<=$P$2,11<=$P$2),INDEX(WH_Backend!$DZ$6:$IO$125,$L7,11),0) -> 0 | X7: =IF(AND($L7<=$P$2,12<=$P$2),INDEX(WH_Backend!$DZ$6:$IO$125,$L7,12),0) -> 0 | Y7: =IF(AND($L7<=$P$2,13<=$P$2),INDEX(WH_Backend!$DZ$6:$IO$125,$L7,13),0) -> 0 | Z7: =IF(AND($L7<=$P$2,14<=$P$2),INDEX(WH_Backend!$DZ$6:$IO$125,$L7,14),0) -> 0 | AA7: =IF(AND($L7<=$P$2,15<=$P$2),INDEX(WH_Backend!$DZ$6:$IO$125,$L7,15),0) -> 0 | AB7: =IF(AND($L7<=$P$2,16<=$P$2),INDEX(WH_Backend!$DZ$6:$IO$125,$L7,16),0) -> 0 | AC7: =IF(AND($L7<=$P$2,17<=$P$2),INDEX(WH_Backend!$DZ$6:$IO$125,$L7,17),0) -> 0 | AD7: =IF(AND($L7<=$P$2,18<=$P$2),INDEX(WH_Backend!$DZ$6:$IO$125,$L7,18),0) -> 0 | AE7: =IF(AND($L7<=$P$2,19<=$P$2),INDEX(WH_Backend!$DZ$6:$IO$125,$L7,19),0) -> 0 | AF7: =IF(AND($L7<=$P$2,20<=$P$2),INDEX(WH_Backend!$DZ$6:$IO$125,$L7,20),0) -> 0 | AG7: =IF(AND($L7<=$P$2,21<=$P$2),INDEX(WH_Backend!$DZ$6:$IO$125,$L7,21),0) -> 0 | AH7: =IF(AND($L7<=$P$2,22<=$P$2),INDEX(WH_Backend!$DZ$6:$IO$125,$L7,22),0) -> 0 | AI7: =IF(AND($L7<=$P$2,23<=$P$2),INDEX(WH_Backend!$DZ$6:$IO$125,$L7,23),0) -> 0 | AJ7: =IF(AND($L7<=$P$2,24<=$P$2),INDEX(WH_Backend!$DZ$6:$IO$125,$L7,24),0) -> 0 | AK7: =IF(AND($L7<=$P$2,25<=$P$2),INDEX(WH_Backend!$DZ$6:$IO$125,$L7,25),0) -> 0 | AL7: =IF(AND($L7<=$P$2,26<=$P$2),INDEX(WH_Backend!$DZ$6:$IO$125,$L7,26),0) -> 0 | AM7: =IF(AND($L7<=$P$2,27<=$P$2),INDEX(WH_Backend!$DZ$6:$IO$125,$L7,27),0) -> 0 | AN7: =IF(AND($L7<=$P$2,28<=$P$2),INDEX(WH_Backend!$DZ$6:$IO$125,$L7,28),0) -> 0 | AO7: =IF(AND($L7<=$P$2,29<=$P$2),INDEX(WH_Backend!$DZ$6:$IO$125,$L7,29),0) -> 0 | AP7: =IF(AND($L7<=$P$2,30<=$P$2),INDEX(WH_Backend!$DZ$6:$IO$125,$L7,30),0) -> 0 | AQ7: =IF(AND($L7<=$P$2,31<=$P$2),INDEX(WH_Backend!$DZ$6:$IO$125,$L7,31),0) -> 0 | AR7: =IF(AND($L7<=$P$2,32<=$P$2),INDEX(WH_Backend!$DZ$6:$IO$125,$L7,32),0) -> 0 | AS7: =IF(AND($L7<=$P$2,33<=$P$2),INDEX(WH_Backend!$DZ$6:$IO$125,$L7,33),0) -> 0 | AT7: =IF(AND($L7<=$P$2,34<=$P$2),INDEX(WH_Backend!$DZ$6:$IO$125,$L7,34),0) -> 0 | AU7: =IF(AND($L7<=$P$2,35<=$P$2),INDEX(WH_Backend!$DZ$6:$IO$125,$L7,35),0) -> 0 | AV7: =IF(AND($L7<=$P$2,36<=$P$2),INDEX(WH_Backend!$DZ$6:$IO$125,$L7,36),0) -> 0 | AW7: =IF(AND($L7<=$P$2,37<=$P$2),INDEX(WH_Backend!$DZ$6:$IO$125,$L7,37),0) -> 0 | AX7: =IF(AND($L7<=$P$2,38<=$P$2),INDEX(WH_Backend!$DZ$6:$IO$125,$L7,38),0) -> 0 | AY7: =IF(AND($L7<=$P$2,39<=$P$2),INDEX(WH_Backend!$DZ$6:$IO$125,$L7,39),0) -> 0 | AZ7: =IF(AND($L7<=$P$2,40<=$P$2),INDEX(WH_Backend!$DZ$6:$IO$125,$L7,40),0) -> 0 | BA7: =IF(AND($L7<=$P$2,41<=$P$2),INDEX(WH_Backend!$DZ$6:$IO$125,$L7,41),0) -> 0 | BB7: =IF(AND($L7<=$P$2,42<=$P$2),INDEX(WH_Backend!$DZ$6:$IO$125,$L7,42),0) -> 0 | BC7: =IF(AND($L7<=$P$2,43<=$P$2),INDEX(WH_Backend!$DZ$6:$IO$125,$L7,43),0) -> 0 | BD7: =IF(AND($L7<=$P$2,44<=$P$2),INDEX(WH_Backend!$DZ$6:$IO$125,$L7,44),0) -> 0 | BE7: =IF(AND($L7<=$P$2,45<=$P$2),INDEX(WH_Backend!$DZ$6:$IO$125,$L7,45),0) -> 0 | BF7: =IF(AND($L7<=$P$2,46<=$P$2),INDEX(WH_Backend!$DZ$6:$IO$125,$L7,46),0) -> 0 | BG7: =IF(AND($L7<=$P$2,47<=$P$2),INDEX(WH_Backend!$DZ$6:$IO$125,$L7,47),0) -> 0 | BH7: =IF(AND($L7<=$P$2,48<=$P$2),INDEX(WH_Backend!$DZ$6:$IO$125,$L7,48),0) -> 0 | BI7: =IF(AND($L7<=$P$2,49<=$P$2),INDEX(WH_Backend!$DZ$6:$IO$125,$L7,49),0) -> 0 | BJ7: =IF(AND($L7<=$P$2,50<=$P$2),INDEX(WH_Backend!$DZ$6:$IO$125,$L7,50),0) -> 0 | BK7: =IF(AND($L7<=$P$2,51<=$P$2),INDEX(WH_Backend!$DZ$6:$IO$125,$L7,51),0) -> 0 | BL7: =IF(AND($L7<=$P$2,52<=$P$2),INDEX(WH_Backend!$DZ$6:$IO$125,$L7,52),0) -> 0 | BM7: =IF(AND($L7<=$P$2,53<=$P$2),INDEX(WH_Backend!$DZ$6:$IO$125,$L7,53),0) -> 0 | BN7: =IF(AND($L7<=$P$2,54<=$P$2),INDEX(WH_Backend!$DZ$6:$IO$125,$L7,54),0) -> 0 | BO7: =IF(AND($L7<=$P$2,55<=$P$2),INDEX(WH_Backend!$DZ$6:$IO$125,$L7,55),0) -> 0 | BP7: =IF(AND($L7<=$P$2,56<=$P$2),INDEX(WH_Backend!$DZ$6:$IO$125,$L7,56),0) -> 0 | BQ7: =IF(AND($L7<=$P$2,57<=$P$2),INDEX(WH_Backend!$DZ$6:$IO$125,$L7,57),0) -> 0 | BR7: =IF(AND($L7<=$P$2,58<=$P$2),INDEX(WH_Backend!$DZ$6:$IO$125,$L7,58),0) -> 0 | BS7: =IF(AND($L7<=$P$2,59<=$P$2),INDEX(WH_Backend!$DZ$6:$IO$125,$L7,59),0) -> 0 | BT7: =IF(AND($L7<=$P$2,60<=$P$2),INDEX(WH_Backend!$DZ$6:$IO$125,$L7,60),0) -> 0 | BU7: =IF(AND($L7<=$P$2,61<=$P$2),INDEX(WH_Backend!$DZ$6:$IO$125,$L7,61),0) -> 0 | BV7: =IF(AND($L7<=$P$2,62<=$P$2),INDEX(WH_Backend!$DZ$6:$IO$125,$L7,62),0) -> 0 | BW7: =IF(AND($L7<=$P$2,63<=$P$2),INDEX(WH_Backend!$DZ$6:$IO$125,$L7,63),0) -> 0 | BX7: =IF(AND($L7<=$P$2,64<=$P$2),INDEX(WH_Backend!$DZ$6:$IO$125,$L7,64),0) -> 0 | BY7: =IF(AND($L7<=$P$2,65<=$P$2),INDEX(WH_Backend!$DZ$6:$IO$125,$L7,65),0) -> 0 | BZ7: =IF(AND($L7<=$P$2,66<=$P$2),INDEX(WH_Backend!$DZ$6:$IO$125,$L7,66),0) -> 0 | CA7: =IF(AND($L7<=$P$2,67<=$P$2),INDEX(WH_Backend!$DZ$6:$IO$125,$L7,67),0) -> 0 | CB7: =IF(AND($L7<=$P$2,68<=$P$2),INDEX(WH_Backend!$DZ$6:$IO$125,$L7,68),0) -> 0 | CC7: =IF(AND($L7<=$P$2,69<=$P$2),INDEX(WH_Backend!$DZ$6:$IO$125,$L7,69),0) -> 0 | CD7: =IF(AND($L7<=$P$2,70<=$P$2),INDEX(WH_Backend!$DZ$6:$IO$125,$L7,70),0) -> 0 | CE7: =IF(AND($L7<=$P$2,71<=$P$2),INDEX(WH_Backend!$DZ$6:$IO$125,$L7,71),0) -> 0 | CF7: =IF(AND($L7<=$P$2,72<=$P$2),INDEX(WH_Backend!$DZ$6:$IO$125,$L7,72),0) -> 0 | CG7: =IF(AND($L7<=$P$2,73<=$P$2),INDEX(WH_Backend!$DZ$6:$IO$125,$L7,73),0) -> 0 | CH7: =IF(AND($L7<=$P$2,74<=$P$2),INDEX(WH_Backend!$DZ$6:$IO$125,$L7,74),0) -> 0 | CI7: =IF(AND($L7<=$P$2,75<=$P$2),INDEX(WH_Backend!$DZ$6:$IO$125,$L7,75),0) -> 0 | CJ7: =IF(AND($L7<=$P$2,76<=$P$2),INDEX(WH_Backend!$DZ$6:$IO$125,$L7,76),0) -> 0 | CK7: =IF(AND($L7<=$P$2,77<=$P$2),INDEX(WH_Backend!$DZ$6:$IO$125,$L7,77),0) -> 0 | CL7: =IF(AND($L7<=$P$2,78<=$P$2),INDEX(WH_Backend!$DZ$6:$IO$125,$L7,78),0) -> 0 | CM7: =IF(AND($L7<=$P$2,79<=$P$2),INDEX(WH_Backend!$DZ$6:$IO$125,$L7,79),0) -> 0 | CN7: =IF(AND($L7<=$P$2,80<=$P$2),INDEX(WH_Backend!$DZ$6:$IO$125,$L7,80),0) -> 0 | CO7: =IF(AND($L7<=$P$2,81<=$P$2),INDEX(WH_Backend!$DZ$6:$IO$125,$L7,81),0) -> 0 | CP7: =IF(AND($L7<=$P$2,82<=$P$2),INDEX(WH_Backend!$DZ$6:$IO$125,$L7,82),0) -> 0 | CQ7: =IF(AND($L7<=$P$2,83<=$P$2),INDEX(WH_Backend!$DZ$6:$IO$125,$L7,83),0) -> 0 | CR7: =IF(AND($L7<=$P$2,84<=$P$2),INDEX(WH_Backend!$DZ$6:$IO$125,$L7,84),0) -> 0 | CS7: =IF(AND($L7<=$P$2,85<=$P$2),INDEX(WH_Backend!$DZ$6:$IO$125,$L7,85),0) -> 0 | CT7: =IF(AND($L7<=$P$2,86<=$P$2),INDEX(WH_Backend!$DZ$6:$IO$125,$L7,86),0) -> 0 | CU7: =IF(AND($L7<=$P$2,87<=$P$2),INDEX(WH_Backend!$DZ$6:$IO$125,$L7,87),0) -> 0 | CV7: =IF(AND($L7<=$P$2,88<=$P$2),INDEX(WH_Backend!$DZ$6:$IO$125,$L7,88),0) -> 0 | CW7: =IF(AND($L7<=$P$2,89<=$P$2),INDEX(WH_Backend!$DZ$6:$IO$125,$L7,89),0) -> 0 | CX7: =IF(AND($L7<=$P$2,90<=$P$2),INDEX(WH_Backend!$DZ$6:$IO$125,$L7,90),0) -> 0 | CY7: =IF(AND($L7<=$P$2,91<=$P$2),INDEX(WH_Backend!$DZ$6:$IO$125,$L7,91),0) -> 0 | CZ7: =IF(AND($L7<=$P$2,92<=$P$2),INDEX(WH_Backend!$DZ$6:$IO$125,$L7,92),0) -> 0 | DA7: =IF(AND($L7<=$P$2,93<=$P$2),INDEX(WH_Backend!$DZ$6:$IO$125,$L7,93),0) -> 0 | DB7: =IF(AND($L7<=$P$2,94<=$P$2),INDEX(WH_Backend!$DZ$6:$IO$125,$L7,94),0) -> 0 | DC7: =IF(AND($L7<=$P$2,95<=$P$2),INDEX(WH_Backend!$DZ$6:$IO$125,$L7,95),0) -> 0 | DD7: =IF(AND($L7<=$P$2,96<=$P$2),INDEX(WH_Backend!$DZ$6:$IO$125,$L7,96),0) -> 0 | DE7: =IF(AND($L7<=$P$2,97<=$P$2),INDEX(WH_Backend!$DZ$6:$IO$125,$L7,97),0) -> 0 | DF7: =IF(AND($L7<=$P$2,98<=$P$2),INDEX(WH_Backend!$DZ$6:$IO$125,$L7,98),0) -> 0 | DG7: =IF(AND($L7<=$P$2,99<=$P$2),INDEX(WH_Backend!$DZ$6:$IO$125,$L7,99),0) -> 0 | DH7: =IF(AND($L7<=$P$2,100<=$P$2),INDEX(WH_Backend!$DZ$6:$IO$125,$L7,100),0) -> 0 | DI7: =IF(AND($L7<=$P$2,101<=$P$2),INDEX(WH_Backend!$DZ$6:$IO$125,$L7,101),0) -> 0 | DJ7: =IF(AND($L7<=$P$2,102<=$P$2),INDEX(WH_Backend!$DZ$6:$IO$125,$L7,102),0) -> 0 | DK7: =IF(AND($L7<=$P$2,103<=$P$2),INDEX(WH_Backend!$DZ$6:$IO$125,$L7,103),0) -> 0 | DL7: =IF(AND($L7<=$P$2,104<=$P$2),INDEX(WH_Backend!$DZ$6:$IO$125,$L7,104),0) -> 0 | DM7: =IF(AND($L7<=$P$2,105<=$P$2),INDEX(WH_Backend!$DZ$6:$IO$125,$L7,105),0) -> 0 | DN7: =IF(AND($L7<=$P$2,106<=$P$2),INDEX(WH_Backend!$DZ$6:$IO$125,$L7,106),0) -> 0 | DO7: =IF(AND($L7<=$P$2,107<=$P$2),INDEX(WH_Backend!$DZ$6:$IO$125,$L7,107),0) -> 0 | DP7: =IF(AND($L7<=$P$2,108<=$P$2),INDEX(WH_Backend!$DZ$6:$IO$125,$L7,108),0) -> 0 | DQ7: =IF(AND($L7<=$P$2,109<=$P$2),INDEX(WH_Backend!$DZ$6:$IO$125,$L7,109),0) -> 0 | DR7: =IF(AND($L7<=$P$2,110<=$P$2),INDEX(WH_Backend!$DZ$6:$IO$125,$L7,110),0) -> 0 | DS7: =IF(AND($L7<=$P$2,111<=$P$2),INDEX(WH_Backend!$DZ$6:$IO$125,$L7,111),0) -> 0 | DT7: =IF(AND($L7<=$P$2,112<=$P$2),INDEX(WH_Backend!$DZ$6:$IO$125,$L7,112),0) -> 0 | DU7: =IF(AND($L7<=$P$2,113<=$P$2),INDEX(WH_Backend!$DZ$6:$IO$125,$L7,113),0) -> 0 | DV7: =IF(AND($L7<=$P$2,114<=$P$2),INDEX(WH_Backend!$DZ$6:$IO$125,$L7,114),0) -> 0 | DW7: =IF(AND($L7<=$P$2,115<=$P$2),INDEX(WH_Backend!$DZ$6:$IO$125,$L7,115),0) -> 0 | DX7: =IF(AND($L7<=$P$2,116<=$P$2),INDEX(WH_Backend!$DZ$6:$IO$125,$L7,116),0) -> 0 | DY7: =IF(AND($L7<=$P$2,117<=$P$2),INDEX(WH_Backend!$DZ$6:$IO$125,$L7,117),0) -> 0 | DZ7: =IF(AND($L7<=$P$2,118<=$P$2),INDEX(WH_Backend!$DZ$6:$IO$125,$L7,118),0) -> 0 | EA7: =IF(AND($L7<=$P$2,119<=$P$2),INDEX(WH_Backend!$DZ$6:$IO$125,$L7,119),0) -> 0 | EB7: =IF(AND($L7<=$P$2,120<=$P$2),INDEX(WH_Backend!$DZ$6:$IO$125,$L7,120),0) -> 0
A8: =IF(L8<=$P$2,INDEX(WH_Backend!$E$6:$E$125,L8),0) -> 127 | B8: {=IF(L8<=$P$2,MMULT(M133:INDEX(M133:EF133,$P$2),$A$6:INDEX($A$6:$A$125,$P$2)),0)} -> 0.00055593475 | C8: =IF(L8<=$P$2,MMULT(M8:INDEX(M8:EF8,$P$2),$B$6:INDEX($B$6:$B$125,$P$2))-A8,0) -> 1.6370905e-11 | E8: =IF(L8<=$P$2,Inputs!A8,"") -> 22 | F8: =IF(L8<=$P$2,Inputs!D8,"") -> 0.0004443066 | G8: =IF(L8<=$P$2,B8,"") -> 0.00055593475 | J8: =IF($L8<=$E$2,WH_Numerical!$F8,"") -> 0.00055537371 | L8: 3 | M8: =IF(AND($L8<=$P$2,1<=$P$2),INDEX(WH_Backend!$DZ$6:$IO$125,$L8,1),0) -> 30000000 | N8: =IF(AND($L8<=$P$2,2<=$P$2),INDEX(WH_Backend!$DZ$6:$IO$125,$L8,2),0) -> -120000000 | O8: =IF(AND($L8<=$P$2,3<=$P$2),INDEX(WH_Backend!$DZ$6:$IO$125,$L8,3),0) -> 1.9028584e+08 | P8: =IF(AND($L8<=$P$2,4<=$P$2),INDEX(WH_Backend!$DZ$6:$IO$125,$L8,4),0) -> -150000000 | Q8: =IF(AND($L8<=$P$2,5<=$P$2),INDEX(WH_Backend!$DZ$6:$IO$125,$L8,5),0) -> 60000000 | R8: =IF(AND($L8<=$P$2,6<=$P$2),INDEX(WH_Backend!$DZ$6:$IO$125,$L8,6),0) -> -10000000 | S8: =IF(AND($L8<=$P$2,7<=$P$2),INDEX(WH_Backend!$DZ$6:$IO$125,$L8,7),0) -> 0 | T8: =IF(AND($L8<=$P$2,8<=$P$2),INDEX(WH_Backend!$DZ$6:$IO$125,$L8,8),0) -> 0 | U8: =IF(AND($L8<=$P$2,9<=$P$2),INDEX(WH_Backend!$DZ$6:$IO$125,$L8,9),0) -> 0 | V8: =IF(AND($L8<=$P$2,10<=$P$2),INDEX(WH_Backend!$DZ$6:$IO$125,$L8,10),0) -> 0 | W8: =IF(AND($L8<=$P$2,11<=$P$2),INDEX(WH_Backend!$DZ$6:$IO$125,$L8,11),0) -> 0 | X8: =IF(AND($L8<=$P$2,12<=$P$2),INDEX(WH_Backend!$DZ$6:$IO$125,$L8,12),0) -> 0 | Y8: =IF(AND($L8<=$P$2,13<=$P$2),INDEX(WH_Backend!$DZ$6:$IO$125,$L8,13),0) -> 0 | Z8: =IF(AND($L8<=$P$2,14<=$P$2),INDEX(WH_Backend!$DZ$6:$IO$125,$L8,14),0) -> 0 | AA8: =IF(AND($L8<=$P$2,15<=$P$2),INDEX(WH_Backend!$DZ$6:$IO$125,$L8,15),0) -> 0 | AB8: =IF(AND($L8<=$P$2,16<=$P$2),INDEX(WH_Backend!$DZ$6:$IO$125,$L8,16),0) -> 0 | AC8: =IF(AND($L8<=$P$2,17<=$P$2),INDEX(WH_Backend!$DZ$6:$IO$125,$L8,17),0) -> 0 | AD8: =IF(AND($L8<=$P$2,18<=$P$2),INDEX(WH_Backend!$DZ$6:$IO$125,$L8,18),0) -> 0 | AE8: =IF(AND($L8<=$P$2,19<=$P$2),INDEX(WH_Backend!$DZ$6:$IO$125,$L8,19),0) -> 0 | AF8: =IF(AND($L8<=$P$2,20<=$P$2),INDEX(WH_Backend!$DZ$6:$IO$125,$L8,20),0) -> 0 | AG8: =IF(AND($L8<=$P$2,21<=$P$2),INDEX(WH_Backend!$DZ$6:$IO$125,$L8,21),0) -> 0 | AH8: =IF(AND($L8<=$P$2,22<=$P$2),INDEX(WH_Backend!$DZ$6:$IO$125,$L8,22),0) -> 0 | AI8: =IF(AND($L8<=$P$2,23<=$P$2),INDEX(WH_Backend!$DZ$6:$IO$125,$L8,23),0) -> 0 | AJ8: =IF(AND($L8<=$P$2,24<=$P$2),INDEX(WH_Backend!$DZ$6:$IO$125,$L8,24),0) -> 0 | AK8: =IF(AND($L8<=$P$2,25<=$P$2),INDEX(WH_Backend!$DZ$6:$IO$125,$L8,25),0) -> 0 | AL8: =IF(AND($L8<=$P$2,26<=$P$2),INDEX(WH_Backend!$DZ$6:$IO$125,$L8,26),0) -> 0 | AM8: =IF(AND($L8<=$P$2,27<=$P$2),INDEX(WH_Backend!$DZ$6:$IO$125,$L8,27),0) -> 0 | AN8: =IF(AND($L8<=$P$2,28<=$P$2),INDEX(WH_Backend!$DZ$6:$IO$125,$L8,28),0) -> 0 | AO8: =IF(AND($L8<=$P$2,29<=$P$2),INDEX(WH_Backend!$DZ$6:$IO$125,$L8,29),0) -> 0 | AP8: =IF(AND($L8<=$P$2,30<=$P$2),INDEX(WH_Backend!$DZ$6:$IO$125,$L8,30),0) -> 0 | AQ8: =IF(AND($L8<=$P$2,31<=$P$2),INDEX(WH_Backend!$DZ$6:$IO$125,$L8,31),0) -> 0 | AR8: =IF(AND($L8<=$P$2,32<=$P$2),INDEX(WH_Backend!$DZ$6:$IO$125,$L8,32),0) -> 0 | AS8: =IF(AND($L8<=$P$2,33<=$P$2),INDEX(WH_Backend!$DZ$6:$IO$125,$L8,33),0) -> 0 | AT8: =IF(AND($L8<=$P$2,34<=$P$2),INDEX(WH_Backend!$DZ$6:$IO$125,$L8,34),0) -> 0 | AU8: =IF(AND($L8<=$P$2,35<=$P$2),INDEX(WH_Backend!$DZ$6:$IO$125,$L8,35),0) -> 0 | AV8: =IF(AND($L8<=$P$2,36<=$P$2),INDEX(WH_Backend!$DZ$6:$IO$125,$L8,36),0) -> 0 | AW8: =IF(AND($L8<=$P$2,37<=$P$2),INDEX(WH_Backend!$DZ$6:$IO$125,$L8,37),0) -> 0 | AX8: =IF(AND($L8<=$P$2,38<=$P$2),INDEX(WH_Backend!$DZ$6:$IO$125,$L8,38),0) -> 0 | AY8: =IF(AND($L8<=$P$2,39<=$P$2),INDEX(WH_Backend!$DZ$6:$IO$125,$L8,39),0) -> 0 | AZ8: =IF(AND($L8<=$P$2,40<=$P$2),INDEX(WH_Backend!$DZ$6:$IO$125,$L8,40),0) -> 0 | BA8: =IF(AND($L8<=$P$2,41<=$P$2),INDEX(WH_Backend!$DZ$6:$IO$125,$L8,41),0) -> 0 | BB8: =IF(AND($L8<=$P$2,42<=$P$2),INDEX(WH_Backend!$DZ$6:$IO$125,$L8,42),0) -> 0 | BC8: =IF(AND($L8<=$P$2,43<=$P$2),INDEX(WH_Backend!$DZ$6:$IO$125,$L8,43),0) -> 0 | BD8: =IF(AND($L8<=$P$2,44<=$P$2),INDEX(WH_Backend!$DZ$6:$IO$125,$L8,44),0) -> 0 | BE8: =IF(AND($L8<=$P$2,45<=$P$2),INDEX(WH_Backend!$DZ$6:$IO$125,$L8,45),0) -> 0 | BF8: =IF(AND($L8<=$P$2,46<=$P$2),INDEX(WH_Backend!$DZ$6:$IO$125,$L8,46),0) -> 0 | BG8: =IF(AND($L8<=$P$2,47<=$P$2),INDEX(WH_Backend!$DZ$6:$IO$125,$L8,47),0) -> 0 | BH8: =IF(AND($L8<=$P$2,48<=$P$2),INDEX(WH_Backend!$DZ$6:$IO$125,$L8,48),0) -> 0 | BI8: =IF(AND($L8<=$P$2,49<=$P$2),INDEX(WH_Backend!$DZ$6:$IO$125,$L8,49),0) -> 0 | BJ8: =IF(AND($L8<=$P$2,50<=$P$2),INDEX(WH_Backend!$DZ$6:$IO$125,$L8,50),0) -> 0 | BK8: =IF(AND($L8<=$P$2,51<=$P$2),INDEX(WH_Backend!$DZ$6:$IO$125,$L8,51),0) -> 0 | BL8: =IF(AND($L8<=$P$2,52<=$P$2),INDEX(WH_Backend!$DZ$6:$IO$125,$L8,52),0) -> 0 | BM8: =IF(AND($L8<=$P$2,53<=$P$2),INDEX(WH_Backend!$DZ$6:$IO$125,$L8,53),0) -> 0 | BN8: =IF(AND($L8<=$P$2,54<=$P$2),INDEX(WH_Backend!$DZ$6:$IO$125,$L8,54),0) -> 0 | BO8: =IF(AND($L8<=$P$2,55<=$P$2),INDEX(WH_Backend!$DZ$6:$IO$125,$L8,55),0) -> 0 | BP8: =IF(AND($L8<=$P$2,56<=$P$2),INDEX(WH_Backend!$DZ$6:$IO$125,$L8,56),0) -> 0 | BQ8: =IF(AND($L8<=$P$2,57<=$P$2),INDEX(WH_Backend!$DZ$6:$IO$125,$L8,57),0) -> 0 | BR8: =IF(AND($L8<=$P$2,58<=$P$2),INDEX(WH_Backend!$DZ$6:$IO$125,$L8,58),0) -> 0 | BS8: =IF(AND($L8<=$P$2,59<=$P$2),INDEX(WH_Backend!$DZ$6:$IO$125,$L8,59),0) -> 0 | BT8: =IF(AND($L8<=$P$2,60<=$P$2),INDEX(WH_Backend!$DZ$6:$IO$125,$L8,60),0) -> 0 | BU8: =IF(AND($L8<=$P$2,61<=$P$2),INDEX(WH_Backend!$DZ$6:$IO$125,$L8,61),0) -> 0 | BV8: =IF(AND($L8<=$P$2,62<=$P$2),INDEX(WH_Backend!$DZ$6:$IO$125,$L8,62),0) -> 0 | BW8: =IF(AND($L8<=$P$2,63<=$P$2),INDEX(WH_Backend!$DZ$6:$IO$125,$L8,63),0) -> 0 | BX8: =IF(AND($L8<=$P$2,64<=$P$2),INDEX(WH_Backend!$DZ$6:$IO$125,$L8,64),0) -> 0 | BY8: =IF(AND($L8<=$P$2,65<=$P$2),INDEX(WH_Backend!$DZ$6:$IO$125,$L8,65),0) -> 0 | BZ8: =IF(AND($L8<=$P$2,66<=$P$2),INDEX(WH_Backend!$DZ$6:$IO$125,$L8,66),0) -> 0 | CA8: =IF(AND($L8<=$P$2,67<=$P$2),INDEX(WH_Backend!$DZ$6:$IO$125,$L8,67),0) -> 0 | CB8: =IF(AND($L8<=$P$2,68<=$P$2),INDEX(WH_Backend!$DZ$6:$IO$125,$L8,68),0) -> 0 | CC8: =IF(AND($L8<=$P$2,69<=$P$2),INDEX(WH_Backend!$DZ$6:$IO$125,$L8,69),0) -> 0 | CD8: =IF(AND($L8<=$P$2,70<=$P$2),INDEX(WH_Backend!$DZ$6:$IO$125,$L8,70),0) -> 0 | CE8: =IF(AND($L8<=$P$2,71<=$P$2),INDEX(WH_Backend!$DZ$6:$IO$125,$L8,71),0) -> 0 | CF8: =IF(AND($L8<=$P$2,72<=$P$2),INDEX(WH_Backend!$DZ$6:$IO$125,$L8,72),0) -> 0 | CG8: =IF(AND($L8<=$P$2,73<=$P$2),INDEX(WH_Backend!$DZ$6:$IO$125,$L8,73),0) -> 0 | CH8: =IF(AND($L8<=$P$2,74<=$P$2),INDEX(WH_Backend!$DZ$6:$IO$125,$L8,74),0) -> 0 | CI8: =IF(AND($L8<=$P$2,75<=$P$2),INDEX(WH_Backend!$DZ$6:$IO$125,$L8,75),0) -> 0 | CJ8: =IF(AND($L8<=$P$2,76<=$P$2),INDEX(WH_Backend!$DZ$6:$IO$125,$L8,76),0) -> 0 | CK8: =IF(AND($L8<=$P$2,77<=$P$2),INDEX(WH_Backend!$DZ$6:$IO$125,$L8,77),0) -> 0 | CL8: =IF(AND($L8<=$P$2,78<=$P$2),INDEX(WH_Backend!$DZ$6:$IO$125,$L8,78),0) -> 0 | CM8: =IF(AND($L8<=$P$2,79<=$P$2),INDEX(WH_Backend!$DZ$6:$IO$125,$L8,79),0) -> 0 | CN8: =IF(AND($L8<=$P$2,80<=$P$2),INDEX(WH_Backend!$DZ$6:$IO$125,$L8,80),0) -> 0 | CO8: =IF(AND($L8<=$P$2,81<=$P$2),INDEX(WH_Backend!$DZ$6:$IO$125,$L8,81),0) -> 0 | CP8: =IF(AND($L8<=$P$2,82<=$P$2),INDEX(WH_Backend!$DZ$6:$IO$125,$L8,82),0) -> 0 | CQ8: =IF(AND($L8<=$P$2,83<=$P$2),INDEX(WH_Backend!$DZ$6:$IO$125,$L8,83),0) -> 0 | CR8: =IF(AND($L8<=$P$2,84<=$P$2),INDEX(WH_Backend!$DZ$6:$IO$125,$L8,84),0) -> 0 | CS8: =IF(AND($L8<=$P$2,85<=$P$2),INDEX(WH_Backend!$DZ$6:$IO$125,$L8,85),0) -> 0 | CT8: =IF(AND($L8<=$P$2,86<=$P$2),INDEX(WH_Backend!$DZ$6:$IO$125,$L8,86),0) -> 0 | CU8: =IF(AND($L8<=$P$2,87<=$P$2),INDEX(WH_Backend!$DZ$6:$IO$125,$L8,87),0) -> 0 | CV8: =IF(AND($L8<=$P$2,88<=$P$2),INDEX(WH_Backend!$DZ$6:$IO$125,$L8,88),0) -> 0 | CW8: =IF(AND($L8<=$P$2,89<=$P$2),INDEX(WH_Backend!$DZ$6:$IO$125,$L8,89),0) -> 0 | CX8: =IF(AND($L8<=$P$2,90<=$P$2),INDEX(WH_Backend!$DZ$6:$IO$125,$L8,90),0) -> 0 | CY8: =IF(AND($L8<=$P$2,91<=$P$2),INDEX(WH_Backend!$DZ$6:$IO$125,$L8,91),0) -> 0 | CZ8: =IF(AND($L8<=$P$2,92<=$P$2),INDEX(WH_Backend!$DZ$6:$IO$125,$L8,92),0) -> 0 | DA8: =IF(AND($L8<=$P$2,93<=$P$2),INDEX(WH_Backend!$DZ$6:$IO$125,$L8,93),0) -> 0 | DB8: =IF(AND($L8<=$P$2,94<=$P$2),INDEX(WH_Backend!$DZ$6:$IO$125,$L8,94),0) -> 0 | DC8: =IF(AND($L8<=$P$2,95<=$P$2),INDEX(WH_Backend!$DZ$6:$IO$125,$L8,95),0) -> 0 | DD8: =IF(AND($L8<=$P$2,96<=$P$2),INDEX(WH_Backend!$DZ$6:$IO$125,$L8,96),0) -> 0 | DE8: =IF(AND($L8<=$P$2,97<=$P$2),INDEX(WH_Backend!$DZ$6:$IO$125,$L8,97),0) -> 0 | DF8: =IF(AND($L8<=$P$2,98<=$P$2),INDEX(WH_Backend!$DZ$6:$IO$125,$L8,98),0) -> 0 | DG8: =IF(AND($L8<=$P$2,99<=$P$2),INDEX(WH_Backend!$DZ$6:$IO$125,$L8,99),0) -> 0 | DH8: =IF(AND($L8<=$P$2,100<=$P$2),INDEX(WH_Backend!$DZ$6:$IO$125,$L8,100),0) -> 0 | DI8: =IF(AND($L8<=$P$2,101<=$P$2),INDEX(WH_Backend!$DZ$6:$IO$125,$L8,101),0) -> 0 | DJ8: =IF(AND($L8<=$P$2,102<=$P$2),INDEX(WH_Backend!$DZ$6:$IO$125,$L8,102),0) -> 0 | DK8: =IF(AND($L8<=$P$2,103<=$P$2),INDEX(WH_Backend!$DZ$6:$IO$125,$L8,103),0) -> 0 | DL8: =IF(AND($L8<=$P$2,104<=$P$2),INDEX(WH_Backend!$DZ$6:$IO$125,$L8,104),0) -> 0 | DM8: =IF(AND($L8<=$P$2,105<=$P$2),INDEX(WH_Backend!$DZ$6:$IO$125,$L8,105),0) -> 0 | DN8: =IF(AND($L8<=$P$2,106<=$P$2),INDEX(WH_Backend!$DZ$6:$IO$125,$L8,106),0) -> 0 | DO8: =IF(AND($L8<=$P$2,107<=$P$2),INDEX(WH_Backend!$DZ$6:$IO$125,$L8,107),0) -> 0 | DP8: =IF(AND($L8<=$P$2,108<=$P$2),INDEX(WH_Backend!$DZ$6:$IO$125,$L8,108),0) -> 0 | DQ8: =IF(AND($L8<=$P$2,109<=$P$2),INDEX(WH_Backend!$DZ$6:$IO$125,$L8,109),0) -> 0 | DR8: =IF(AND($L8<=$P$2,110<=$P$2),INDEX(WH_Backend!$DZ$6:$IO$125,$L8,110),0) -> 0 | DS8: =IF(AND($L8<=$P$2,111<=$P$2),INDEX(WH_Backend!$DZ$6:$IO$125,$L8,111),0) -> 0 | DT8: =IF(AND($L8<=$P$2,112<=$P$2),INDEX(WH_Backend!$DZ$6:$IO$125,$L8,112),0) -> 0 | DU8: =IF(AND($L8<=$P$2,113<=$P$2),INDEX(WH_Backend!$DZ$6:$IO$125,$L8,113),0) -> 0 | DV8: =IF(AND($L8<=$P$2,114<=$P$2),INDEX(WH_Backend!$DZ$6:$IO$125,$L8,114),0) -> 0 | DW8: =IF(AND($L8<=$P$2,115<=$P$2),INDEX(WH_Backend!$DZ$6:$IO$125,$L8,115),0) -> 0 | DX8: =IF(AND($L8<=$P$2,116<=$P$2),INDEX(WH_Backend!$DZ$6:$IO$125,$L8,116),0) -> 0 | DY8: =IF(AND($L8<=$P$2,117<=$P$2),INDEX(WH_Backend!$DZ$6:$IO$125,$L8,117),0) -> 0 | DZ8: =IF(AND($L8<=$P$2,118<=$P$2),INDEX(WH_Backend!$DZ$6:$IO$125,$L8,118),0) -> 0 | EA8: =IF(AND($L8<=$P$2,119<=$P$2),INDEX(WH_Backend!$DZ$6:$IO$125,$L8,119),0) -> 0 | EB8: =IF(AND($L8<=$P$2,120<=$P$2),INDEX(WH_Backend!$DZ$6:$IO$125,$L8,120),0) -> 0
A9: =IF(L9<=$P$2,INDEX(WH_Backend!$E$6:$E$125,L9),0) -> 167.02 | B9: {=IF(L9<=$P$2,MMULT(M134:INDEX(M134:EF134,$P$2),$A$6:INDEX($A$6:$A$125,$P$2)),0)} -> 0.00055717529 | C9: =IF(L9<=$P$2,MMULT(M9:INDEX(M9:EF9,$P$2),$B$6:INDEX($B$6:$B$125,$P$2))-A9,0) -> -1.9582558e-11 | E9: =IF(L9<=$P$2,Inputs!A9,"") -> 23 | F9: =IF(L9<=$P$2,Inputs!D9,"") -> 0.00058989986 | G9: =IF(L9<=$P$2,B9,"") -> 0.00055717529 | J9: =IF($L9<=$E$2,WH_Numerical!$F9,"") -> 0.00055643201 | L9: 4 | M9: =IF(AND($L9<=$P$2,1<=$P$2),INDEX(WH_Backend!$DZ$6:$IO$125,$L9,1),0) -> -10000000 | N9: =IF(AND($L9<=$P$2,2<=$P$2),INDEX(WH_Backend!$DZ$6:$IO$125,$L9,2),0) -> 60000000 | O9: =IF(AND($L9<=$P$2,3<=$P$2),INDEX(WH_Backend!$DZ$6:$IO$125,$L9,3),0) -> -150000000 | P9: =IF(AND($L9<=$P$2,4<=$P$2),INDEX(WH_Backend!$DZ$6:$IO$125,$L9,4),0) -> 2.0028313e+08 | Q9: =IF(AND($L9<=$P$2,5<=$P$2),INDEX(WH_Backend!$DZ$6:$IO$125,$L9,5),0) -> -150000000 | R9: =IF(AND($L9<=$P$2,6<=$P$2),INDEX(WH_Backend!$DZ$6:$IO$125,$L9,6),0) -> 60000000 | S9: =IF(AND($L9<=$P$2,7<=$P$2),INDEX(WH_Backend!$DZ$6:$IO$125,$L9,7),0) -> -10000000 | T9: =IF(AND($L9<=$P$2,8<=$P$2),INDEX(WH_Backend!$DZ$6:$IO$125,$L9,8),0) -> 0 | U9: =IF(AND($L9<=$P$2,9<=$P$2),INDEX(WH_Backend!$DZ$6:$IO$125,$L9,9),0) -> 0 | V9: =IF(AND($L9<=$P$2,10<=$P$2),INDEX(WH_Backend!$DZ$6:$IO$125,$L9,10),0) -> 0 | W9: =IF(AND($L9<=$P$2,11<=$P$2),INDEX(WH_Backend!$DZ$6:$IO$125,$L9,11),0) -> 0 | X9: =IF(AND($L9<=$P$2,12<=$P$2),INDEX(WH_Backend!$DZ$6:$IO$125,$L9,12),0) -> 0 | Y9: =IF(AND($L9<=$P$2,13<=$P$2),INDEX(WH_Backend!$DZ$6:$IO$125,$L9,13),0) -> 0 | Z9: =IF(AND($L9<=$P$2,14<=$P$2),INDEX(WH_Backend!$DZ$6:$IO$125,$L9,14),0) -> 0 | AA9: =IF(AND($L9<=$P$2,15<=$P$2),INDEX(WH_Backend!$DZ$6:$IO$125,$L9,15),0) -> 0 | AB9: =IF(AND($L9<=$P$2,16<=$P$2),INDEX(WH_Backend!$DZ$6:$IO$125,$L9,16),0) -> 0 | AC9: =IF(AND($L9<=$P$2,17<=$P$2),INDEX(WH_Backend!$DZ$6:$IO$125,$L9,17),0) -> 0 | AD9: =IF(AND($L9<=$P$2,18<=$P$2),INDEX(WH_Backend!$DZ$6:$IO$125,$L9,18),0) -> 0 | AE9: =IF(AND($L9<=$P$2,19<=$P$2),INDEX(WH_Backend!$DZ$6:$IO$125,$L9,19),0) -> 0 | AF9: =IF(AND($L9<=$P$2,20<=$P$2),INDEX(WH_Backend!$DZ$6:$IO$125,$L9,20),0) -> 0 | AG9: =IF(AND($L9<=$P$2,21<=$P$2),INDEX(WH_Backend!$DZ$6:$IO$125,$L9,21),0) -> 0 | AH9: =IF(AND($L9<=$P$2,22<=$P$2),INDEX(WH_Backend!$DZ$6:$IO$125,$L9,22),0) -> 0 | AI9: =IF(AND($L9<=$P$2,23<=$P$2),INDEX(WH_Backend!$DZ$6:$IO$125,$L9,23),0) -> 0 | AJ9: =IF(AND($L9<=$P$2,24<=$P$2),INDEX(WH_Backend!$DZ$6:$IO$125,$L9,24),0) -> 0 | AK9: =IF(AND($L9<=$P$2,25<=$P$2),INDEX(WH_Backend!$DZ$6:$IO$125,$L9,25),0) -> 0 | AL9: =IF(AND($L9<=$P$2,26<=$P$2),INDEX(WH_Backend!$DZ$6:$IO$125,$L9,26),0) -> 0 | AM9: =IF(AND($L9<=$P$2,27<=$P$2),INDEX(WH_Backend!$DZ$6:$IO$125,$L9,27),0) -> 0 | AN9: =IF(AND($L9<=$P$2,28<=$P$2),INDEX(WH_Backend!$DZ$6:$IO$125,$L9,28),0) -> 0 | AO9: =IF(AND($L9<=$P$2,29<=$P$2),INDEX(WH_Backend!$DZ$6:$IO$125,$L9,29),0) -> 0 | AP9: =IF(AND($L9<=$P$2,30<=$P$2),INDEX(WH_Backend!$DZ$6:$IO$125,$L9,30),0) -> 0 | AQ9: =IF(AND($L9<=$P$2,31<=$P$2),INDEX(WH_Backend!$DZ$6:$IO$125,$L9,31),0) -> 0 | AR9: =IF(AND($L9<=$P$2,32<=$P$2),INDEX(WH_Backend!$DZ$6:$IO$125,$L9,32),0) -> 0 | AS9: =IF(AND($L9<=$P$2,33<=$P$2),INDEX(WH_Backend!$DZ$6:$IO$125,$L9,33),0) -> 0 | AT9: =IF(AND($L9<=$P$2,34<=$P$2),INDEX(WH_Backend!$DZ$6:$IO$125,$L9,34),0) -> 0 | AU9: =IF(AND($L9<=$P$2,35<=$P$2),INDEX(WH_Backend!$DZ$6:$IO$125,$L9,35),0) -> 0 | AV9: =IF(AND($L9<=$P$2,36<=$P$2),INDEX(WH_Backend!$DZ$6:$IO$125,$L9,36),0) -> 0 | AW9: =IF(AND($L9<=$P$2,37<=$P$2),INDEX(WH_Backend!$DZ$6:$IO$125,$L9,37),0) -> 0 | AX9: =IF(AND($L9<=$P$2,38<=$P$2),INDEX(WH_Backend!$DZ$6:$IO$125,$L9,38),0) -> 0 | AY9: =IF(AND($L9<=$P$2,39<=$P$2),INDEX(WH_Backend!$DZ$6:$IO$125,$L9,39),0) -> 0 | AZ9: =IF(AND($L9<=$P$2,40<=$P$2),INDEX(WH_Backend!$DZ$6:$IO$125,$L9,40),0) -> 0 | BA9: =IF(AND($L9<=$P$2,41<=$P$2),INDEX(WH_Backend!$DZ$6:$IO$125,$L9,41),0) -> 0 | BB9: =IF(AND($L9<=$P$2,42<=$P$2),INDEX(WH_Backend!$DZ$6:$IO$125,$L9,42),0) -> 0 | BC9: =IF(AND($L9<=$P$2,43<=$P$2),INDEX(WH_Backend!$DZ$6:$IO$125,$L9,43),0) -> 0 | BD9: =IF(AND($L9<=$P$2,44<=$P$2),INDEX(WH_Backend!$DZ$6:$IO$125,$L9,44),0) -> 0 | BE9: =IF(AND($L9<=$P$2,45<=$P$2),INDEX(WH_Backend!$DZ$6:$IO$125,$L9,45),0) -> 0 | BF9: =IF(AND($L9<=$P$2,46<=$P$2),INDEX(WH_Backend!$DZ$6:$IO$125,$L9,46),0) -> 0 | BG9: =IF(AND($L9<=$P$2,47<=$P$2),INDEX(WH_Backend!$DZ$6:$IO$125,$L9,47),0) -> 0 | BH9: =IF(AND($L9<=$P$2,48<=$P$2),INDEX(WH_Backend!$DZ$6:$IO$125,$L9,48),0) -> 0 | BI9: =IF(AND($L9<=$P$2,49<=$P$2),INDEX(WH_Backend!$DZ$6:$IO$125,$L9,49),0) -> 0 | BJ9: =IF(AND($L9<=$P$2,50<=$P$2),INDEX(WH_Backend!$DZ$6:$IO$125,$L9,50),0) -> 0 | BK9: =IF(AND($L9<=$P$2,51<=$P$2),INDEX(WH_Backend!$DZ$6:$IO$125,$L9,51),0) -> 0 | BL9: =IF(AND($L9<=$P$2,52<=$P$2),INDEX(WH_Backend!$DZ$6:$IO$125,$L9,52),0) -> 0 | BM9: =IF(AND($L9<=$P$2,53<=$P$2),INDEX(WH_Backend!$DZ$6:$IO$125,$L9,53),0) -> 0 | BN9: =IF(AND($L9<=$P$2,54<=$P$2),INDEX(WH_Backend!$DZ$6:$IO$125,$L9,54),0) -> 0 | BO9: =IF(AND($L9<=$P$2,55<=$P$2),INDEX(WH_Backend!$DZ$6:$IO$125,$L9,55),0) -> 0 | BP9: =IF(AND($L9<=$P$2,56<=$P$2),INDEX(WH_Backend!$DZ$6:$IO$125,$L9,56),0) -> 0 | BQ9: =IF(AND($L9<=$P$2,57<=$P$2),INDEX(WH_Backend!$DZ$6:$IO$125,$L9,57),0) -> 0 | BR9: =IF(AND($L9<=$P$2,58<=$P$2),INDEX(WH_Backend!$DZ$6:$IO$125,$L9,58),0) -> 0 | BS9: =IF(AND($L9<=$P$2,59<=$P$2),INDEX(WH_Backend!$DZ$6:$IO$125,$L9,59),0) -> 0 | BT9: =IF(AND($L9<=$P$2,60<=$P$2),INDEX(WH_Backend!$DZ$6:$IO$125,$L9,60),0) -> 0 | BU9: =IF(AND($L9<=$P$2,61<=$P$2),INDEX(WH_Backend!$DZ$6:$IO$125,$L9,61),0) -> 0 | BV9: =IF(AND($L9<=$P$2,62<=$P$2),INDEX(WH_Backend!$DZ$6:$IO$125,$L9,62),0) -> 0 | BW9: =IF(AND($L9<=$P$2,63<=$P$2),INDEX(WH_Backend!$DZ$6:$IO$125,$L9,63),0) -> 0 | BX9: =IF(AND($L9<=$P$2,64<=$P$2),INDEX(WH_Backend!$DZ$6:$IO$125,$L9,64),0) -> 0 | BY9: =IF(AND($L9<=$P$2,65<=$P$2),INDEX(WH_Backend!$DZ$6:$IO$125,$L9,65),0) -> 0 | BZ9: =IF(AND($L9<=$P$2,66<=$P$2),INDEX(WH_Backend!$DZ$6:$IO$125,$L9,66),0) -> 0 | CA9: =IF(AND($L9<=$P$2,67<=$P$2),INDEX(WH_Backend!$DZ$6:$IO$125,$L9,67),0) -> 0 | CB9: =IF(AND($L9<=$P$2,68<=$P$2),INDEX(WH_Backend!$DZ$6:$IO$125,$L9,68),0) -> 0 | CC9: =IF(AND($L9<=$P$2,69<=$P$2),INDEX(WH_Backend!$DZ$6:$IO$125,$L9,69),0) -> 0 | CD9: =IF(AND($L9<=$P$2,70<=$P$2),INDEX(WH_Backend!$DZ$6:$IO$125,$L9,70),0) -> 0 | CE9: =IF(AND($L9<=$P$2,71<=$P$2),INDEX(WH_Backend!$DZ$6:$IO$125,$L9,71),0) -> 0 | CF9: =IF(AND($L9<=$P$2,72<=$P$2),INDEX(WH_Backend!$DZ$6:$IO$125,$L9,72),0) -> 0 | CG9: =IF(AND($L9<=$P$2,73<=$P$2),INDEX(WH_Backend!$DZ$6:$IO$125,$L9,73),0) -> 0 | CH9: =IF(AND($L9<=$P$2,74<=$P$2),INDEX(WH_Backend!$DZ$6:$IO$125,$L9,74),0) -> 0 | CI9: =IF(AND($L9<=$P$2,75<=$P$2),INDEX(WH_Backend!$DZ$6:$IO$125,$L9,75),0) -> 0 | CJ9: =IF(AND($L9<=$P$2,76<=$P$2),INDEX(WH_Backend!$DZ$6:$IO$125,$L9,76),0) -> 0 | CK9: =IF(AND($L9<=$P$2,77<=$P$2),INDEX(WH_Backend!$DZ$6:$IO$125,$L9,77),0) -> 0 | CL9: =IF(AND($L9<=$P$2,78<=$P$2),INDEX(WH_Backend!$DZ$6:$IO$125,$L9,78),0) -> 0 | CM9: =IF(AND($L9<=$P$2,79<=$P$2),INDEX(WH_Backend!$DZ$6:$IO$125,$L9,79),0) -> 0 | CN9: =IF(AND($L9<=$P$2,80<=$P$2),INDEX(WH_Backend!$DZ$6:$IO$125,$L9,80),0) -> 0 | CO9: =IF(AND($L9<=$P$2,81<=$P$2),INDEX(WH_Backend!$DZ$6:$IO$125,$L9,81),0) -> 0 | CP9: =IF(AND($L9<=$P$2,82<=$P$2),INDEX(WH_Backend!$DZ$6:$IO$125,$L9,82),0) -> 0 | CQ9: =IF(AND($L9<=$P$2,83<=$P$2),INDEX(WH_Backend!$DZ$6:$IO$125,$L9,83),0) -> 0 | CR9: =IF(AND($L9<=$P$2,84<=$P$2),INDEX(WH_Backend!$DZ$6:$IO$125,$L9,84),0) -> 0 | CS9: =IF(AND($L9<=$P$2,85<=$P$2),INDEX(WH_Backend!$DZ$6:$IO$125,$L9,85),0) -> 0 | CT9: =IF(AND($L9<=$P$2,86<=$P$2),INDEX(WH_Backend!$DZ$6:$IO$125,$L9,86),0) -> 0 | CU9: =IF(AND($L9<=$P$2,87<=$P$2),INDEX(WH_Backend!$DZ$6:$IO$125,$L9,87),0) -> 0 | CV9: =IF(AND($L9<=$P$2,88<=$P$2),INDEX(WH_Backend!$DZ$6:$IO$125,$L9,88),0) -> 0 | CW9: =IF(AND($L9<=$P$2,89<=$P$2),INDEX(WH_Backend!$DZ$6:$IO$125,$L9,89),0) -> 0 | CX9: =IF(AND($L9<=$P$2,90<=$P$2),INDEX(WH_Backend!$DZ$6:$IO$125,$L9,90),0) -> 0 | CY9: =IF(AND($L9<=$P$2,91<=$P$2),INDEX(WH_Backend!$DZ$6:$IO$125,$L9,91),0) -> 0 | CZ9: =IF(AND($L9<=$P$2,92<=$P$2),INDEX(WH_Backend!$DZ$6:$IO$125,$L9,92),0) -> 0 | DA9: =IF(AND($L9<=$P$2,93<=$P$2),INDEX(WH_Backend!$DZ$6:$IO$125,$L9,93),0) -> 0 | DB9: =IF(AND($L9<=$P$2,94<=$P$2),INDEX(WH_Backend!$DZ$6:$IO$125,$L9,94),0) -> 0 | DC9: =IF(AND($L9<=$P$2,95<=$P$2),INDEX(WH_Backend!$DZ$6:$IO$125,$L9,95),0) -> 0 | DD9: =IF(AND($L9<=$P$2,96<=$P$2),INDEX(WH_Backend!$DZ$6:$IO$125,$L9,96),0) -> 0 | DE9: =IF(AND($L9<=$P$2,97<=$P$2),INDEX(WH_Backend!$DZ$6:$IO$125,$L9,97),0) -> 0 | DF9: =IF(AND($L9<=$P$2,98<=$P$2),INDEX(WH_Backend!$DZ$6:$IO$125,$L9,98),0) -> 0 | DG9: =IF(AND($L9<=$P$2,99<=$P$2),INDEX(WH_Backend!$DZ$6:$IO$125,$L9,99),0) -> 0 | DH9: =IF(AND($L9<=$P$2,100<=$P$2),INDEX(WH_Backend!$DZ$6:$IO$125,$L9,100),0) -> 0 | DI9: =IF(AND($L9<=$P$2,101<=$P$2),INDEX(WH_Backend!$DZ$6:$IO$125,$L9,101),0) -> 0 | DJ9: =IF(AND($L9<=$P$2,102<=$P$2),INDEX(WH_Backend!$DZ$6:$IO$125,$L9,102),0) -> 0 | DK9: =IF(AND($L9<=$P$2,103<=$P$2),INDEX(WH_Backend!$DZ$6:$IO$125,$L9,103),0) -> 0 | DL9: =IF(AND($L9<=$P$2,104<=$P$2),INDEX(WH_Backend!$DZ$6:$IO$125,$L9,104),0) -> 0 | DM9: =IF(AND($L9<=$P$2,105<=$P$2),INDEX(WH_Backend!$DZ$6:$IO$125,$L9,105),0) -> 0 | DN9: =IF(AND($L9<=$P$2,106<=$P$2),INDEX(WH_Backend!$DZ$6:$IO$125,$L9,106),0) -> 0 | DO9: =IF(AND($L9<=$P$2,107<=$P$2),INDEX(WH_Backend!$DZ$6:$IO$125,$L9,107),0) -> 0 | DP9: =IF(AND($L9<=$P$2,108<=$P$2),INDEX(WH_Backend!$DZ$6:$IO$125,$L9,108),0) -> 0 | DQ9: =IF(AND($L9<=$P$2,109<=$P$2),INDEX(WH_Backend!$DZ$6:$IO$125,$L9,109),0) -> 0 | DR9: =IF(AND($L9<=$P$2,110<=$P$2),INDEX(WH_Backend!$DZ$6:$IO$125,$L9,110),0) -> 0 | DS9: =IF(AND($L9<=$P$2,111<=$P$2),INDEX(WH_Backend!$DZ$6:$IO$125,$L9,111),0) -> 0 | DT9: =IF(AND($L9<=$P$2,112<=$P$2),INDEX(WH_Backend!$DZ$6:$IO$125,$L9,112),0) -> 0 | DU9: =IF(AND($L9<=$P$2,113<=$P$2),INDEX(WH_Backend!$DZ$6:$IO$125,$L9,113),0) -> 0 | DV9: =IF(AND($L9<=$P$2,114<=$P$2),INDEX(WH_Backend!$DZ$6:$IO$125,$L9,114),0) -> 0 | DW9: =IF(AND($L9<=$P$2,115<=$P$2),INDEX(WH_Backend!$DZ$6:$IO$125,$L9,115),0) -> 0 | DX9: =IF(AND($L9<=$P$2,116<=$P$2),INDEX(WH_Backend!$DZ$6:$IO$125,$L9,116),0) -> 0 | DY9: =IF(AND($L9<=$P$2,117<=$P$2),INDEX(WH_Backend!$DZ$6:$IO$125,$L9,117),0) -> 0 | DZ9: =IF(AND($L9<=$P$2,118<=$P$2),INDEX(WH_Backend!$DZ$6:$IO$125,$L9,118),0) -> 0 | EA9: =IF(AND($L9<=$P$2,119<=$P$2),INDEX(WH_Backend!$DZ$6:$IO$125,$L9,119),0) -> 0 | EB9: =IF(AND($L9<=$P$2,120<=$P$2),INDEX(WH_Backend!$DZ$6:$IO$125,$L9,120),0) -> 0
A10: =IF(L10<=$P$2,INDEX(WH_Backend!$E$6:$E$125,L10),0) -> 164.02 | B10: {=IF(L10<=$P$2,MMULT(M135:INDEX(M135:EF135,$P$2),$A$6:INDEX($A$6:$A$125,$P$2)),0)} -> 0.0005666391 | C10: =IF(L10<=$P$2,MMULT(M10:INDEX(M10:EF10,$P$2),$B$6:INDEX($B$6:$B$125,$P$2))-A10,0) -> 9.5212727e-12 | E10: =IF(L10<=$P$2,Inputs!A10,"") -> 24 | F10: =IF(L10<=$P$2,Inputs!D10,"") -> 0.00058747155 | G10: =IF(L10<=$P$2,B10,"") -> 0.0005666391 | J10: =IF($L10<=$E$2,WH_Numerical!$F10,"") -> 0.00056581629 | L10: 5 | M10: =IF(AND($L10<=$P$2,1<=$P$2),INDEX(WH_Backend!$DZ$6:$IO$125,$L10,1),0) -> 0 | N10: =IF(AND($L10<=$P$2,2<=$P$2),INDEX(WH_Backend!$DZ$6:$IO$125,$L10,2),0) -> -10000000 | O10: =IF(AND($L10<=$P$2,3<=$P$2),INDEX(WH_Backend!$DZ$6:$IO$125,$L10,3),0) -> 60000000 | P10: =IF(AND($L10<=$P$2,4<=$P$2),INDEX(WH_Backend!$DZ$6:$IO$125,$L10,4),0) -> -150000000 | Q10: =IF(AND($L10<=$P$2,5<=$P$2),INDEX(WH_Backend!$DZ$6:$IO$125,$L10,5),0) -> 2.002792e+08 | R10: =IF(AND($L10<=$P$2,6<=$P$2),INDEX(WH_Backend!$DZ$6:$IO$125,$L10,6),0) -> -150000000 | S10: =IF(AND($L10<=$P$2,7<=$P$2),INDEX(WH_Backend!$DZ$6:$IO$125,$L10,7),0) -> 60000000 | T10: =IF(AND($L10<=$P$2,8<=$P$2),INDEX(WH_Backend!$DZ$6:$IO$125,$L10,8),0) -> -10000000 | U10: =IF(AND($L10<=$P$2,9<=$P$2),INDEX(WH_Backend!$DZ$6:$IO$125,$L10,9),0) -> 0 | V10: =IF(AND($L10<=$P$2,10<=$P$2),INDEX(WH_Backend!$DZ$6:$IO$125,$L10,10),0) -> 0 | W10: =IF(AND($L10<=$P$2,11<=$P$2),INDEX(WH_Backend!$DZ$6:$IO$125,$L10,11),0) -> 0 | X10: =IF(AND($L10<=$P$2,12<=$P$2),INDEX(WH_Backend!$DZ$6:$IO$125,$L10,12),0) -> 0 | Y10: =IF(AND($L10<=$P$2,13<=$P$2),INDEX(WH_Backend!$DZ$6:$IO$125,$L10,13),0) -> 0 | Z10: =IF(AND($L10<=$P$2,14<=$P$2),INDEX(WH_Backend!$DZ$6:$IO$125,$L10,14),0) -> 0 | AA10: =IF(AND($L10<=$P$2,15<=$P$2),INDEX(WH_Backend!$DZ$6:$IO$125,$L10,15),0) -> 0 | AB10: =IF(AND($L10<=$P$2,16<=$P$2),INDEX(WH_Backend!$DZ$6:$IO$125,$L10,16),0) -> 0 | AC10: =IF(AND($L10<=$P$2,17<=$P$2),INDEX(WH_Backend!$DZ$6:$IO$125,$L10,17),0) -> 0 | AD10: =IF(AND($L10<=$P$2,18<=$P$2),INDEX(WH_Backend!$DZ$6:$IO$125,$L10,18),0) -> 0 | AE10: =IF(AND($L10<=$P$2,19<=$P$2),INDEX(WH_Backend!$DZ$6:$IO$125,$L10,19),0) -> 0 | AF10: =IF(AND($L10<=$P$2,20<=$P$2),INDEX(WH_Backend!$DZ$6:$IO$125,$L10,20),0) -> 0 | AG10: =IF(AND($L10<=$P$2,21<=$P$2),INDEX(WH_Backend!$DZ$6:$IO$125,$L10,21),0) -> 0 | AH10: =IF(AND($L10<=$P$2,22<=$P$2),INDEX(WH_Backend!$DZ$6:$IO$125,$L10,22),0) -> 0 | AI10: =IF(AND($L10<=$P$2,23<=$P$2),INDEX(WH_Backend!$DZ$6:$IO$125,$L10,23),0) -> 0 | AJ10: =IF(AND($L10<=$P$2,24<=$P$2),INDEX(WH_Backend!$DZ$6:$IO$125,$L10,24),0) -> 0 | AK10: =IF(AND($L10<=$P$2,25<=$P$2),INDEX(WH_Backend!$DZ$6:$IO$125,$L10,25),0) -> 0 | AL10: =IF(AND($L10<=$P$2,26<=$P$2),INDEX(WH_Backend!$DZ$6:$IO$125,$L10,26),0) -> 0 | AM10: =IF(AND($L10<=$P$2,27<=$P$2),INDEX(WH_Backend!$DZ$6:$IO$125,$L10,27),0) -> 0 | AN10: =IF(AND($L10<=$P$2,28<=$P$2),INDEX(WH_Backend!$DZ$6:$IO$125,$L10,28),0) -> 0 | AO10: =IF(AND($L10<=$P$2,29<=$P$2),INDEX(WH_Backend!$DZ$6:$IO$125,$L10,29),0) -> 0 | AP10: =IF(AND($L10<=$P$2,30<=$P$2),INDEX(WH_Backend!$DZ$6:$IO$125,$L10,30),0) -> 0 | AQ10: =IF(AND($L10<=$P$2,31<=$P$2),INDEX(WH_Backend!$DZ$6:$IO$125,$L10,31),0) -> 0 | AR10: =IF(AND($L10<=$P$2,32<=$P$2),INDEX(WH_Backend!$DZ$6:$IO$125,$L10,32),0) -> 0 | AS10: =IF(AND($L10<=$P$2,33<=$P$2),INDEX(WH_Backend!$DZ$6:$IO$125,$L10,33),0) -> 0 | AT10: =IF(AND($L10<=$P$2,34<=$P$2),INDEX(WH_Backend!$DZ$6:$IO$125,$L10,34),0) -> 0 | AU10: =IF(AND($L10<=$P$2,35<=$P$2),INDEX(WH_Backend!$DZ$6:$IO$125,$L10,35),0) -> 0 | AV10: =IF(AND($L10<=$P$2,36<=$P$2),INDEX(WH_Backend!$DZ$6:$IO$125,$L10,36),0) -> 0 | AW10: =IF(AND($L10<=$P$2,37<=$P$2),INDEX(WH_Backend!$DZ$6:$IO$125,$L10,37),0) -> 0 | AX10: =IF(AND($L10<=$P$2,38<=$P$2),INDEX(WH_Backend!$DZ$6:$IO$125,$L10,38),0) -> 0 | AY10: =IF(AND($L10<=$P$2,39<=$P$2),INDEX(WH_Backend!$DZ$6:$IO$125,$L10,39),0) -> 0 | AZ10: =IF(AND($L10<=$P$2,40<=$P$2),INDEX(WH_Backend!$DZ$6:$IO$125,$L10,40),0) -> 0 | BA10: =IF(AND($L10<=$P$2,41<=$P$2),INDEX(WH_Backend!$DZ$6:$IO$125,$L10,41),0) -> 0 | BB10: =IF(AND($L10<=$P$2,42<=$P$2),INDEX(WH_Backend!$DZ$6:$IO$125,$L10,42),0) -> 0 | BC10: =IF(AND($L10<=$P$2,43<=$P$2),INDEX(WH_Backend!$DZ$6:$IO$125,$L10,43),0) -> 0 | BD10: =IF(AND($L10<=$P$2,44<=$P$2),INDEX(WH_Backend!$DZ$6:$IO$125,$L10,44),0) -> 0 | BE10: =IF(AND($L10<=$P$2,45<=$P$2),INDEX(WH_Backend!$DZ$6:$IO$125,$L10,45),0) -> 0 | BF10: =IF(AND($L10<=$P$2,46<=$P$2),INDEX(WH_Backend!$DZ$6:$IO$125,$L10,46),0) -> 0 | BG10: =IF(AND($L10<=$P$2,47<=$P$2),INDEX(WH_Backend!$DZ$6:$IO$125,$L10,47),0) -> 0 | BH10: =IF(AND($L10<=$P$2,48<=$P$2),INDEX(WH_Backend!$DZ$6:$IO$125,$L10,48),0) -> 0 | BI10: =IF(AND($L10<=$P$2,49<=$P$2),INDEX(WH_Backend!$DZ$6:$IO$125,$L10,49),0) -> 0 | BJ10: =IF(AND($L10<=$P$2,50<=$P$2),INDEX(WH_Backend!$DZ$6:$IO$125,$L10,50),0) -> 0 | BK10: =IF(AND($L10<=$P$2,51<=$P$2),INDEX(WH_Backend!$DZ$6:$IO$125,$L10,51),0) -> 0 | BL10: =IF(AND($L10<=$P$2,52<=$P$2),INDEX(WH_Backend!$DZ$6:$IO$125,$L10,52),0) -> 0 | BM10: =IF(AND($L10<=$P$2,53<=$P$2),INDEX(WH_Backend!$DZ$6:$IO$125,$L10,53),0) -> 0 | BN10: =IF(AND($L10<=$P$2,54<=$P$2),INDEX(WH_Backend!$DZ$6:$IO$125,$L10,54),0) -> 0 | BO10: =IF(AND($L10<=$P$2,55<=$P$2),INDEX(WH_Backend!$DZ$6:$IO$125,$L10,55),0) -> 0 | BP10: =IF(AND($L10<=$P$2,56<=$P$2),INDEX(WH_Backend!$DZ$6:$IO$125,$L10,56),0) -> 0 | BQ10: =IF(AND($L10<=$P$2,57<=$P$2),INDEX(WH_Backend!$DZ$6:$IO$125,$L10,57),0) -> 0 | BR10: =IF(AND($L10<=$P$2,58<=$P$2),INDEX(WH_Backend!$DZ$6:$IO$125,$L10,58),0) -> 0 | BS10: =IF(AND($L10<=$P$2,59<=$P$2),INDEX(WH_Backend!$DZ$6:$IO$125,$L10,59),0) -> 0 | BT10: =IF(AND($L10<=$P$2,60<=$P$2),INDEX(WH_Backend!$DZ$6:$IO$125,$L10,60),0) -> 0 | BU10: =IF(AND($L10<=$P$2,61<=$P$2),INDEX(WH_Backend!$DZ$6:$IO$125,$L10,61),0) -> 0 | BV10: =IF(AND($L10<=$P$2,62<=$P$2),INDEX(WH_Backend!$DZ$6:$IO$125,$L10,62),0) -> 0 | BW10: =IF(AND($L10<=$P$2,63<=$P$2),INDEX(WH_Backend!$DZ$6:$IO$125,$L10,63),0) -> 0 | BX10: =IF(AND($L10<=$P$2,64<=$P$2),INDEX(WH_Backend!$DZ$6:$IO$125,$L10,64),0) -> 0 | BY10: =IF(AND($L10<=$P$2,65<=$P$2),INDEX(WH_Backend!$DZ$6:$IO$125,$L10,65),0) -> 0 | BZ10: =IF(AND($L10<=$P$2,66<=$P$2),INDEX(WH_Backend!$DZ$6:$IO$125,$L10,66),0) -> 0 | CA10: =IF(AND($L10<=$P$2,67<=$P$2),INDEX(WH_Backend!$DZ$6:$IO$125,$L10,67),0) -> 0 | CB10: =IF(AND($L10<=$P$2,68<=$P$2),INDEX(WH_Backend!$DZ$6:$IO$125,$L10,68),0) -> 0 | CC10: =IF(AND($L10<=$P$2,69<=$P$2),INDEX(WH_Backend!$DZ$6:$IO$125,$L10,69),0) -> 0 | CD10: =IF(AND($L10<=$P$2,70<=$P$2),INDEX(WH_Backend!$DZ$6:$IO$125,$L10,70),0) -> 0 | CE10: =IF(AND($L10<=$P$2,71<=$P$2),INDEX(WH_Backend!$DZ$6:$IO$125,$L10,71),0) -> 0 | CF10: =IF(AND($L10<=$P$2,72<=$P$2),INDEX(WH_Backend!$DZ$6:$IO$125,$L10,72),0) -> 0 | CG10: =IF(AND($L10<=$P$2,73<=$P$2),INDEX(WH_Backend!$DZ$6:$IO$125,$L10,73),0) -> 0 | CH10: =IF(AND($L10<=$P$2,74<=$P$2),INDEX(WH_Backend!$DZ$6:$IO$125,$L10,74),0) -> 0 | CI10: =IF(AND($L10<=$P$2,75<=$P$2),INDEX(WH_Backend!$DZ$6:$IO$125,$L10,75),0) -> 0 | CJ10: =IF(AND($L10<=$P$2,76<=$P$2),INDEX(WH_Backend!$DZ$6:$IO$125,$L10,76),0) -> 0 | CK10: =IF(AND($L10<=$P$2,77<=$P$2),INDEX(WH_Backend!$DZ$6:$IO$125,$L10,77),0) -> 0 | CL10: =IF(AND($L10<=$P$2,78<=$P$2),INDEX(WH_Backend!$DZ$6:$IO$125,$L10,78),0) -> 0 | CM10: =IF(AND($L10<=$P$2,79<=$P$2),INDEX(WH_Backend!$DZ$6:$IO$125,$L10,79),0) -> 0 | CN10: =IF(AND($L10<=$P$2,80<=$P$2),INDEX(WH_Backend!$DZ$6:$IO$125,$L10,80),0) -> 0 | CO10: =IF(AND($L10<=$P$2,81<=$P$2),INDEX(WH_Backend!$DZ$6:$IO$125,$L10,81),0) -> 0 | CP10: =IF(AND($L10<=$P$2,82<=$P$2),INDEX(WH_Backend!$DZ$6:$IO$125,$L10,82),0) -> 0 | CQ10: =IF(AND($L10<=$P$2,83<=$P$2),INDEX(WH_Backend!$DZ$6:$IO$125,$L10,83),0) -> 0 | CR10: =IF(AND($L10<=$P$2,84<=$P$2),INDEX(WH_Backend!$DZ$6:$IO$125,$L10,84),0) -> 0 | CS10: =IF(AND($L10<=$P$2,85<=$P$2),INDEX(WH_Backend!$DZ$6:$IO$125,$L10,85),0) -> 0 | CT10: =IF(AND($L10<=$P$2,86<=$P$2),INDEX(WH_Backend!$DZ$6:$IO$125,$L10,86),0) -> 0 | CU10: =IF(AND($L10<=$P$2,87<=$P$2),INDEX(WH_Backend!$DZ$6:$IO$125,$L10,87),0) -> 0 | CV10: =IF(AND($L10<=$P$2,88<=$P$2),INDEX(WH_Backend!$DZ$6:$IO$125,$L10,88),0) -> 0 | CW10: =IF(AND($L10<=$P$2,89<=$P$2),INDEX(WH_Backend!$DZ$6:$IO$125,$L10,89),0) -> 0 | CX10: =IF(AND($L10<=$P$2,90<=$P$2),INDEX(WH_Backend!$DZ$6:$IO$125,$L10,90),0) -> 0 | CY10: =IF(AND($L10<=$P$2,91<=$P$2),INDEX(WH_Backend!$DZ$6:$IO$125,$L10,91),0) -> 0 | CZ10: =IF(AND($L10<=$P$2,92<=$P$2),INDEX(WH_Backend!$DZ$6:$IO$125,$L10,92),0) -> 0 | DA10: =IF(AND($L10<=$P$2,93<=$P$2),INDEX(WH_Backend!$DZ$6:$IO$125,$L10,93),0) -> 0 | DB10: =IF(AND($L10<=$P$2,94<=$P$2),INDEX(WH_Backend!$DZ$6:$IO$125,$L10,94),0) -> 0 | DC10: =IF(AND($L10<=$P$2,95<=$P$2),INDEX(WH_Backend!$DZ$6:$IO$125,$L10,95),0) -> 0 | DD10: =IF(AND($L10<=$P$2,96<=$P$2),INDEX(WH_Backend!$DZ$6:$IO$125,$L10,96),0) -> 0 | DE10: =IF(AND($L10<=$P$2,97<=$P$2),INDEX(WH_Backend!$DZ$6:$IO$125,$L10,97),0) -> 0 | DF10: =IF(AND($L10<=$P$2,98<=$P$2),INDEX(WH_Backend!$DZ$6:$IO$125,$L10,98),0) -> 0 | DG10: =IF(AND($L10<=$P$2,99<=$P$2),INDEX(WH_Backend!$DZ$6:$IO$125,$L10,99),0) -> 0 | DH10: =IF(AND($L10<=$P$2,100<=$P$2),INDEX(WH_Backend!$DZ$6:$IO$125,$L10,100),0) -> 0 | DI10: =IF(AND($L10<=$P$2,101<=$P$2),INDEX(WH_Backend!$DZ$6:$IO$125,$L10,101),0) -> 0 | DJ10: =IF(AND($L10<=$P$2,102<=$P$2),INDEX(WH_Backend!$DZ$6:$IO$125,$L10,102),0) -> 0 | DK10: =IF(AND($L10<=$P$2,103<=$P$2),INDEX(WH_Backend!$DZ$6:$IO$125,$L10,103),0) -> 0 | DL10: =IF(AND($L10<=$P$2,104<=$P$2),INDEX(WH_Backend!$DZ$6:$IO$125,$L10,104),0) -> 0 | DM10: =IF(AND($L10<=$P$2,105<=$P$2),INDEX(WH_Backend!$DZ$6:$IO$125,$L10,105),0) -> 0 | DN10: =IF(AND($L10<=$P$2,106<=$P$2),INDEX(WH_Backend!$DZ$6:$IO$125,$L10,106),0) -> 0 | DO10: =IF(AND($L10<=$P$2,107<=$P$2),INDEX(WH_Backend!$DZ$6:$IO$125,$L10,107),0) -> 0 | DP10: =IF(AND($L10<=$P$2,108<=$P$2),INDEX(WH_Backend!$DZ$6:$IO$125,$L10,108),0) -> 0 | DQ10: =IF(AND($L10<=$P$2,109<=$P$2),INDEX(WH_Backend!$DZ$6:$IO$125,$L10,109),0) -> 0 | DR10: =IF(AND($L10<=$P$2,110<=$P$2),INDEX(WH_Backend!$DZ$6:$IO$125,$L10,110),0) -> 0 | DS10: =IF(AND($L10<=$P$2,111<=$P$2),INDEX(WH_Backend!$DZ$6:$IO$125,$L10,111),0) -> 0 | DT10: =IF(AND($L10<=$P$2,112<=$P$2),INDEX(WH_Backend!$DZ$6:$IO$125,$L10,112),0) -> 0 | DU10: =IF(AND($L10<=$P$2,113<=$P$2),INDEX(WH_Backend!$DZ$6:$IO$125,$L10,113),0) -> 0 | DV10: =IF(AND($L10<=$P$2,114<=$P$2),INDEX(WH_Backend!$DZ$6:$IO$125,$L10,114),0) -> 0 | DW10: =IF(AND($L10<=$P$2,115<=$P$2),INDEX(WH_Backend!$DZ$6:$IO$125,$L10,115),0) -> 0 | DX10: =IF(AND($L10<=$P$2,116<=$P$2),INDEX(WH_Backend!$DZ$6:$IO$125,$L10,116),0) -> 0 | DY10: =IF(AND($L10<=$P$2,117<=$P$2),INDEX(WH_Backend!$DZ$6:$IO$125,$L10,117),0) -> 0 | DZ10: =IF(AND($L10<=$P$2,118<=$P$2),INDEX(WH_Backend!$DZ$6:$IO$125,$L10,118),0) -> 0 | EA10: =IF(AND($L10<=$P$2,119<=$P$2),INDEX(WH_Backend!$DZ$6:$IO$125,$L10,119),0) -> 0 | EB10: =IF(AND($L10<=$P$2,120<=$P$2),INDEX(WH_Backend!$DZ$6:$IO$125,$L10,120),0) -> 0
A11: =IF(L11<=$P$2,INDEX(WH_Backend!$E$6:$E$125,L11),0) -> 159.02 | B11: {=IF(L11<=$P$2,MMULT(M136:INDEX(M136:EF136,$P$2),$A$6:INDEX($A$6:$A$125,$P$2)),0)} -> 0.00058250425 | C11: =IF(L11<=$P$2,MMULT(M11:INDEX(M11:EF11,$P$2),$B$6:INDEX($B$6:$B$125,$P$2))-A11,0) -> 7.4095396e-11 | E11: =IF(L11<=$P$2,Inputs!A11,"") -> 25 | F11: =IF(L11<=$P$2,Inputs!D11,"") -> 0.00058383424 | G11: =IF(L11<=$P$2,B11,"") -> 0.00058250425 | J11: =IF($L11<=$E$2,WH_Numerical!$F11,"") -> 0.0005816531 | L11: 6 | M11: =IF(AND($L11<=$P$2,1<=$P$2),INDEX(WH_Backend!$DZ$6:$IO$125,$L11,1),0) -> 0 | N11: =IF(AND($L11<=$P$2,2<=$P$2),INDEX(WH_Backend!$DZ$6:$IO$125,$L11,2),0) -> 0 | O11: =IF(AND($L11<=$P$2,3<=$P$2),INDEX(WH_Backend!$DZ$6:$IO$125,$L11,3),0) -> -10000000 | P11: =IF(AND($L11<=$P$2,4<=$P$2),INDEX(WH_Backend!$DZ$6:$IO$125,$L11,4),0) -> 60000000 | Q11: =IF(AND($L11<=$P$2,5<=$P$2),INDEX(WH_Backend!$DZ$6:$IO$125,$L11,5),0) -> -150000000 | R11: =IF(AND($L11<=$P$2,6<=$P$2),INDEX(WH_Backend!$DZ$6:$IO$125,$L11,6),0) -> 2.0027237e+08 | S11: =IF(AND($L11<=$P$2,7<=$P$2),INDEX(WH_Backend!$DZ$6:$IO$125,$L11,7),0) -> -150000000 | T11: =IF(AND($L11<=$P$2,8<=$P$2),INDEX(WH_Backend!$DZ$6:$IO$125,$L11,8),0) -> 60000000 | U11: =IF(AND($L11<=$P$2,9<=$P$2),INDEX(WH_Backend!$DZ$6:$IO$125,$L11,9),0) -> -10000000 | V11: =IF(AND($L11<=$P$2,10<=$P$2),INDEX(WH_Backend!$DZ$6:$IO$125,$L11,10),0) -> 0 | W11: =IF(AND($L11<=$P$2,11<=$P$2),INDEX(WH_Backend!$DZ$6:$IO$125,$L11,11),0) -> 0 | X11: =IF(AND($L11<=$P$2,12<=$P$2),INDEX(WH_Backend!$DZ$6:$IO$125,$L11,12),0) -> 0 | Y11: =IF(AND($L11<=$P$2,13<=$P$2),INDEX(WH_Backend!$DZ$6:$IO$125,$L11,13),0) -> 0 | Z11: =IF(AND($L11<=$P$2,14<=$P$2),INDEX(WH_Backend!$DZ$6:$IO$125,$L11,14),0) -> 0 | AA11: =IF(AND($L11<=$P$2,15<=$P$2),INDEX(WH_Backend!$DZ$6:$IO$125,$L11,15),0) -> 0 | AB11: =IF(AND($L11<=$P$2,16<=$P$2),INDEX(WH_Backend!$DZ$6:$IO$125,$L11,16),0) -> 0 | AC11: =IF(AND($L11<=$P$2,17<=$P$2),INDEX(WH_Backend!$DZ$6:$IO$125,$L11,17),0) -> 0 | AD11: =IF(AND($L11<=$P$2,18<=$P$2),INDEX(WH_Backend!$DZ$6:$IO$125,$L11,18),0) -> 0 | AE11: =IF(AND($L11<=$P$2,19<=$P$2),INDEX(WH_Backend!$DZ$6:$IO$125,$L11,19),0) -> 0 | AF11: =IF(AND($L11<=$P$2,20<=$P$2),INDEX(WH_Backend!$DZ$6:$IO$125,$L11,20),0) -> 0 | AG11: =IF(AND($L11<=$P$2,21<=$P$2),INDEX(WH_Backend!$DZ$6:$IO$125,$L11,21),0) -> 0 | AH11: =IF(AND($L11<=$P$2,22<=$P$2),INDEX(WH_Backend!$DZ$6:$IO$125,$L11,22),0) -> 0 | AI11: =IF(AND($L11<=$P$2,23<=$P$2),INDEX(WH_Backend!$DZ$6:$IO$125,$L11,23),0) -> 0 | AJ11: =IF(AND($L11<=$P$2,24<=$P$2),INDEX(WH_Backend!$DZ$6:$IO$125,$L11,24),0) -> 0 | AK11: =IF(AND($L11<=$P$2,25<=$P$2),INDEX(WH_Backend!$DZ$6:$IO$125,$L11,25),0) -> 0 | AL11: =IF(AND($L11<=$P$2,26<=$P$2),INDEX(WH_Backend!$DZ$6:$IO$125,$L11,26),0) -> 0 | AM11: =IF(AND($L11<=$P$2,27<=$P$2),INDEX(WH_Backend!$DZ$6:$IO$125,$L11,27),0) -> 0 | AN11: =IF(AND($L11<=$P$2,28<=$P$2),INDEX(WH_Backend!$DZ$6:$IO$125,$L11,28),0) -> 0 | AO11: =IF(AND($L11<=$P$2,29<=$P$2),INDEX(WH_Backend!$DZ$6:$IO$125,$L11,29),0) -> 0 | AP11: =IF(AND($L11<=$P$2,30<=$P$2),INDEX(WH_Backend!$DZ$6:$IO$125,$L11,30),0) -> 0 | AQ11: =IF(AND($L11<=$P$2,31<=$P$2),INDEX(WH_Backend!$DZ$6:$IO$125,$L11,31),0) -> 0 | AR11: =IF(AND($L11<=$P$2,32<=$P$2),INDEX(WH_Backend!$DZ$6:$IO$125,$L11,32),0) -> 0 | AS11: =IF(AND($L11<=$P$2,33<=$P$2),INDEX(WH_Backend!$DZ$6:$IO$125,$L11,33),0) -> 0 | AT11: =IF(AND($L11<=$P$2,34<=$P$2),INDEX(WH_Backend!$DZ$6:$IO$125,$L11,34),0) -> 0 | AU11: =IF(AND($L11<=$P$2,35<=$P$2),INDEX(WH_Backend!$DZ$6:$IO$125,$L11,35),0) -> 0 | AV11: =IF(AND($L11<=$P$2,36<=$P$2),INDEX(WH_Backend!$DZ$6:$IO$125,$L11,36),0) -> 0 | AW11: =IF(AND($L11<=$P$2,37<=$P$2),INDEX(WH_Backend!$DZ$6:$IO$125,$L11,37),0) -> 0 | AX11: =IF(AND($L11<=$P$2,38<=$P$2),INDEX(WH_Backend!$DZ$6:$IO$125,$L11,38),0) -> 0 | AY11: =IF(AND($L11<=$P$2,39<=$P$2),INDEX(WH_Backend!$DZ$6:$IO$125,$L11,39),0) -> 0 | AZ11: =IF(AND($L11<=$P$2,40<=$P$2),INDEX(WH_Backend!$DZ$6:$IO$125,$L11,40),0) -> 0 | BA11: =IF(AND($L11<=$P$2,41<=$P$2),INDEX(WH_Backend!$DZ$6:$IO$125,$L11,41),0) -> 0 | BB11: =IF(AND($L11<=$P$2,42<=$P$2),INDEX(WH_Backend!$DZ$6:$IO$125,$L11,42),0) -> 0 | BC11: =IF(AND($L11<=$P$2,43<=$P$2),INDEX(WH_Backend!$DZ$6:$IO$125,$L11,43),0) -> 0 | BD11: =IF(AND($L11<=$P$2,44<=$P$2),INDEX(WH_Backend!$DZ$6:$IO$125,$L11,44),0) -> 0 | BE11: =IF(AND($L11<=$P$2,45<=$P$2),INDEX(WH_Backend!$DZ$6:$IO$125,$L11,45),0) -> 0 | BF11: =IF(AND($L11<=$P$2,46<=$P$2),INDEX(WH_Backend!$DZ$6:$IO$125,$L11,46),0) -> 0 | BG11: =IF(AND($L11<=$P$2,47<=$P$2),INDEX(WH_Backend!$DZ$6:$IO$125,$L11,47),0) -> 0 | BH11: =IF(AND($L11<=$P$2,48<=$P$2),INDEX(WH_Backend!$DZ$6:$IO$125,$L11,48),0) -> 0 | BI11: =IF(AND($L11<=$P$2,49<=$P$2),INDEX(WH_Backend!$DZ$6:$IO$125,$L11,49),0) -> 0 | BJ11: =IF(AND($L11<=$P$2,50<=$P$2),INDEX(WH_Backend!$DZ$6:$IO$125,$L11,50),0) -> 0 | BK11: =IF(AND($L11<=$P$2,51<=$P$2),INDEX(WH_Backend!$DZ$6:$IO$125,$L11,51),0) -> 0 | BL11: =IF(AND($L11<=$P$2,52<=$P$2),INDEX(WH_Backend!$DZ$6:$IO$125,$L11,52),0) -> 0 | BM11: =IF(AND($L11<=$P$2,53<=$P$2),INDEX(WH_Backend!$DZ$6:$IO$125,$L11,53),0) -> 0 | BN11: =IF(AND($L11<=$P$2,54<=$P$2),INDEX(WH_Backend!$DZ$6:$IO$125,$L11,54),0) -> 0 | BO11: =IF(AND($L11<=$P$2,55<=$P$2),INDEX(WH_Backend!$DZ$6:$IO$125,$L11,55),0) -> 0 | BP11: =IF(AND($L11<=$P$2,56<=$P$2),INDEX(WH_Backend!$DZ$6:$IO$125,$L11,56),0) -> 0 | BQ11: =IF(AND($L11<=$P$2,57<=$P$2),INDEX(WH_Backend!$DZ$6:$IO$125,$L11,57),0) -> 0 | BR11: =IF(AND($L11<=$P$2,58<=$P$2),INDEX(WH_Backend!$DZ$6:$IO$125,$L11,58),0) -> 0 | BS11: =IF(AND($L11<=$P$2,59<=$P$2),INDEX(WH_Backend!$DZ$6:$IO$125,$L11,59),0) -> 0 | BT11: =IF(AND($L11<=$P$2,60<=$P$2),INDEX(WH_Backend!$DZ$6:$IO$125,$L11,60),0) -> 0 | BU11: =IF(AND($L11<=$P$2,61<=$P$2),INDEX(WH_Backend!$DZ$6:$IO$125,$L11,61),0) -> 0 | BV11: =IF(AND($L11<=$P$2,62<=$P$2),INDEX(WH_Backend!$DZ$6:$IO$125,$L11,62),0) -> 0 | BW11: =IF(AND($L11<=$P$2,63<=$P$2),INDEX(WH_Backend!$DZ$6:$IO$125,$L11,63),0) -> 0 | BX11: =IF(AND($L11<=$P$2,64<=$P$2),INDEX(WH_Backend!$DZ$6:$IO$125,$L11,64),0) -> 0 | BY11: =IF(AND($L11<=$P$2,65<=$P$2),INDEX(WH_Backend!$DZ$6:$IO$125,$L11,65),0) -> 0 | BZ11: =IF(AND($L11<=$P$2,66<=$P$2),INDEX(WH_Backend!$DZ$6:$IO$125,$L11,66),0) -> 0 | CA11: =IF(AND($L11<=$P$2,67<=$P$2),INDEX(WH_Backend!$DZ$6:$IO$125,$L11,67),0) -> 0 | CB11: =IF(AND($L11<=$P$2,68<=$P$2),INDEX(WH_Backend!$DZ$6:$IO$125,$L11,68),0) -> 0 | CC11: =IF(AND($L11<=$P$2,69<=$P$2),INDEX(WH_Backend!$DZ$6:$IO$125,$L11,69),0) -> 0 | CD11: =IF(AND($L11<=$P$2,70<=$P$2),INDEX(WH_Backend!$DZ$6:$IO$125,$L11,70),0) -> 0 | CE11: =IF(AND($L11<=$P$2,71<=$P$2),INDEX(WH_Backend!$DZ$6:$IO$125,$L11,71),0) -> 0 | CF11: =IF(AND($L11<=$P$2,72<=$P$2),INDEX(WH_Backend!$DZ$6:$IO$125,$L11,72),0) -> 0 | CG11: =IF(AND($L11<=$P$2,73<=$P$2),INDEX(WH_Backend!$DZ$6:$IO$125,$L11,73),0) -> 0 | CH11: =IF(AND($L11<=$P$2,74<=$P$2),INDEX(WH_Backend!$DZ$6:$IO$125,$L11,74),0) -> 0 | CI11: =IF(AND($L11<=$P$2,75<=$P$2),INDEX(WH_Backend!$DZ$6:$IO$125,$L11,75),0) -> 0 | CJ11: =IF(AND($L11<=$P$2,76<=$P$2),INDEX(WH_Backend!$DZ$6:$IO$125,$L11,76),0) -> 0 | CK11: =IF(AND($L11<=$P$2,77<=$P$2),INDEX(WH_Backend!$DZ$6:$IO$125,$L11,77),0) -> 0 | CL11: =IF(AND($L11<=$P$2,78<=$P$2),INDEX(WH_Backend!$DZ$6:$IO$125,$L11,78),0) -> 0 | CM11: =IF(AND($L11<=$P$2,79<=$P$2),INDEX(WH_Backend!$DZ$6:$IO$125,$L11,79),0) -> 0 | CN11: =IF(AND($L11<=$P$2,80<=$P$2),INDEX(WH_Backend!$DZ$6:$IO$125,$L11,80),0) -> 0 | CO11: =IF(AND($L11<=$P$2,81<=$P$2),INDEX(WH_Backend!$DZ$6:$IO$125,$L11,81),0) -> 0 | CP11: =IF(AND($L11<=$P$2,82<=$P$2),INDEX(WH_Backend!$DZ$6:$IO$125,$L11,82),0) -> 0 | CQ11: =IF(AND($L11<=$P$2,83<=$P$2),INDEX(WH_Backend!$DZ$6:$IO$125,$L11,83),0) -> 0 | CR11: =IF(AND($L11<=$P$2,84<=$P$2),INDEX(WH_Backend!$DZ$6:$IO$125,$L11,84),0) -> 0 | CS11: =IF(AND($L11<=$P$2,85<=$P$2),INDEX(WH_Backend!$DZ$6:$IO$125,$L11,85),0) -> 0 | CT11: =IF(AND($L11<=$P$2,86<=$P$2),INDEX(WH_Backend!$DZ$6:$IO$125,$L11,86),0) -> 0 | CU11: =IF(AND($L11<=$P$2,87<=$P$2),INDEX(WH_Backend!$DZ$6:$IO$125,$L11,87),0) -> 0 | CV11: =IF(AND($L11<=$P$2,88<=$P$2),INDEX(WH_Backend!$DZ$6:$IO$125,$L11,88),0) -> 0 | CW11: =IF(AND($L11<=$P$2,89<=$P$2),INDEX(WH_Backend!$DZ$6:$IO$125,$L11,89),0) -> 0 | CX11: =IF(AND($L11<=$P$2,90<=$P$2),INDEX(WH_Backend!$DZ$6:$IO$125,$L11,90),0) -> 0 | CY11: =IF(AND($L11<=$P$2,91<=$P$2),INDEX(WH_Backend!$DZ$6:$IO$125,$L11,91),0) -> 0 | CZ11: =IF(AND($L11<=$P$2,92<=$P$2),INDEX(WH_Backend!$DZ$6:$IO$125,$L11,92),0) -> 0 | DA11: =IF(AND($L11<=$P$2,93<=$P$2),INDEX(WH_Backend!$DZ$6:$IO$125,$L11,93),0) -> 0 | DB11: =IF(AND($L11<=$P$2,94<=$P$2),INDEX(WH_Backend!$DZ$6:$IO$125,$L11,94),0) -> 0 | DC11: =IF(AND($L11<=$P$2,95<=$P$2),INDEX(WH_Backend!$DZ$6:$IO$125,$L11,95),0) -> 0 | DD11: =IF(AND($L11<=$P$2,96<=$P$2),INDEX(WH_Backend!$DZ$6:$IO$125,$L11,96),0) -> 0 | DE11: =IF(AND($L11<=$P$2,97<=$P$2),INDEX(WH_Backend!$DZ$6:$IO$125,$L11,97),0) -> 0 | DF11: =IF(AND($L11<=$P$2,98<=$P$2),INDEX(WH_Backend!$DZ$6:$IO$125,$L11,98),0) -> 0 | DG11: =IF(AND($L11<=$P$2,99<=$P$2),INDEX(WH_Backend!$DZ$6:$IO$125,$L11,99),0) -> 0 | DH11: =IF(AND($L11<=$P$2,100<=$P$2),INDEX(WH_Backend!$DZ$6:$IO$125,$L11,100),0) -> 0 | DI11: =IF(AND($L11<=$P$2,101<=$P$2),INDEX(WH_Backend!$DZ$6:$IO$125,$L11,101),0) -> 0 | DJ11: =IF(AND($L11<=$P$2,102<=$P$2),INDEX(WH_Backend!$DZ$6:$IO$125,$L11,102),0) -> 0 | DK11: =IF(AND($L11<=$P$2,103<=$P$2),INDEX(WH_Backend!$DZ$6:$IO$125,$L11,103),0) -> 0 | DL11: =IF(AND($L11<=$P$2,104<=$P$2),INDEX(WH_Backend!$DZ$6:$IO$125,$L11,104),0) -> 0 | DM11: =IF(AND($L11<=$P$2,105<=$P$2),INDEX(WH_Backend!$DZ$6:$IO$125,$L11,105),0) -> 0 | DN11: =IF(AND($L11<=$P$2,106<=$P$2),INDEX(WH_Backend!$DZ$6:$IO$125,$L11,106),0) -> 0 | DO11: =IF(AND($L11<=$P$2,107<=$P$2),INDEX(WH_Backend!$DZ$6:$IO$125,$L11,107),0) -> 0 | DP11: =IF(AND($L11<=$P$2,108<=$P$2),INDEX(WH_Backend!$DZ$6:$IO$125,$L11,108),0) -> 0 | DQ11: =IF(AND($L11<=$P$2,109<=$P$2),INDEX(WH_Backend!$DZ$6:$IO$125,$L11,109),0) -> 0 | DR11: =IF(AND($L11<=$P$2,110<=$P$2),INDEX(WH_Backend!$DZ$6:$IO$125,$L11,110),0) -> 0 | DS11: =IF(AND($L11<=$P$2,111<=$P$2),INDEX(WH_Backend!$DZ$6:$IO$125,$L11,111),0) -> 0 | DT11: =IF(AND($L11<=$P$2,112<=$P$2),INDEX(WH_Backend!$DZ$6:$IO$125,$L11,112),0) -> 0 | DU11: =IF(AND($L11<=$P$2,113<=$P$2),INDEX(WH_Backend!$DZ$6:$IO$125,$L11,113),0) -> 0 | DV11: =IF(AND($L11<=$P$2,114<=$P$2),INDEX(WH_Backend!$DZ$6:$IO$125,$L11,114),0) -> 0 | DW11: =IF(AND($L11<=$P$2,115<=$P$2),INDEX(WH_Backend!$DZ$6:$IO$125,$L11,115),0) -> 0 | DX11: =IF(AND($L11<=$P$2,116<=$P$2),INDEX(WH_Backend!$DZ$6:$IO$125,$L11,116),0) -> 0 | DY11: =IF(AND($L11<=$P$2,117<=$P$2),INDEX(WH_Backend!$DZ$6:$IO$125,$L11,117),0) -> 0 | DZ11: =IF(AND($L11<=$P$2,118<=$P$2),INDEX(WH_Backend!$DZ$6:$IO$125,$L11,118),0) -> 0 | EA11: =IF(AND($L11<=$P$2,119<=$P$2),INDEX(WH_Backend!$DZ$6:$IO$125,$L11,119),0) -> 0 | EB11: =IF(AND($L11<=$P$2,120<=$P$2),INDEX(WH_Backend!$DZ$6:$IO$125,$L11,120),0) -> 0
A12: =IF(L12<=$P$2,INDEX(WH_Backend!$E$6:$E$125,L12),0) -> 162.02 | B12: {=IF(L12<=$P$2,MMULT(M137:INDEX(M137:EF137,$P$2),$A$6:INDEX($A$6:$A$125,$P$2)),0)} -> 0.0006031557 | C12: =IF(L12<=$P$2,MMULT(M12:INDEX(M12:EF12,$P$2),$B$6:INDEX($B$6:$B$125,$P$2))-A12,0) -> -8.1428198e-11 | E12: =IF(L12<=$P$2,Inputs!A12,"") -> 26 | F12: =IF(L12<=$P$2,Inputs!D12,"") -> 0.00059897411 | G12: =IF(L12<=$P$2,B12,"") -> 0.0006031557 | J12: =IF($L12<=$E$2,WH_Numerical!$F12,"") -> 0.00060229582 | L12: 7 | M12: =IF(AND($L12<=$P$2,1<=$P$2),INDEX(WH_Backend!$DZ$6:$IO$125,$L12,1),0) -> 0 | N12: =IF(AND($L12<=$P$2,2<=$P$2),INDEX(WH_Backend!$DZ$6:$IO$125,$L12,2),0) -> 0 | O12: =IF(AND($L12<=$P$2,3<=$P$2),INDEX(WH_Backend!$DZ$6:$IO$125,$L12,3),0) -> 0 | P12: =IF(AND($L12<=$P$2,4<=$P$2),INDEX(WH_Backend!$DZ$6:$IO$125,$L12,4),0) -> -10000000 | Q12: =IF(AND($L12<=$P$2,5<=$P$2),INDEX(WH_Backend!$DZ$6:$IO$125,$L12,5),0) -> 60000000 | R12: =IF(AND($L12<=$P$2,6<=$P$2),INDEX(WH_Backend!$DZ$6:$IO$125,$L12,6),0) -> -150000000 | S12: =IF(AND($L12<=$P$2,7<=$P$2),INDEX(WH_Backend!$DZ$6:$IO$125,$L12,7),0) -> 2.002705e+08 | T12: =IF(AND($L12<=$P$2,8<=$P$2),INDEX(WH_Backend!$DZ$6:$IO$125,$L12,8),0) -> -150000000 | U12: =IF(AND($L12<=$P$2,9<=$P$2),INDEX(WH_Backend!$DZ$6:$IO$125,$L12,9),0) -> 60000000 | V12: =IF(AND($L12<=$P$2,10<=$P$2),INDEX(WH_Backend!$DZ$6:$IO$125,$L12,10),0) -> -10000000 | W12: =IF(AND($L12<=$P$2,11<=$P$2),INDEX(WH_Backend!$DZ$6:$IO$125,$L12,11),0) -> 0 | X12: =IF(AND($L12<=$P$2,12<=$P$2),INDEX(WH_Backend!$DZ$6:$IO$125,$L12,12),0) -> 0 | Y12: =IF(AND($L12<=$P$2,13<=$P$2),INDEX(WH_Backend!$DZ$6:$IO$125,$L12,13),0) -> 0 | Z12: =IF(AND($L12<=$P$2,14<=$P$2),INDEX(WH_Backend!$DZ$6:$IO$125,$L12,14),0) -> 0 | AA12: =IF(AND($L12<=$P$2,15<=$P$2),INDEX(WH_Backend!$DZ$6:$IO$125,$L12,15),0) -> 0 | AB12: =IF(AND($L12<=$P$2,16<=$P$2),INDEX(WH_Backend!$DZ$6:$IO$125,$L12,16),0) -> 0 | AC12: =IF(AND($L12<=$P$2,17<=$P$2),INDEX(WH_Backend!$DZ$6:$IO$125,$L12,17),0) -> 0 | AD12: =IF(AND($L12<=$P$2,18<=$P$2),INDEX(WH_Backend!$DZ$6:$IO$125,$L12,18),0) -> 0 | AE12: =IF(AND($L12<=$P$2,19<=$P$2),INDEX(WH_Backend!$DZ$6:$IO$125,$L12,19),0) -> 0 | AF12: =IF(AND($L12<=$P$2,20<=$P$2),INDEX(WH_Backend!$DZ$6:$IO$125,$L12,20),0) -> 0 | AG12: =IF(AND($L12<=$P$2,21<=$P$2),INDEX(WH_Backend!$DZ$6:$IO$125,$L12,21),0) -> 0 | AH12: =IF(AND($L12<=$P$2,22<=$P$2),INDEX(WH_Backend!$DZ$6:$IO$125,$L12,22),0) -> 0 | AI12: =IF(AND($L12<=$P$2,23<=$P$2),INDEX(WH_Backend!$DZ$6:$IO$125,$L12,23),0) -> 0 | AJ12: =IF(AND($L12<=$P$2,24<=$P$2),INDEX(WH_Backend!$DZ$6:$IO$125,$L12,24),0) -> 0 | AK12: =IF(AND($L12<=$P$2,25<=$P$2),INDEX(WH_Backend!$DZ$6:$IO$125,$L12,25),0) -> 0 | AL12: =IF(AND($L12<=$P$2,26<=$P$2),INDEX(WH_Backend!$DZ$6:$IO$125,$L12,26),0) -> 0 | AM12: =IF(AND($L12<=$P$2,27<=$P$2),INDEX(WH_Backend!$DZ$6:$IO$125,$L12,27),0) -> 0 | AN12: =IF(AND($L12<=$P$2,28<=$P$2),INDEX(WH_Backend!$DZ$6:$IO$125,$L12,28),0) -> 0 | AO12: =IF(AND($L12<=$P$2,29<=$P$2),INDEX(WH_Backend!$DZ$6:$IO$125,$L12,29),0) -> 0 | AP12: =IF(AND($L12<=$P$2,30<=$P$2),INDEX(WH_Backend!$DZ$6:$IO$125,$L12,30),0) -> 0 | AQ12: =IF(AND($L12<=$P$2,31<=$P$2),INDEX(WH_Backend!$DZ$6:$IO$125,$L12,31),0) -> 0 | AR12: =IF(AND($L12<=$P$2,32<=$P$2),INDEX(WH_Backend!$DZ$6:$IO$125,$L12,32),0) -> 0 | AS12: =IF(AND($L12<=$P$2,33<=$P$2),INDEX(WH_Backend!$DZ$6:$IO$125,$L12,33),0) -> 0 | AT12: =IF(AND($L12<=$P$2,34<=$P$2),INDEX(WH_Backend!$DZ$6:$IO$125,$L12,34),0) -> 0 | AU12: =IF(AND($L12<=$P$2,35<=$P$2),INDEX(WH_Backend!$DZ$6:$IO$125,$L12,35),0) -> 0 | AV12: =IF(AND($L12<=$P$2,36<=$P$2),INDEX(WH_Backend!$DZ$6:$IO$125,$L12,36),0) -> 0 | AW12: =IF(AND($L12<=$P$2,37<=$P$2),INDEX(WH_Backend!$DZ$6:$IO$125,$L12,37),0) -> 0 | AX12: =IF(AND($L12<=$P$2,38<=$P$2),INDEX(WH_Backend!$DZ$6:$IO$125,$L12,38),0) -> 0 | AY12: =IF(AND($L12<=$P$2,39<=$P$2),INDEX(WH_Backend!$DZ$6:$IO$125,$L12,39),0) -> 0 | AZ12: =IF(AND($L12<=$P$2,40<=$P$2),INDEX(WH_Backend!$DZ$6:$IO$125,$L12,40),0) -> 0 | BA12: =IF(AND($L12<=$P$2,41<=$P$2),INDEX(WH_Backend!$DZ$6:$IO$125,$L12,41),0) -> 0 | BB12: =IF(AND($L12<=$P$2,42<=$P$2),INDEX(WH_Backend!$DZ$6:$IO$125,$L12,42),0) -> 0 | BC12: =IF(AND($L12<=$P$2,43<=$P$2),INDEX(WH_Backend!$DZ$6:$IO$125,$L12,43),0) -> 0 | BD12: =IF(AND($L12<=$P$2,44<=$P$2),INDEX(WH_Backend!$DZ$6:$IO$125,$L12,44),0) -> 0 | BE12: =IF(AND($L12<=$P$2,45<=$P$2),INDEX(WH_Backend!$DZ$6:$IO$125,$L12,45),0) -> 0 | BF12: =IF(AND($L12<=$P$2,46<=$P$2),INDEX(WH_Backend!$DZ$6:$IO$125,$L12,46),0) -> 0 | BG12: =IF(AND($L12<=$P$2,47<=$P$2),INDEX(WH_Backend!$DZ$6:$IO$125,$L12,47),0) -> 0 | BH12: =IF(AND($L12<=$P$2,48<=$P$2),INDEX(WH_Backend!$DZ$6:$IO$125,$L12,48),0) -> 0 | BI12: =IF(AND($L12<=$P$2,49<=$P$2),INDEX(WH_Backend!$DZ$6:$IO$125,$L12,49),0) -> 0 | BJ12: =IF(AND($L12<=$P$2,50<=$P$2),INDEX(WH_Backend!$DZ$6:$IO$125,$L12,50),0) -> 0 | BK12: =IF(AND($L12<=$P$2,51<=$P$2),INDEX(WH_Backend!$DZ$6:$IO$125,$L12,51),0) -> 0 | BL12: =IF(AND($L12<=$P$2,52<=$P$2),INDEX(WH_Backend!$DZ$6:$IO$125,$L12,52),0) -> 0 | BM12: =IF(AND($L12<=$P$2,53<=$P$2),INDEX(WH_Backend!$DZ$6:$IO$125,$L12,53),0) -> 0 | BN12: =IF(AND($L12<=$P$2,54<=$P$2),INDEX(WH_Backend!$DZ$6:$IO$125,$L12,54),0) -> 0 | BO12: =IF(AND($L12<=$P$2,55<=$P$2),INDEX(WH_Backend!$DZ$6:$IO$125,$L12,55),0) -> 0 | BP12: =IF(AND($L12<=$P$2,56<=$P$2),INDEX(WH_Backend!$DZ$6:$IO$125,$L12,56),0) -> 0 | BQ12: =IF(AND($L12<=$P$2,57<=$P$2),INDEX(WH_Backend!$DZ$6:$IO$125,$L12,57),0) -> 0 | BR12: =IF(AND($L12<=$P$2,58<=$P$2),INDEX(WH_Backend!$DZ$6:$IO$125,$L12,58),0) -> 0 | BS12: =IF(AND($L12<=$P$2,59<=$P$2),INDEX(WH_Backend!$DZ$6:$IO$125,$L12,59),0) -> 0 | BT12: =IF(AND($L12<=$P$2,60<=$P$2),INDEX(WH_Backend!$DZ$6:$IO$125,$L12,60),0) -> 0 | BU12: =IF(AND($L12<=$P$2,61<=$P$2),INDEX(WH_Backend!$DZ$6:$IO$125,$L12,61),0) -> 0 | BV12: =IF(AND($L12<=$P$2,62<=$P$2),INDEX(WH_Backend!$DZ$6:$IO$125,$L12,62),0) -> 0 | BW12: =IF(AND($L12<=$P$2,63<=$P$2),INDEX(WH_Backend!$DZ$6:$IO$125,$L12,63),0) -> 0 | BX12: =IF(AND($L12<=$P$2,64<=$P$2),INDEX(WH_Backend!$DZ$6:$IO$125,$L12,64),0) -> 0 | BY12: =IF(AND($L12<=$P$2,65<=$P$2),INDEX(WH_Backend!$DZ$6:$IO$125,$L12,65),0) -> 0 | BZ12: =IF(AND($L12<=$P$2,66<=$P$2),INDEX(WH_Backend!$DZ$6:$IO$125,$L12,66),0) -> 0 | CA12: =IF(AND($L12<=$P$2,67<=$P$2),INDEX(WH_Backend!$DZ$6:$IO$125,$L12,67),0) -> 0 | CB12: =IF(AND($L12<=$P$2,68<=$P$2),INDEX(WH_Backend!$DZ$6:$IO$125,$L12,68),0) -> 0 | CC12: =IF(AND($L12<=$P$2,69<=$P$2),INDEX(WH_Backend!$DZ$6:$IO$125,$L12,69),0) -> 0 | CD12: =IF(AND($L12<=$P$2,70<=$P$2),INDEX(WH_Backend!$DZ$6:$IO$125,$L12,70),0) -> 0 | CE12: =IF(AND($L12<=$P$2,71<=$P$2),INDEX(WH_Backend!$DZ$6:$IO$125,$L12,71),0) -> 0 | CF12: =IF(AND($L12<=$P$2,72<=$P$2),INDEX(WH_Backend!$DZ$6:$IO$125,$L12,72),0) -> 0 | CG12: =IF(AND($L12<=$P$2,73<=$P$2),INDEX(WH_Backend!$DZ$6:$IO$125,$L12,73),0) -> 0 | CH12: =IF(AND($L12<=$P$2,74<=$P$2),INDEX(WH_Backend!$DZ$6:$IO$125,$L12,74),0) -> 0 | CI12: =IF(AND($L12<=$P$2,75<=$P$2),INDEX(WH_Backend!$DZ$6:$IO$125,$L12,75),0) -> 0 | CJ12: =IF(AND($L12<=$P$2,76<=$P$2),INDEX(WH_Backend!$DZ$6:$IO$125,$L12,76),0) -> 0 | CK12: =IF(AND($L12<=$P$2,77<=$P$2),INDEX(WH_Backend!$DZ$6:$IO$125,$L12,77),0) -> 0 | CL12: =IF(AND($L12<=$P$2,78<=$P$2),INDEX(WH_Backend!$DZ$6:$IO$125,$L12,78),0) -> 0 | CM12: =IF(AND($L12<=$P$2,79<=$P$2),INDEX(WH_Backend!$DZ$6:$IO$125,$L12,79),0) -> 0 | CN12: =IF(AND($L12<=$P$2,80<=$P$2),INDEX(WH_Backend!$DZ$6:$IO$125,$L12,80),0) -> 0 | CO12: =IF(AND($L12<=$P$2,81<=$P$2),INDEX(WH_Backend!$DZ$6:$IO$125,$L12,81),0) -> 0 | CP12: =IF(AND($L12<=$P$2,82<=$P$2),INDEX(WH_Backend!$DZ$6:$IO$125,$L12,82),0) -> 0 | CQ12: =IF(AND($L12<=$P$2,83<=$P$2),INDEX(WH_Backend!$DZ$6:$IO$125,$L12,83),0) -> 0 | CR12: =IF(AND($L12<=$P$2,84<=$P$2),INDEX(WH_Backend!$DZ$6:$IO$125,$L12,84),0) -> 0 | CS12: =IF(AND($L12<=$P$2,85<=$P$2),INDEX(WH_Backend!$DZ$6:$IO$125,$L12,85),0) -> 0 | CT12: =IF(AND($L12<=$P$2,86<=$P$2),INDEX(WH_Backend!$DZ$6:$IO$125,$L12,86),0) -> 0 | CU12: =IF(AND($L12<=$P$2,87<=$P$2),INDEX(WH_Backend!$DZ$6:$IO$125,$L12,87),0) -> 0 | CV12: =IF(AND($L12<=$P$2,88<=$P$2),INDEX(WH_Backend!$DZ$6:$IO$125,$L12,88),0) -> 0 | CW12: =IF(AND($L12<=$P$2,89<=$P$2),INDEX(WH_Backend!$DZ$6:$IO$125,$L12,89),0) -> 0 | CX12: =IF(AND($L12<=$P$2,90<=$P$2),INDEX(WH_Backend!$DZ$6:$IO$125,$L12,90),0) -> 0 | CY12: =IF(AND($L12<=$P$2,91<=$P$2),INDEX(WH_Backend!$DZ$6:$IO$125,$L12,91),0) -> 0 | CZ12: =IF(AND($L12<=$P$2,92<=$P$2),INDEX(WH_Backend!$DZ$6:$IO$125,$L12,92),0) -> 0 | DA12: =IF(AND($L12<=$P$2,93<=$P$2),INDEX(WH_Backend!$DZ$6:$IO$125,$L12,93),0) -> 0 | DB12: =IF(AND($L12<=$P$2,94<=$P$2),INDEX(WH_Backend!$DZ$6:$IO$125,$L12,94),0) -> 0 | DC12: =IF(AND($L12<=$P$2,95<=$P$2),INDEX(WH_Backend!$DZ$6:$IO$125,$L12,95),0) -> 0 | DD12: =IF(AND($L12<=$P$2,96<=$P$2),INDEX(WH_Backend!$DZ$6:$IO$125,$L12,96),0) -> 0 | DE12: =IF(AND($L12<=$P$2,97<=$P$2),INDEX(WH_Backend!$DZ$6:$IO$125,$L12,97),0) -> 0 | DF12: =IF(AND($L12<=$P$2,98<=$P$2),INDEX(WH_Backend!$DZ$6:$IO$125,$L12,98),0) -> 0 | DG12: =IF(AND($L12<=$P$2,99<=$P$2),INDEX(WH_Backend!$DZ$6:$IO$125,$L12,99),0) -> 0 | DH12: =IF(AND($L12<=$P$2,100<=$P$2),INDEX(WH_Backend!$DZ$6:$IO$125,$L12,100),0) -> 0 | DI12: =IF(AND($L12<=$P$2,101<=$P$2),INDEX(WH_Backend!$DZ$6:$IO$125,$L12,101),0) -> 0 | DJ12: =IF(AND($L12<=$P$2,102<=$P$2),INDEX(WH_Backend!$DZ$6:$IO$125,$L12,102),0) -> 0 | DK12: =IF(AND($L12<=$P$2,103<=$P$2),INDEX(WH_Backend!$DZ$6:$IO$125,$L12,103),0) -> 0 | DL12: =IF(AND($L12<=$P$2,104<=$P$2),INDEX(WH_Backend!$DZ$6:$IO$125,$L12,104),0) -> 0 | DM12: =IF(AND($L12<=$P$2,105<=$P$2),INDEX(WH_Backend!$DZ$6:$IO$125,$L12,105),0) -> 0 | DN12: =IF(AND($L12<=$P$2,106<=$P$2),INDEX(WH_Backend!$DZ$6:$IO$125,$L12,106),0) -> 0 | DO12: =IF(AND($L12<=$P$2,107<=$P$2),INDEX(WH_Backend!$DZ$6:$IO$125,$L12,107),0) -> 0 | DP12: =IF(AND($L12<=$P$2,108<=$P$2),INDEX(WH_Backend!$DZ$6:$IO$125,$L12,108),0) -> 0 | DQ12: =IF(AND($L12<=$P$2,109<=$P$2),INDEX(WH_Backend!$DZ$6:$IO$125,$L12,109),0) -> 0 | DR12: =IF(AND($L12<=$P$2,110<=$P$2),INDEX(WH_Backend!$DZ$6:$IO$125,$L12,110),0) -> 0 | DS12: =IF(AND($L12<=$P$2,111<=$P$2),INDEX(WH_Backend!$DZ$6:$IO$125,$L12,111),0) -> 0 | DT12: =IF(AND($L12<=$P$2,112<=$P$2),INDEX(WH_Backend!$DZ$6:$IO$125,$L12,112),0) -> 0 | DU12: =IF(AND($L12<=$P$2,113<=$P$2),INDEX(WH_Backend!$DZ$6:$IO$125,$L12,113),0) -> 0 | DV12: =IF(AND($L12<=$P$2,114<=$P$2),INDEX(WH_Backend!$DZ$6:$IO$125,$L12,114),0) -> 0 | DW12: =IF(AND($L12<=$P$2,115<=$P$2),INDEX(WH_Backend!$DZ$6:$IO$125,$L12,115),0) -> 0 | DX12: =IF(AND($L12<=$P$2,116<=$P$2),INDEX(WH_Backend!$DZ$6:$IO$125,$L12,116),0) -> 0 | DY12: =IF(AND($L12<=$P$2,117<=$P$2),INDEX(WH_Backend!$DZ$6:$IO$125,$L12,117),0) -> 0 | DZ12: =IF(AND($L12<=$P$2,118<=$P$2),INDEX(WH_Backend!$DZ$6:$IO$125,$L12,118),0) -> 0 | EA12: =IF(AND($L12<=$P$2,119<=$P$2),INDEX(WH_Backend!$DZ$6:$IO$125,$L12,119),0) -> 0 | EB12: =IF(AND($L12<=$P$2,120<=$P$2),INDEX(WH_Backend!$DZ$6:$IO$125,$L12,120),0) -> 0
A13: =IF(L13<=$P$2,INDEX(WH_Backend!$E$6:$E$125,L13),0) -> 163.02 | B13: {=IF(L13<=$P$2,MMULT(M138:INDEX(M138:EF138,$P$2),$A$6:INDEX($A$6:$A$125,$P$2)),0)} -> 0.00062707924 | C13: =IF(L13<=$P$2,MMULT(M13:INDEX(M13:EF13,$P$2),$B$6:INDEX($B$6:$B$125,$P$2))-A13,0) -> 8.6828322e-11 | E13: =IF(L13<=$P$2,Inputs!A13,"") -> 27 | F13: =IF(L13<=$P$2,Inputs!D13,"") -> 0.00060530033 | G13: =IF(L13<=$P$2,B13,"") -> 0.00062707924 | J13: =IF($L13<=$E$2,WH_Numerical!$F13,"") -> 0.00062622608 | L13: 8 | M13: =IF(AND($L13<=$P$2,1<=$P$2),INDEX(WH_Backend!$DZ$6:$IO$125,$L13,1),0) -> 0 | N13: =IF(AND($L13<=$P$2,2<=$P$2),INDEX(WH_Backend!$DZ$6:$IO$125,$L13,2),0) -> 0 | O13: =IF(AND($L13<=$P$2,3<=$P$2),INDEX(WH_Backend!$DZ$6:$IO$125,$L13,3),0) -> 0 | P13: =IF(AND($L13<=$P$2,4<=$P$2),INDEX(WH_Backend!$DZ$6:$IO$125,$L13,4),0) -> 0 | Q13: =IF(AND($L13<=$P$2,5<=$P$2),INDEX(WH_Backend!$DZ$6:$IO$125,$L13,5),0) -> -10000000 | R13: =IF(AND($L13<=$P$2,6<=$P$2),INDEX(WH_Backend!$DZ$6:$IO$125,$L13,6),0) -> 60000000 | S13: =IF(AND($L13<=$P$2,7<=$P$2),INDEX(WH_Backend!$DZ$6:$IO$125,$L13,7),0) -> -150000000 | T13: =IF(AND($L13<=$P$2,8<=$P$2),INDEX(WH_Backend!$DZ$6:$IO$125,$L13,8),0) -> 2.0026932e+08 | U13: =IF(AND($L13<=$P$2,9<=$P$2),INDEX(WH_Backend!$DZ$6:$IO$125,$L13,9),0) -> -150000000 | V13: =IF(AND($L13<=$P$2,10<=$P$2),INDEX(WH_Backend!$DZ$6:$IO$125,$L13,10),0) -> 60000000 | W13: =IF(AND($L13<=$P$2,11<=$P$2),INDEX(WH_Backend!$DZ$6:$IO$125,$L13,11),0) -> -10000000 | X13: =IF(AND($L13<=$P$2,12<=$P$2),INDEX(WH_Backend!$DZ$6:$IO$125,$L13,12),0) -> 0 | Y13: =IF(AND($L13<=$P$2,13<=$P$2),INDEX(WH_Backend!$DZ$6:$IO$125,$L13,13),0) -> 0 | Z13: =IF(AND($L13<=$P$2,14<=$P$2),INDEX(WH_Backend!$DZ$6:$IO$125,$L13,14),0) -> 0 | AA13: =IF(AND($L13<=$P$2,15<=$P$2),INDEX(WH_Backend!$DZ$6:$IO$125,$L13,15),0) -> 0 | AB13: =IF(AND($L13<=$P$2,16<=$P$2),INDEX(WH_Backend!$DZ$6:$IO$125,$L13,16),0) -> 0 | AC13: =IF(AND($L13<=$P$2,17<=$P$2),INDEX(WH_Backend!$DZ$6:$IO$125,$L13,17),0) -> 0 | AD13: =IF(AND($L13<=$P$2,18<=$P$2),INDEX(WH_Backend!$DZ$6:$IO$125,$L13,18),0) -> 0 | AE13: =IF(AND($L13<=$P$2,19<=$P$2),INDEX(WH_Backend!$DZ$6:$IO$125,$L13,19),0) -> 0 | AF13: =IF(AND($L13<=$P$2,20<=$P$2),INDEX(WH_Backend!$DZ$6:$IO$125,$L13,20),0) -> 0 | AG13: =IF(AND($L13<=$P$2,21<=$P$2),INDEX(WH_Backend!$DZ$6:$IO$125,$L13,21),0) -> 0 | AH13: =IF(AND($L13<=$P$2,22<=$P$2),INDEX(WH_Backend!$DZ$6:$IO$125,$L13,22),0) -> 0 | AI13: =IF(AND($L13<=$P$2,23<=$P$2),INDEX(WH_Backend!$DZ$6:$IO$125,$L13,23),0) -> 0 | AJ13: =IF(AND($L13<=$P$2,24<=$P$2),INDEX(WH_Backend!$DZ$6:$IO$125,$L13,24),0) -> 0 | AK13: =IF(AND($L13<=$P$2,25<=$P$2),INDEX(WH_Backend!$DZ$6:$IO$125,$L13,25),0) -> 0 | AL13: =IF(AND($L13<=$P$2,26<=$P$2),INDEX(WH_Backend!$DZ$6:$IO$125,$L13,26),0) -> 0 | AM13: =IF(AND($L13<=$P$2,27<=$P$2),INDEX(WH_Backend!$DZ$6:$IO$125,$L13,27),0) -> 0 | AN13: =IF(AND($L13<=$P$2,28<=$P$2),INDEX(WH_Backend!$DZ$6:$IO$125,$L13,28),0) -> 0 | AO13: =IF(AND($L13<=$P$2,29<=$P$2),INDEX(WH_Backend!$DZ$6:$IO$125,$L13,29),0) -> 0 | AP13: =IF(AND($L13<=$P$2,30<=$P$2),INDEX(WH_Backend!$DZ$6:$IO$125,$L13,30),0) -> 0 | AQ13: =IF(AND($L13<=$P$2,31<=$P$2),INDEX(WH_Backend!$DZ$6:$IO$125,$L13,31),0) -> 0 | AR13: =IF(AND($L13<=$P$2,32<=$P$2),INDEX(WH_Backend!$DZ$6:$IO$125,$L13,32),0) -> 0 | AS13: =IF(AND($L13<=$P$2,33<=$P$2),INDEX(WH_Backend!$DZ$6:$IO$125,$L13,33),0) -> 0 | AT13: =IF(AND($L13<=$P$2,34<=$P$2),INDEX(WH_Backend!$DZ$6:$IO$125,$L13,34),0) -> 0 | AU13: =IF(AND($L13<=$P$2,35<=$P$2),INDEX(WH_Backend!$DZ$6:$IO$125,$L13,35),0) -> 0 | AV13: =IF(AND($L13<=$P$2,36<=$P$2),INDEX(WH_Backend!$DZ$6:$IO$125,$L13,36),0) -> 0 | AW13: =IF(AND($L13<=$P$2,37<=$P$2),INDEX(WH_Backend!$DZ$6:$IO$125,$L13,37),0) -> 0 | AX13: =IF(AND($L13<=$P$2,38<=$P$2),INDEX(WH_Backend!$DZ$6:$IO$125,$L13,38),0) -> 0 | AY13: =IF(AND($L13<=$P$2,39<=$P$2),INDEX(WH_Backend!$DZ$6:$IO$125,$L13,39),0) -> 0 | AZ13: =IF(AND($L13<=$P$2,40<=$P$2),INDEX(WH_Backend!$DZ$6:$IO$125,$L13,40),0) -> 0 | BA13: =IF(AND($L13<=$P$2,41<=$P$2),INDEX(WH_Backend!$DZ$6:$IO$125,$L13,41),0) -> 0 | BB13: =IF(AND($L13<=$P$2,42<=$P$2),INDEX(WH_Backend!$DZ$6:$IO$125,$L13,42),0) -> 0 | BC13: =IF(AND($L13<=$P$2,43<=$P$2),INDEX(WH_Backend!$DZ$6:$IO$125,$L13,43),0) -> 0 | BD13: =IF(AND($L13<=$P$2,44<=$P$2),INDEX(WH_Backend!$DZ$6:$IO$125,$L13,44),0) -> 0 | BE13: =IF(AND($L13<=$P$2,45<=$P$2),INDEX(WH_Backend!$DZ$6:$IO$125,$L13,45),0) -> 0 | BF13: =IF(AND($L13<=$P$2,46<=$P$2),INDEX(WH_Backend!$DZ$6:$IO$125,$L13,46),0) -> 0 | BG13: =IF(AND($L13<=$P$2,47<=$P$2),INDEX(WH_Backend!$DZ$6:$IO$125,$L13,47),0) -> 0 | BH13: =IF(AND($L13<=$P$2,48<=$P$2),INDEX(WH_Backend!$DZ$6:$IO$125,$L13,48),0) -> 0 | BI13: =IF(AND($L13<=$P$2,49<=$P$2),INDEX(WH_Backend!$DZ$6:$IO$125,$L13,49),0) -> 0 | BJ13: =IF(AND($L13<=$P$2,50<=$P$2),INDEX(WH_Backend!$DZ$6:$IO$125,$L13,50),0) -> 0 | BK13: =IF(AND($L13<=$P$2,51<=$P$2),INDEX(WH_Backend!$DZ$6:$IO$125,$L13,51),0) -> 0 | BL13: =IF(AND($L13<=$P$2,52<=$P$2),INDEX(WH_Backend!$DZ$6:$IO$125,$L13,52),0) -> 0 | BM13: =IF(AND($L13<=$P$2,53<=$P$2),INDEX(WH_Backend!$DZ$6:$IO$125,$L13,53),0) -> 0 | BN13: =IF(AND($L13<=$P$2,54<=$P$2),INDEX(WH_Backend!$DZ$6:$IO$125,$L13,54),0) -> 0 | BO13: =IF(AND($L13<=$P$2,55<=$P$2),INDEX(WH_Backend!$DZ$6:$IO$125,$L13,55),0) -> 0 | BP13: =IF(AND($L13<=$P$2,56<=$P$2),INDEX(WH_Backend!$DZ$6:$IO$125,$L13,56),0) -> 0 | BQ13: =IF(AND($L13<=$P$2,57<=$P$2),INDEX(WH_Backend!$DZ$6:$IO$125,$L13,57),0) -> 0 | BR13: =IF(AND($L13<=$P$2,58<=$P$2),INDEX(WH_Backend!$DZ$6:$IO$125,$L13,58),0) -> 0 | BS13: =IF(AND($L13<=$P$2,59<=$P$2),INDEX(WH_Backend!$DZ$6:$IO$125,$L13,59),0) -> 0 | BT13: =IF(AND($L13<=$P$2,60<=$P$2),INDEX(WH_Backend!$DZ$6:$IO$125,$L13,60),0) -> 0 | BU13: =IF(AND($L13<=$P$2,61<=$P$2),INDEX(WH_Backend!$DZ$6:$IO$125,$L13,61),0) -> 0 | BV13: =IF(AND($L13<=$P$2,62<=$P$2),INDEX(WH_Backend!$DZ$6:$IO$125,$L13,62),0) -> 0 | BW13: =IF(AND($L13<=$P$2,63<=$P$2),INDEX(WH_Backend!$DZ$6:$IO$125,$L13,63),0) -> 0 | BX13: =IF(AND($L13<=$P$2,64<=$P$2),INDEX(WH_Backend!$DZ$6:$IO$125,$L13,64),0) -> 0 | BY13: =IF(AND($L13<=$P$2,65<=$P$2),INDEX(WH_Backend!$DZ$6:$IO$125,$L13,65),0) -> 0 | BZ13: =IF(AND($L13<=$P$2,66<=$P$2),INDEX(WH_Backend!$DZ$6:$IO$125,$L13,66),0) -> 0 | CA13: =IF(AND($L13<=$P$2,67<=$P$2),INDEX(WH_Backend!$DZ$6:$IO$125,$L13,67),0) -> 0 | CB13: =IF(AND($L13<=$P$2,68<=$P$2),INDEX(WH_Backend!$DZ$6:$IO$125,$L13,68),0) -> 0 | CC13: =IF(AND($L13<=$P$2,69<=$P$2),INDEX(WH_Backend!$DZ$6:$IO$125,$L13,69),0) -> 0 | CD13: =IF(AND($L13<=$P$2,70<=$P$2),INDEX(WH_Backend!$DZ$6:$IO$125,$L13,70),0) -> 0 | CE13: =IF(AND($L13<=$P$2,71<=$P$2),INDEX(WH_Backend!$DZ$6:$IO$125,$L13,71),0) -> 0 | CF13: =IF(AND($L13<=$P$2,72<=$P$2),INDEX(WH_Backend!$DZ$6:$IO$125,$L13,72),0) -> 0 | CG13: =IF(AND($L13<=$P$2,73<=$P$2),INDEX(WH_Backend!$DZ$6:$IO$125,$L13,73),0) -> 0 | CH13: =IF(AND($L13<=$P$2,74<=$P$2),INDEX(WH_Backend!$DZ$6:$IO$125,$L13,74),0) -> 0 | CI13: =IF(AND($L13<=$P$2,75<=$P$2),INDEX(WH_Backend!$DZ$6:$IO$125,$L13,75),0) -> 0 | CJ13: =IF(AND($L13<=$P$2,76<=$P$2),INDEX(WH_Backend!$DZ$6:$IO$125,$L13,76),0) -> 0 | CK13: =IF(AND($L13<=$P$2,77<=$P$2),INDEX(WH_Backend!$DZ$6:$IO$125,$L13,77),0) -> 0 | CL13: =IF(AND($L13<=$P$2,78<=$P$2),INDEX(WH_Backend!$DZ$6:$IO$125,$L13,78),0) -> 0 | CM13: =IF(AND($L13<=$P$2,79<=$P$2),INDEX(WH_Backend!$DZ$6:$IO$125,$L13,79),0) -> 0 | CN13: =IF(AND($L13<=$P$2,80<=$P$2),INDEX(WH_Backend!$DZ$6:$IO$125,$L13,80),0) -> 0 | CO13: =IF(AND($L13<=$P$2,81<=$P$2),INDEX(WH_Backend!$DZ$6:$IO$125,$L13,81),0) -> 0 | CP13: =IF(AND($L13<=$P$2,82<=$P$2),INDEX(WH_Backend!$DZ$6:$IO$125,$L13,82),0) -> 0 | CQ13: =IF(AND($L13<=$P$2,83<=$P$2),INDEX(WH_Backend!$DZ$6:$IO$125,$L13,83),0) -> 0 | CR13: =IF(AND($L13<=$P$2,84<=$P$2),INDEX(WH_Backend!$DZ$6:$IO$125,$L13,84),0) -> 0 | CS13: =IF(AND($L13<=$P$2,85<=$P$2),INDEX(WH_Backend!$DZ$6:$IO$125,$L13,85),0) -> 0 | CT13: =IF(AND($L13<=$P$2,86<=$P$2),INDEX(WH_Backend!$DZ$6:$IO$125,$L13,86),0) -> 0 | CU13: =IF(AND($L13<=$P$2,87<=$P$2),INDEX(WH_Backend!$DZ$6:$IO$125,$L13,87),0) -> 0 | CV13: =IF(AND($L13<=$P$2,88<=$P$2),INDEX(WH_Backend!$DZ$6:$IO$125,$L13,88),0) -> 0 | CW13: =IF(AND($L13<=$P$2,89<=$P$2),INDEX(WH_Backend!$DZ$6:$IO$125,$L13,89),0) -> 0 | CX13: =IF(AND($L13<=$P$2,90<=$P$2),INDEX(WH_Backend!$DZ$6:$IO$125,$L13,90),0) -> 0 | CY13: =IF(AND($L13<=$P$2,91<=$P$2),INDEX(WH_Backend!$DZ$6:$IO$125,$L13,91),0) -> 0 | CZ13: =IF(AND($L13<=$P$2,92<=$P$2),INDEX(WH_Backend!$DZ$6:$IO$125,$L13,92),0) -> 0 | DA13: =IF(AND($L13<=$P$2,93<=$P$2),INDEX(WH_Backend!$DZ$6:$IO$125,$L13,93),0) -> 0 | DB13: =IF(AND($L13<=$P$2,94<=$P$2),INDEX(WH_Backend!$DZ$6:$IO$125,$L13,94),0) -> 0 | DC13: =IF(AND($L13<=$P$2,95<=$P$2),INDEX(WH_Backend!$DZ$6:$IO$125,$L13,95),0) -> 0 | DD13: =IF(AND($L13<=$P$2,96<=$P$2),INDEX(WH_Backend!$DZ$6:$IO$125,$L13,96),0) -> 0 | DE13: =IF(AND($L13<=$P$2,97<=$P$2),INDEX(WH_Backend!$DZ$6:$IO$125,$L13,97),0) -> 0 | DF13: =IF(AND($L13<=$P$2,98<=$P$2),INDEX(WH_Backend!$DZ$6:$IO$125,$L13,98),0) -> 0 | DG13: =IF(AND($L13<=$P$2,99<=$P$2),INDEX(WH_Backend!$DZ$6:$IO$125,$L13,99),0) -> 0 | DH13: =IF(AND($L13<=$P$2,100<=$P$2),INDEX(WH_Backend!$DZ$6:$IO$125,$L13,100),0) -> 0 | DI13: =IF(AND($L13<=$P$2,101<=$P$2),INDEX(WH_Backend!$DZ$6:$IO$125,$L13,101),0) -> 0 | DJ13: =IF(AND($L13<=$P$2,102<=$P$2),INDEX(WH_Backend!$DZ$6:$IO$125,$L13,102),0) -> 0 | DK13: =IF(AND($L13<=$P$2,103<=$P$2),INDEX(WH_Backend!$DZ$6:$IO$125,$L13,103),0) -> 0 | DL13: =IF(AND($L13<=$P$2,104<=$P$2),INDEX(WH_Backend!$DZ$6:$IO$125,$L13,104),0) -> 0 | DM13: =IF(AND($L13<=$P$2,105<=$P$2),INDEX(WH_Backend!$DZ$6:$IO$125,$L13,105),0) -> 0 | DN13: =IF(AND($L13<=$P$2,106<=$P$2),INDEX(WH_Backend!$DZ$6:$IO$125,$L13,106),0) -> 0 | DO13: =IF(AND($L13<=$P$2,107<=$P$2),INDEX(WH_Backend!$DZ$6:$IO$125,$L13,107),0) -> 0 | DP13: =IF(AND($L13<=$P$2,108<=$P$2),INDEX(WH_Backend!$DZ$6:$IO$125,$L13,108),0) -> 0 | DQ13: =IF(AND($L13<=$P$2,109<=$P$2),INDEX(WH_Backend!$DZ$6:$IO$125,$L13,109),0) -> 0 | DR13: =IF(AND($L13<=$P$2,110<=$P$2),INDEX(WH_Backend!$DZ$6:$IO$125,$L13,110),0) -> 0 | DS13: =IF(AND($L13<=$P$2,111<=$P$2),INDEX(WH_Backend!$DZ$6:$IO$125,$L13,111),0) -> 0 | DT13: =IF(AND($L13<=$P$2,112<=$P$2),INDEX(WH_Backend!$DZ$6:$IO$125,$L13,112),0) -> 0 | DU13: =IF(AND($L13<=$P$2,113<=$P$2),INDEX(WH_Backend!$DZ$6:$IO$125,$L13,113),0) -> 0 | DV13: =IF(AND($L13<=$P$2,114<=$P$2),INDEX(WH_Backend!$DZ$6:$IO$125,$L13,114),0) -> 0 | DW13: =IF(AND($L13<=$P$2,115<=$P$2),INDEX(WH_Backend!$DZ$6:$IO$125,$L13,115),0) -> 0 | DX13: =IF(AND($L13<=$P$2,116<=$P$2),INDEX(WH_Backend!$DZ$6:$IO$125,$L13,116),0) -> 0 | DY13: =IF(AND($L13<=$P$2,117<=$P$2),INDEX(WH_Backend!$DZ$6:$IO$125,$L13,117),0) -> 0 | DZ13: =IF(AND($L13<=$P$2,118<=$P$2),INDEX(WH_Backend!$DZ$6:$IO$125,$L13,118),0) -> 0 | EA13: =IF(AND($L13<=$P$2,119<=$P$2),INDEX(WH_Backend!$DZ$6:$IO$125,$L13,119),0) -> 0 | EB13: =IF(AND($L13<=$P$2,120<=$P$2),INDEX(WH_Backend!$DZ$6:$IO$125,$L13,120),0) -> 0
A14: =IF(L14<=$P$2,INDEX(WH_Backend!$E$6:$E$125,L14),0) -> 175.02 | B14: {=IF(L14<=$P$2,MMULT(M139:INDEX(M139:EF139,$P$2),$A$6:INDEX($A$6:$A$125,$P$2)),0)} -> 0.00065271933 | C14: =IF(L14<=$P$2,MMULT(M14:INDEX(M14:EF14,$P$2),$B$6:INDEX($B$6:$B$125,$P$2))-A14,0) -> -5.0306426e-12 | E14: =IF(L14<=$P$2,Inputs!A14,"") -> 28 | F14: =IF(L14<=$P$2,Inputs!D14,"") -> 0.00064755076 | G14: =IF(L14<=$P$2,B14,"") -> 0.00065271933 | J14: =IF($L14<=$E$2,WH_Numerical!$F14,"") -> 0.00065189937 | L14: 9 | M14: =IF(AND($L14<=$P$2,1<=$P$2),INDEX(WH_Backend!$DZ$6:$IO$125,$L14,1),0) -> 0 | N14: =IF(AND($L14<=$P$2,2<=$P$2),INDEX(WH_Backend!$DZ$6:$IO$125,$L14,2),0) -> 0 | O14: =IF(AND($L14<=$P$2,3<=$P$2),INDEX(WH_Backend!$DZ$6:$IO$125,$L14,3),0) -> 0 | P14: =IF(AND($L14<=$P$2,4<=$P$2),INDEX(WH_Backend!$DZ$6:$IO$125,$L14,4),0) -> 0 | Q14: =IF(AND($L14<=$P$2,5<=$P$2),INDEX(WH_Backend!$DZ$6:$IO$125,$L14,5),0) -> 0 | R14: =IF(AND($L14<=$P$2,6<=$P$2),INDEX(WH_Backend!$DZ$6:$IO$125,$L14,6),0) -> -10000000 | S14: =IF(AND($L14<=$P$2,7<=$P$2),INDEX(WH_Backend!$DZ$6:$IO$125,$L14,7),0) -> 60000000 | T14: =IF(AND($L14<=$P$2,8<=$P$2),INDEX(WH_Backend!$DZ$6:$IO$125,$L14,8),0) -> -150000000 | U14: =IF(AND($L14<=$P$2,9<=$P$2),INDEX(WH_Backend!$DZ$6:$IO$125,$L14,9),0) -> 2.0027028e+08 | V14: =IF(AND($L14<=$P$2,10<=$P$2),INDEX(WH_Backend!$DZ$6:$IO$125,$L14,10),0) -> -150000000 | W14: =IF(AND($L14<=$P$2,11<=$P$2),INDEX(WH_Backend!$DZ$6:$IO$125,$L14,11),0) -> 60000000 | X14: =IF(AND($L14<=$P$2,12<=$P$2),INDEX(WH_Backend!$DZ$6:$IO$125,$L14,12),0) -> -10000000 | Y14: =IF(AND($L14<=$P$2,13<=$P$2),INDEX(WH_Backend!$DZ$6:$IO$125,$L14,13),0) -> 0 | Z14: =IF(AND($L14<=$P$2,14<=$P$2),INDEX(WH_Backend!$DZ$6:$IO$125,$L14,14),0) -> 0 | AA14: =IF(AND($L14<=$P$2,15<=$P$2),INDEX(WH_Backend!$DZ$6:$IO$125,$L14,15),0) -> 0 | AB14: =IF(AND($L14<=$P$2,16<=$P$2),INDEX(WH_Backend!$DZ$6:$IO$125,$L14,16),0) -> 0 | AC14: =IF(AND($L14<=$P$2,17<=$P$2),INDEX(WH_Backend!$DZ$6:$IO$125,$L14,17),0) -> 0 | AD14: =IF(AND($L14<=$P$2,18<=$P$2),INDEX(WH_Backend!$DZ$6:$IO$125,$L14,18),0) -> 0 | AE14: =IF(AND($L14<=$P$2,19<=$P$2),INDEX(WH_Backend!$DZ$6:$IO$125,$L14,19),0) -> 0 | AF14: =IF(AND($L14<=$P$2,20<=$P$2),INDEX(WH_Backend!$DZ$6:$IO$125,$L14,20),0) -> 0 | AG14: =IF(AND($L14<=$P$2,21<=$P$2),INDEX(WH_Backend!$DZ$6:$IO$125,$L14,21),0) -> 0 | AH14: =IF(AND($L14<=$P$2,22<=$P$2),INDEX(WH_Backend!$DZ$6:$IO$125,$L14,22),0) -> 0 | AI14: =IF(AND($L14<=$P$2,23<=$P$2),INDEX(WH_Backend!$DZ$6:$IO$125,$L14,23),0) -> 0 | AJ14: =IF(AND($L14<=$P$2,24<=$P$2),INDEX(WH_Backend!$DZ$6:$IO$125,$L14,24),0) -> 0 | AK14: =IF(AND($L14<=$P$2,25<=$P$2),INDEX(WH_Backend!$DZ$6:$IO$125,$L14,25),0) -> 0 | AL14: =IF(AND($L14<=$P$2,26<=$P$2),INDEX(WH_Backend!$DZ$6:$IO$125,$L14,26),0) -> 0 | AM14: =IF(AND($L14<=$P$2,27<=$P$2),INDEX(WH_Backend!$DZ$6:$IO$125,$L14,27),0) -> 0 | AN14: =IF(AND($L14<=$P$2,28<=$P$2),INDEX(WH_Backend!$DZ$6:$IO$125,$L14,28),0) -> 0 | AO14: =IF(AND($L14<=$P$2,29<=$P$2),INDEX(WH_Backend!$DZ$6:$IO$125,$L14,29),0) -> 0 | AP14: =IF(AND($L14<=$P$2,30<=$P$2),INDEX(WH_Backend!$DZ$6:$IO$125,$L14,30),0) -> 0 | AQ14: =IF(AND($L14<=$P$2,31<=$P$2),INDEX(WH_Backend!$DZ$6:$IO$125,$L14,31),0) -> 0 | AR14: =IF(AND($L14<=$P$2,32<=$P$2),INDEX(WH_Backend!$DZ$6:$IO$125,$L14,32),0) -> 0 | AS14: =IF(AND($L14<=$P$2,33<=$P$2),INDEX(WH_Backend!$DZ$6:$IO$125,$L14,33),0) -> 0 | AT14: =IF(AND($L14<=$P$2,34<=$P$2),INDEX(WH_Backend!$DZ$6:$IO$125,$L14,34),0) -> 0 | AU14: =IF(AND($L14<=$P$2,35<=$P$2),INDEX(WH_Backend!$DZ$6:$IO$125,$L14,35),0) -> 0 | AV14: =IF(AND($L14<=$P$2,36<=$P$2),INDEX(WH_Backend!$DZ$6:$IO$125,$L14,36),0) -> 0 | AW14: =IF(AND($L14<=$P$2,37<=$P$2),INDEX(WH_Backend!$DZ$6:$IO$125,$L14,37),0) -> 0 | AX14: =IF(AND($L14<=$P$2,38<=$P$2),INDEX(WH_Backend!$DZ$6:$IO$125,$L14,38),0) -> 0 | AY14: =IF(AND($L14<=$P$2,39<=$P$2),INDEX(WH_Backend!$DZ$6:$IO$125,$L14,39),0) -> 0 | AZ14: =IF(AND($L14<=$P$2,40<=$P$2),INDEX(WH_Backend!$DZ$6:$IO$125,$L14,40),0) -> 0 | BA14: =IF(AND($L14<=$P$2,41<=$P$2),INDEX(WH_Backend!$DZ$6:$IO$125,$L14,41),0) -> 0 | BB14: =IF(AND($L14<=$P$2,42<=$P$2),INDEX(WH_Backend!$DZ$6:$IO$125,$L14,42),0) -> 0 | BC14: =IF(AND($L14<=$P$2,43<=$P$2),INDEX(WH_Backend!$DZ$6:$IO$125,$L14,43),0) -> 0 | BD14: =IF(AND($L14<=$P$2,44<=$P$2),INDEX(WH_Backend!$DZ$6:$IO$125,$L14,44),0) -> 0 | BE14: =IF(AND($L14<=$P$2,45<=$P$2),INDEX(WH_Backend!$DZ$6:$IO$125,$L14,45),0) -> 0 | BF14: =IF(AND($L14<=$P$2,46<=$P$2),INDEX(WH_Backend!$DZ$6:$IO$125,$L14,46),0) -> 0 | BG14: =IF(AND($L14<=$P$2,47<=$P$2),INDEX(WH_Backend!$DZ$6:$IO$125,$L14,47),0) -> 0 | BH14: =IF(AND($L14<=$P$2,48<=$P$2),INDEX(WH_Backend!$DZ$6:$IO$125,$L14,48),0) -> 0 | BI14: =IF(AND($L14<=$P$2,49<=$P$2),INDEX(WH_Backend!$DZ$6:$IO$125,$L14,49),0) -> 0 | BJ14: =IF(AND($L14<=$P$2,50<=$P$2),INDEX(WH_Backend!$DZ$6:$IO$125,$L14,50),0) -> 0 | BK14: =IF(AND($L14<=$P$2,51<=$P$2),INDEX(WH_Backend!$DZ$6:$IO$125,$L14,51),0) -> 0 | BL14: =IF(AND($L14<=$P$2,52<=$P$2),INDEX(WH_Backend!$DZ$6:$IO$125,$L14,52),0) -> 0 | BM14: =IF(AND($L14<=$P$2,53<=$P$2),INDEX(WH_Backend!$DZ$6:$IO$125,$L14,53),0) -> 0 | BN14: =IF(AND($L14<=$P$2,54<=$P$2),INDEX(WH_Backend!$DZ$6:$IO$125,$L14,54),0) -> 0 | BO14: =IF(AND($L14<=$P$2,55<=$P$2),INDEX(WH_Backend!$DZ$6:$IO$125,$L14,55),0) -> 0 | BP14: =IF(AND($L14<=$P$2,56<=$P$2),INDEX(WH_Backend!$DZ$6:$IO$125,$L14,56),0) -> 0 | BQ14: =IF(AND($L14<=$P$2,57<=$P$2),INDEX(WH_Backend!$DZ$6:$IO$125,$L14,57),0) -> 0 | BR14: =IF(AND($L14<=$P$2,58<=$P$2),INDEX(WH_Backend!$DZ$6:$IO$125,$L14,58),0) -> 0 | BS14: =IF(AND($L14<=$P$2,59<=$P$2),INDEX(WH_Backend!$DZ$6:$IO$125,$L14,59),0) -> 0 | BT14: =IF(AND($L14<=$P$2,60<=$P$2),INDEX(WH_Backend!$DZ$6:$IO$125,$L14,60),0) -> 0 | BU14: =IF(AND($L14<=$P$2,61<=$P$2),INDEX(WH_Backend!$DZ$6:$IO$125,$L14,61),0) -> 0 | BV14: =IF(AND($L14<=$P$2,62<=$P$2),INDEX(WH_Backend!$DZ$6:$IO$125,$L14,62),0) -> 0 | BW14: =IF(AND($L14<=$P$2,63<=$P$2),INDEX(WH_Backend!$DZ$6:$IO$125,$L14,63),0) -> 0 | BX14: =IF(AND($L14<=$P$2,64<=$P$2),INDEX(WH_Backend!$DZ$6:$IO$125,$L14,64),0) -> 0 | BY14: =IF(AND($L14<=$P$2,65<=$P$2),INDEX(WH_Backend!$DZ$6:$IO$125,$L14,65),0) -> 0 | BZ14: =IF(AND($L14<=$P$2,66<=$P$2),INDEX(WH_Backend!$DZ$6:$IO$125,$L14,66),0) -> 0 | CA14: =IF(AND($L14<=$P$2,67<=$P$2),INDEX(WH_Backend!$DZ$6:$IO$125,$L14,67),0) -> 0 | CB14: =IF(AND($L14<=$P$2,68<=$P$2),INDEX(WH_Backend!$DZ$6:$IO$125,$L14,68),0) -> 0 | CC14: =IF(AND($L14<=$P$2,69<=$P$2),INDEX(WH_Backend!$DZ$6:$IO$125,$L14,69),0) -> 0 | CD14: =IF(AND($L14<=$P$2,70<=$P$2),INDEX(WH_Backend!$DZ$6:$IO$125,$L14,70),0) -> 0 | CE14: =IF(AND($L14<=$P$2,71<=$P$2),INDEX(WH_Backend!$DZ$6:$IO$125,$L14,71),0) -> 0 | CF14: =IF(AND($L14<=$P$2,72<=$P$2),INDEX(WH_Backend!$DZ$6:$IO$125,$L14,72),0) -> 0 | CG14: =IF(AND($L14<=$P$2,73<=$P$2),INDEX(WH_Backend!$DZ$6:$IO$125,$L14,73),0) -> 0 | CH14: =IF(AND($L14<=$P$2,74<=$P$2),INDEX(WH_Backend!$DZ$6:$IO$125,$L14,74),0) -> 0 | CI14: =IF(AND($L14<=$P$2,75<=$P$2),INDEX(WH_Backend!$DZ$6:$IO$125,$L14,75),0) -> 0 | CJ14: =IF(AND($L14<=$P$2,76<=$P$2),INDEX(WH_Backend!$DZ$6:$IO$125,$L14,76),0) -> 0 | CK14: =IF(AND($L14<=$P$2,77<=$P$2),INDEX(WH_Backend!$DZ$6:$IO$125,$L14,77),0) -> 0 | CL14: =IF(AND($L14<=$P$2,78<=$P$2),INDEX(WH_Backend!$DZ$6:$IO$125,$L14,78),0) -> 0 | CM14: =IF(AND($L14<=$P$2,79<=$P$2),INDEX(WH_Backend!$DZ$6:$IO$125,$L14,79),0) -> 0 | CN14: =IF(AND($L14<=$P$2,80<=$P$2),INDEX(WH_Backend!$DZ$6:$IO$125,$L14,80),0) -> 0 | CO14: =IF(AND($L14<=$P$2,81<=$P$2),INDEX(WH_Backend!$DZ$6:$IO$125,$L14,81),0) -> 0 | CP14: =IF(AND($L14<=$P$2,82<=$P$2),INDEX(WH_Backend!$DZ$6:$IO$125,$L14,82),0) -> 0 | CQ14: =IF(AND($L14<=$P$2,83<=$P$2),INDEX(WH_Backend!$DZ$6:$IO$125,$L14,83),0) -> 0 | CR14: =IF(AND($L14<=$P$2,84<=$P$2),INDEX(WH_Backend!$DZ$6:$IO$125,$L14,84),0) -> 0 | CS14: =IF(AND($L14<=$P$2,85<=$P$2),INDEX(WH_Backend!$DZ$6:$IO$125,$L14,85),0) -> 0 | CT14: =IF(AND($L14<=$P$2,86<=$P$2),INDEX(WH_Backend!$DZ$6:$IO$125,$L14,86),0) -> 0 | CU14: =IF(AND($L14<=$P$2,87<=$P$2),INDEX(WH_Backend!$DZ$6:$IO$125,$L14,87),0) -> 0 | CV14: =IF(AND($L14<=$P$2,88<=$P$2),INDEX(WH_Backend!$DZ$6:$IO$125,$L14,88),0) -> 0 | CW14: =IF(AND($L14<=$P$2,89<=$P$2),INDEX(WH_Backend!$DZ$6:$IO$125,$L14,89),0) -> 0 | CX14: =IF(AND($L14<=$P$2,90<=$P$2),INDEX(WH_Backend!$DZ$6:$IO$125,$L14,90),0) -> 0 | CY14: =IF(AND($L14<=$P$2,91<=$P$2),INDEX(WH_Backend!$DZ$6:$IO$125,$L14,91),0) -> 0 | CZ14: =IF(AND($L14<=$P$2,92<=$P$2),INDEX(WH_Backend!$DZ$6:$IO$125,$L14,92),0) -> 0 | DA14: =IF(AND($L14<=$P$2,93<=$P$2),INDEX(WH_Backend!$DZ$6:$IO$125,$L14,93),0) -> 0 | DB14: =IF(AND($L14<=$P$2,94<=$P$2),INDEX(WH_Backend!$DZ$6:$IO$125,$L14,94),0) -> 0 | DC14: =IF(AND($L14<=$P$2,95<=$P$2),INDEX(WH_Backend!$DZ$6:$IO$125,$L14,95),0) -> 0 | DD14: =IF(AND($L14<=$P$2,96<=$P$2),INDEX(WH_Backend!$DZ$6:$IO$125,$L14,96),0) -> 0 | DE14: =IF(AND($L14<=$P$2,97<=$P$2),INDEX(WH_Backend!$DZ$6:$IO$125,$L14,97),0) -> 0 | DF14: =IF(AND($L14<=$P$2,98<=$P$2),INDEX(WH_Backend!$DZ$6:$IO$125,$L14,98),0) -> 0 | DG14: =IF(AND($L14<=$P$2,99<=$P$2),INDEX(WH_Backend!$DZ$6:$IO$125,$L14,99),0) -> 0 | DH14: =IF(AND($L14<=$P$2,100<=$P$2),INDEX(WH_Backend!$DZ$6:$IO$125,$L14,100),0) -> 0 | DI14: =IF(AND($L14<=$P$2,101<=$P$2),INDEX(WH_Backend!$DZ$6:$IO$125,$L14,101),0) -> 0 | DJ14: =IF(AND($L14<=$P$2,102<=$P$2),INDEX(WH_Backend!$DZ$6:$IO$125,$L14,102),0) -> 0 | DK14: =IF(AND($L14<=$P$2,103<=$P$2),INDEX(WH_Backend!$DZ$6:$IO$125,$L14,103),0) -> 0 | DL14: =IF(AND($L14<=$P$2,104<=$P$2),INDEX(WH_Backend!$DZ$6:$IO$125,$L14,104),0) -> 0 | DM14: =IF(AND($L14<=$P$2,105<=$P$2),INDEX(WH_Backend!$DZ$6:$IO$125,$L14,105),0) -> 0 | DN14: =IF(AND($L14<=$P$2,106<=$P$2),INDEX(WH_Backend!$DZ$6:$IO$125,$L14,106),0) -> 0 | DO14: =IF(AND($L14<=$P$2,107<=$P$2),INDEX(WH_Backend!$DZ$6:$IO$125,$L14,107),0) -> 0 | DP14: =IF(AND($L14<=$P$2,108<=$P$2),INDEX(WH_Backend!$DZ$6:$IO$125,$L14,108),0) -> 0 | DQ14: =IF(AND($L14<=$P$2,109<=$P$2),INDEX(WH_Backend!$DZ$6:$IO$125,$L14,109),0) -> 0 | DR14: =IF(AND($L14<=$P$2,110<=$P$2),INDEX(WH_Backend!$DZ$6:$IO$125,$L14,110),0) -> 0 | DS14: =IF(AND($L14<=$P$2,111<=$P$2),INDEX(WH_Backend!$DZ$6:$IO$125,$L14,111),0) -> 0 | DT14: =IF(AND($L14<=$P$2,112<=$P$2),INDEX(WH_Backend!$DZ$6:$IO$125,$L14,112),0) -> 0 | DU14: =IF(AND($L14<=$P$2,113<=$P$2),INDEX(WH_Backend!$DZ$6:$IO$125,$L14,113),0) -> 0 | DV14: =IF(AND($L14<=$P$2,114<=$P$2),INDEX(WH_Backend!$DZ$6:$IO$125,$L14,114),0) -> 0 | DW14: =IF(AND($L14<=$P$2,115<=$P$2),INDEX(WH_Backend!$DZ$6:$IO$125,$L14,115),0) -> 0 | DX14: =IF(AND($L14<=$P$2,116<=$P$2),INDEX(WH_Backend!$DZ$6:$IO$125,$L14,116),0) -> 0 | DY14: =IF(AND($L14<=$P$2,117<=$P$2),INDEX(WH_Backend!$DZ$6:$IO$125,$L14,117),0) -> 0 | DZ14: =IF(AND($L14<=$P$2,118<=$P$2),INDEX(WH_Backend!$DZ$6:$IO$125,$L14,118),0) -> 0 | EA14: =IF(AND($L14<=$P$2,119<=$P$2),INDEX(WH_Backend!$DZ$6:$IO$125,$L14,119),0) -> 0 | EB14: =IF(AND($L14<=$P$2,120<=$P$2),INDEX(WH_Backend!$DZ$6:$IO$125,$L14,120),0) -> 0
A15: =IF(L15<=$P$2,INDEX(WH_Backend!$E$6:$E$125,L15),0) -> 200.02 | B15: {=IF(L15<=$P$2,MMULT(M140:INDEX(M140:EF140,$P$2),$A$6:INDEX($A$6:$A$125,$P$2)),0)} -> 0.00067844992 | C15: =IF(L15<=$P$2,MMULT(M15:INDEX(M15:EF15,$P$2),$B$6:INDEX($B$6:$B$125,$P$2))-A15,0) -> -6.5966788e-11 | E15: =IF(L15<=$P$2,Inputs!A15,"") -> 29 | F15: =IF(L15<=$P$2,Inputs!D15,"") -> 0.00072829109 | G15: =IF(L15<=$P$2,B15,"") -> 0.00067844992 | J15: =IF($L15<=$E$2,WH_Numerical!$F15,"") -> 0.00067769987 | L15: 10 | M15: =IF(AND($L15<=$P$2,1<=$P$2),INDEX(WH_Backend!$DZ$6:$IO$125,$L15,1),0) -> 0 | N15: =IF(AND($L15<=$P$2,2<=$P$2),INDEX(WH_Backend!$DZ$6:$IO$125,$L15,2),0) -> 0 | O15: =IF(AND($L15<=$P$2,3<=$P$2),INDEX(WH_Backend!$DZ$6:$IO$125,$L15,3),0) -> 0 | P15: =IF(AND($L15<=$P$2,4<=$P$2),INDEX(WH_Backend!$DZ$6:$IO$125,$L15,4),0) -> 0 | Q15: =IF(AND($L15<=$P$2,5<=$P$2),INDEX(WH_Backend!$DZ$6:$IO$125,$L15,5),0) -> 0 | R15: =IF(AND($L15<=$P$2,6<=$P$2),INDEX(WH_Backend!$DZ$6:$IO$125,$L15,6),0) -> 0 | S15: =IF(AND($L15<=$P$2,7<=$P$2),INDEX(WH_Backend!$DZ$6:$IO$125,$L15,7),0) -> -10000000 | T15: =IF(AND($L15<=$P$2,8<=$P$2),INDEX(WH_Backend!$DZ$6:$IO$125,$L15,8),0) -> 60000000 | U15: =IF(AND($L15<=$P$2,9<=$P$2),INDEX(WH_Backend!$DZ$6:$IO$125,$L15,9),0) -> -150000000 | V15: =IF(AND($L15<=$P$2,10<=$P$2),INDEX(WH_Backend!$DZ$6:$IO$125,$L15,10),0) -> 2.0027464e+08 | W15: =IF(AND($L15<=$P$2,11<=$P$2),INDEX(WH_Backend!$DZ$6:$IO$125,$L15,11),0) -> -150000000 | X15: =IF(AND($L15<=$P$2,12<=$P$2),INDEX(WH_Backend!$DZ$6:$IO$125,$L15,12),0) -> 60000000 | Y15: =IF(AND($L15<=$P$2,13<=$P$2),INDEX(WH_Backend!$DZ$6:$IO$125,$L15,13),0) -> -10000000 | Z15: =IF(AND($L15<=$P$2,14<=$P$2),INDEX(WH_Backend!$DZ$6:$IO$125,$L15,14),0) -> 0 | AA15: =IF(AND($L15<=$P$2,15<=$P$2),INDEX(WH_Backend!$DZ$6:$IO$125,$L15,15),0) -> 0 | AB15: =IF(AND($L15<=$P$2,16<=$P$2),INDEX(WH_Backend!$DZ$6:$IO$125,$L15,16),0) -> 0 | AC15: =IF(AND($L15<=$P$2,17<=$P$2),INDEX(WH_Backend!$DZ$6:$IO$125,$L15,17),0) -> 0 | AD15: =IF(AND($L15<=$P$2,18<=$P$2),INDEX(WH_Backend!$DZ$6:$IO$125,$L15,18),0) -> 0 | AE15: =IF(AND($L15<=$P$2,19<=$P$2),INDEX(WH_Backend!$DZ$6:$IO$125,$L15,19),0) -> 0 | AF15: =IF(AND($L15<=$P$2,20<=$P$2),INDEX(WH_Backend!$DZ$6:$IO$125,$L15,20),0) -> 0 | AG15: =IF(AND($L15<=$P$2,21<=$P$2),INDEX(WH_Backend!$DZ$6:$IO$125,$L15,21),0) -> 0 | AH15: =IF(AND($L15<=$P$2,22<=$P$2),INDEX(WH_Backend!$DZ$6:$IO$125,$L15,22),0) -> 0 | AI15: =IF(AND($L15<=$P$2,23<=$P$2),INDEX(WH_Backend!$DZ$6:$IO$125,$L15,23),0) -> 0 | AJ15: =IF(AND($L15<=$P$2,24<=$P$2),INDEX(WH_Backend!$DZ$6:$IO$125,$L15,24),0) -> 0 | AK15: =IF(AND($L15<=$P$2,25<=$P$2),INDEX(WH_Backend!$DZ$6:$IO$125,$L15,25),0) -> 0 | AL15: =IF(AND($L15<=$P$2,26<=$P$2),INDEX(WH_Backend!$DZ$6:$IO$125,$L15,26),0) -> 0 | AM15: =IF(AND($L15<=$P$2,27<=$P$2),INDEX(WH_Backend!$DZ$6:$IO$125,$L15,27),0) -> 0 | AN15: =IF(AND($L15<=$P$2,28<=$P$2),INDEX(WH_Backend!$DZ$6:$IO$125,$L15,28),0) -> 0 | AO15: =IF(AND($L15<=$P$2,29<=$P$2),INDEX(WH_Backend!$DZ$6:$IO$125,$L15,29),0) -> 0 | AP15: =IF(AND($L15<=$P$2,30<=$P$2),INDEX(WH_Backend!$DZ$6:$IO$125,$L15,30),0) -> 0 | AQ15: =IF(AND($L15<=$P$2,31<=$P$2),INDEX(WH_Backend!$DZ$6:$IO$125,$L15,31),0) -> 0 | AR15: =IF(AND($L15<=$P$2,32<=$P$2),INDEX(WH_Backend!$DZ$6:$IO$125,$L15,32),0) -> 0 | AS15: =IF(AND($L15<=$P$2,33<=$P$2),INDEX(WH_Backend!$DZ$6:$IO$125,$L15,33),0) -> 0 | AT15: =IF(AND($L15<=$P$2,34<=$P$2),INDEX(WH_Backend!$DZ$6:$IO$125,$L15,34),0) -> 0 | AU15: =IF(AND($L15<=$P$2,35<=$P$2),INDEX(WH_Backend!$DZ$6:$IO$125,$L15,35),0) -> 0 | AV15: =IF(AND($L15<=$P$2,36<=$P$2),INDEX(WH_Backend!$DZ$6:$IO$125,$L15,36),0) -> 0 | AW15: =IF(AND($L15<=$P$2,37<=$P$2),INDEX(WH_Backend!$DZ$6:$IO$125,$L15,37),0) -> 0 | AX15: =IF(AND($L15<=$P$2,38<=$P$2),INDEX(WH_Backend!$DZ$6:$IO$125,$L15,38),0) -> 0 | AY15: =IF(AND($L15<=$P$2,39<=$P$2),INDEX(WH_Backend!$DZ$6:$IO$125,$L15,39),0) -> 0 | AZ15: =IF(AND($L15<=$P$2,40<=$P$2),INDEX(WH_Backend!$DZ$6:$IO$125,$L15,40),0) -> 0 | BA15: =IF(AND($L15<=$P$2,41<=$P$2),INDEX(WH_Backend!$DZ$6:$IO$125,$L15,41),0) -> 0 | BB15: =IF(AND($L15<=$P$2,42<=$P$2),INDEX(WH_Backend!$DZ$6:$IO$125,$L15,42),0) -> 0 | BC15: =IF(AND($L15<=$P$2,43<=$P$2),INDEX(WH_Backend!$DZ$6:$IO$125,$L15,43),0) -> 0 | BD15: =IF(AND($L15<=$P$2,44<=$P$2),INDEX(WH_Backend!$DZ$6:$IO$125,$L15,44),0) -> 0 | BE15: =IF(AND($L15<=$P$2,45<=$P$2),INDEX(WH_Backend!$DZ$6:$IO$125,$L15,45),0) -> 0 | BF15: =IF(AND($L15<=$P$2,46<=$P$2),INDEX(WH_Backend!$DZ$6:$IO$125,$L15,46),0) -> 0 | BG15: =IF(AND($L15<=$P$2,47<=$P$2),INDEX(WH_Backend!$DZ$6:$IO$125,$L15,47),0) -> 0 | BH15: =IF(AND($L15<=$P$2,48<=$P$2),INDEX(WH_Backend!$DZ$6:$IO$125,$L15,48),0) -> 0 | BI15: =IF(AND($L15<=$P$2,49<=$P$2),INDEX(WH_Backend!$DZ$6:$IO$125,$L15,49),0) -> 0 | BJ15: =IF(AND($L15<=$P$2,50<=$P$2),INDEX(WH_Backend!$DZ$6:$IO$125,$L15,50),0) -> 0 | BK15: =IF(AND($L15<=$P$2,51<=$P$2),INDEX(WH_Backend!$DZ$6:$IO$125,$L15,51),0) -> 0 | BL15: =IF(AND($L15<=$P$2,52<=$P$2),INDEX(WH_Backend!$DZ$6:$IO$125,$L15,52),0) -> 0 | BM15: =IF(AND($L15<=$P$2,53<=$P$2),INDEX(WH_Backend!$DZ$6:$IO$125,$L15,53),0) -> 0 | BN15: =IF(AND($L15<=$P$2,54<=$P$2),INDEX(WH_Backend!$DZ$6:$IO$125,$L15,54),0) -> 0 | BO15: =IF(AND($L15<=$P$2,55<=$P$2),INDEX(WH_Backend!$DZ$6:$IO$125,$L15,55),0) -> 0 | BP15: =IF(AND($L15<=$P$2,56<=$P$2),INDEX(WH_Backend!$DZ$6:$IO$125,$L15,56),0) -> 0 | BQ15: =IF(AND($L15<=$P$2,57<=$P$2),INDEX(WH_Backend!$DZ$6:$IO$125,$L15,57),0) -> 0 | BR15: =IF(AND($L15<=$P$2,58<=$P$2),INDEX(WH_Backend!$DZ$6:$IO$125,$L15,58),0) -> 0 | BS15: =IF(AND($L15<=$P$2,59<=$P$2),INDEX(WH_Backend!$DZ$6:$IO$125,$L15,59),0) -> 0 | BT15: =IF(AND($L15<=$P$2,60<=$P$2),INDEX(WH_Backend!$DZ$6:$IO$125,$L15,60),0) -> 0 | BU15: =IF(AND($L15<=$P$2,61<=$P$2),INDEX(WH_Backend!$DZ$6:$IO$125,$L15,61),0) -> 0 | BV15: =IF(AND($L15<=$P$2,62<=$P$2),INDEX(WH_Backend!$DZ$6:$IO$125,$L15,62),0) -> 0 | BW15: =IF(AND($L15<=$P$2,63<=$P$2),INDEX(WH_Backend!$DZ$6:$IO$125,$L15,63),0) -> 0 | BX15: =IF(AND($L15<=$P$2,64<=$P$2),INDEX(WH_Backend!$DZ$6:$IO$125,$L15,64),0) -> 0 | BY15: =IF(AND($L15<=$P$2,65<=$P$2),INDEX(WH_Backend!$DZ$6:$IO$125,$L15,65),0) -> 0 | BZ15: =IF(AND($L15<=$P$2,66<=$P$2),INDEX(WH_Backend!$DZ$6:$IO$125,$L15,66),0) -> 0 | CA15: =IF(AND($L15<=$P$2,67<=$P$2),INDEX(WH_Backend!$DZ$6:$IO$125,$L15,67),0) -> 0 | CB15: =IF(AND($L15<=$P$2,68<=$P$2),INDEX(WH_Backend!$DZ$6:$IO$125,$L15,68),0) -> 0 | CC15: =IF(AND($L15<=$P$2,69<=$P$2),INDEX(WH_Backend!$DZ$6:$IO$125,$L15,69),0) -> 0 | CD15: =IF(AND($L15<=$P$2,70<=$P$2),INDEX(WH_Backend!$DZ$6:$IO$125,$L15,70),0) -> 0 | CE15: =IF(AND($L15<=$P$2,71<=$P$2),INDEX(WH_Backend!$DZ$6:$IO$125,$L15,71),0) -> 0 | CF15: =IF(AND($L15<=$P$2,72<=$P$2),INDEX(WH_Backend!$DZ$6:$IO$125,$L15,72),0) -> 0 | CG15: =IF(AND($L15<=$P$2,73<=$P$2),INDEX(WH_Backend!$DZ$6:$IO$125,$L15,73),0) -> 0 | CH15: =IF(AND($L15<=$P$2,74<=$P$2),INDEX(WH_Backend!$DZ$6:$IO$125,$L15,74),0) -> 0 | CI15: =IF(AND($L15<=$P$2,75<=$P$2),INDEX(WH_Backend!$DZ$6:$IO$125,$L15,75),0) -> 0 | CJ15: =IF(AND($L15<=$P$2,76<=$P$2),INDEX(WH_Backend!$DZ$6:$IO$125,$L15,76),0) -> 0 | CK15: =IF(AND($L15<=$P$2,77<=$P$2),INDEX(WH_Backend!$DZ$6:$IO$125,$L15,77),0) -> 0 | CL15: =IF(AND($L15<=$P$2,78<=$P$2),INDEX(WH_Backend!$DZ$6:$IO$125,$L15,78),0) -> 0 | CM15: =IF(AND($L15<=$P$2,79<=$P$2),INDEX(WH_Backend!$DZ$6:$IO$125,$L15,79),0) -> 0 | CN15: =IF(AND($L15<=$P$2,80<=$P$2),INDEX(WH_Backend!$DZ$6:$IO$125,$L15,80),0) -> 0 | CO15: =IF(AND($L15<=$P$2,81<=$P$2),INDEX(WH_Backend!$DZ$6:$IO$125,$L15,81),0) -> 0 | CP15: =IF(AND($L15<=$P$2,82<=$P$2),INDEX(WH_Backend!$DZ$6:$IO$125,$L15,82),0) -> 0 | CQ15: =IF(AND($L15<=$P$2,83<=$P$2),INDEX(WH_Backend!$DZ$6:$IO$125,$L15,83),0) -> 0 | CR15: =IF(AND($L15<=$P$2,84<=$P$2),INDEX(WH_Backend!$DZ$6:$IO$125,$L15,84),0) -> 0 | CS15: =IF(AND($L15<=$P$2,85<=$P$2),INDEX(WH_Backend!$DZ$6:$IO$125,$L15,85),0) -> 0 | CT15: =IF(AND($L15<=$P$2,86<=$P$2),INDEX(WH_Backend!$DZ$6:$IO$125,$L15,86),0) -> 0 | CU15: =IF(AND($L15<=$P$2,87<=$P$2),INDEX(WH_Backend!$DZ$6:$IO$125,$L15,87),0) -> 0 | CV15: =IF(AND($L15<=$P$2,88<=$P$2),INDEX(WH_Backend!$DZ$6:$IO$125,$L15,88),0) -> 0 | CW15: =IF(AND($L15<=$P$2,89<=$P$2),INDEX(WH_Backend!$DZ$6:$IO$125,$L15,89),0) -> 0 | CX15: =IF(AND($L15<=$P$2,90<=$P$2),INDEX(WH_Backend!$DZ$6:$IO$125,$L15,90),0) -> 0 | CY15: =IF(AND($L15<=$P$2,91<=$P$2),INDEX(WH_Backend!$DZ$6:$IO$125,$L15,91),0) -> 0 | CZ15: =IF(AND($L15<=$P$2,92<=$P$2),INDEX(WH_Backend!$DZ$6:$IO$125,$L15,92),0) -> 0 | DA15: =IF(AND($L15<=$P$2,93<=$P$2),INDEX(WH_Backend!$DZ$6:$IO$125,$L15,93),0) -> 0 | DB15: =IF(AND($L15<=$P$2,94<=$P$2),INDEX(WH_Backend!$DZ$6:$IO$125,$L15,94),0) -> 0 | DC15: =IF(AND($L15<=$P$2,95<=$P$2),INDEX(WH_Backend!$DZ$6:$IO$125,$L15,95),0) -> 0 | DD15: =IF(AND($L15<=$P$2,96<=$P$2),INDEX(WH_Backend!$DZ$6:$IO$125,$L15,96),0) -> 0 | DE15: =IF(AND($L15<=$P$2,97<=$P$2),INDEX(WH_Backend!$DZ$6:$IO$125,$L15,97),0) -> 0 | DF15: =IF(AND($L15<=$P$2,98<=$P$2),INDEX(WH_Backend!$DZ$6:$IO$125,$L15,98),0) -> 0 | DG15: =IF(AND($L15<=$P$2,99<=$P$2),INDEX(WH_Backend!$DZ$6:$IO$125,$L15,99),0) -> 0 | DH15: =IF(AND($L15<=$P$2,100<=$P$2),INDEX(WH_Backend!$DZ$6:$IO$125,$L15,100),0) -> 0 | DI15: =IF(AND($L15<=$P$2,101<=$P$2),INDEX(WH_Backend!$DZ$6:$IO$125,$L15,101),0) -> 0 | DJ15: =IF(AND($L15<=$P$2,102<=$P$2),INDEX(WH_Backend!$DZ$6:$IO$125,$L15,102),0) -> 0 | DK15: =IF(AND($L15<=$P$2,103<=$P$2),INDEX(WH_Backend!$DZ$6:$IO$125,$L15,103),0) -> 0 | DL15: =IF(AND($L15<=$P$2,104<=$P$2),INDEX(WH_Backend!$DZ$6:$IO$125,$L15,104),0) -> 0 | DM15: =IF(AND($L15<=$P$2,105<=$P$2),INDEX(WH_Backend!$DZ$6:$IO$125,$L15,105),0) -> 0 | DN15: =IF(AND($L15<=$P$2,106<=$P$2),INDEX(WH_Backend!$DZ$6:$IO$125,$L15,106),0) -> 0 | DO15: =IF(AND($L15<=$P$2,107<=$P$2),INDEX(WH_Backend!$DZ$6:$IO$125,$L15,107),0) -> 0 | DP15: =IF(AND($L15<=$P$2,108<=$P$2),INDEX(WH_Backend!$DZ$6:$IO$125,$L15,108),0) -> 0 | DQ15: =IF(AND($L15<=$P$2,109<=$P$2),INDEX(WH_Backend!$DZ$6:$IO$125,$L15,109),0) -> 0 | DR15: =IF(AND($L15<=$P$2,110<=$P$2),INDEX(WH_Backend!$DZ$6:$IO$125,$L15,110),0) -> 0 | DS15: =IF(AND($L15<=$P$2,111<=$P$2),INDEX(WH_Backend!$DZ$6:$IO$125,$L15,111),0) -> 0 | DT15: =IF(AND($L15<=$P$2,112<=$P$2),INDEX(WH_Backend!$DZ$6:$IO$125,$L15,112),0) -> 0 | DU15: =IF(AND($L15<=$P$2,113<=$P$2),INDEX(WH_Backend!$DZ$6:$IO$125,$L15,113),0) -> 0 | DV15: =IF(AND($L15<=$P$2,114<=$P$2),INDEX(WH_Backend!$DZ$6:$IO$125,$L15,114),0) -> 0 | DW15: =IF(AND($L15<=$P$2,115<=$P$2),INDEX(WH_Backend!$DZ$6:$IO$125,$L15,115),0) -> 0 | DX15: =IF(AND($L15<=$P$2,116<=$P$2),INDEX(WH_Backend!$DZ$6:$IO$125,$L15,116),0) -> 0 | DY15: =IF(AND($L15<=$P$2,117<=$P$2),INDEX(WH_Backend!$DZ$6:$IO$125,$L15,117),0) -> 0 | DZ15: =IF(AND($L15<=$P$2,118<=$P$2),INDEX(WH_Backend!$DZ$6:$IO$125,$L15,118),0) -> 0 | EA15: =IF(AND($L15<=$P$2,119<=$P$2),INDEX(WH_Backend!$DZ$6:$IO$125,$L15,119),0) -> 0 | EB15: =IF(AND($L15<=$P$2,120<=$P$2),INDEX(WH_Backend!$DZ$6:$IO$125,$L15,120),0) -> 0
A16: =IF(L16<=$P$2,INDEX(WH_Backend!$E$6:$E$125,L16),0) -> 193.02 | B16: {=IF(L16<=$P$2,MMULT(M141:INDEX(M141:EF141,$P$2),$A$6:INDEX($A$6:$A$125,$P$2)),0)} -> 0.00070313189 | C16: =IF(L16<=$P$2,MMULT(M16:INDEX(M16:EF16,$P$2),$B$6:INDEX($B$6:$B$125,$P$2))-A16,0) -> 6.2271965e-11 | E16: =IF(L16<=$P$2,Inputs!A16,"") -> 30 | F16: =IF(L16<=$P$2,Inputs!D16,"") -> 0.00068595405 | G16: =IF(L16<=$P$2,B16,"") -> 0.00070313189 | J16: =IF($L16<=$E$2,WH_Numerical!$F16,"") -> 0.00070249136 | L16: 11 | M16: =IF(AND($L16<=$P$2,1<=$P$2),INDEX(WH_Backend!$DZ$6:$IO$125,$L16,1),0) -> 0 | N16: =IF(AND($L16<=$P$2,2<=$P$2),INDEX(WH_Backend!$DZ$6:$IO$125,$L16,2),0) -> 0 | O16: =IF(AND($L16<=$P$2,3<=$P$2),INDEX(WH_Backend!$DZ$6:$IO$125,$L16,3),0) -> 0 | P16: =IF(AND($L16<=$P$2,4<=$P$2),INDEX(WH_Backend!$DZ$6:$IO$125,$L16,4),0) -> 0 | Q16: =IF(AND($L16<=$P$2,5<=$P$2),INDEX(WH_Backend!$DZ$6:$IO$125,$L16,5),0) -> 0 | R16: =IF(AND($L16<=$P$2,6<=$P$2),INDEX(WH_Backend!$DZ$6:$IO$125,$L16,6),0) -> 0 | S16: =IF(AND($L16<=$P$2,7<=$P$2),INDEX(WH_Backend!$DZ$6:$IO$125,$L16,7),0) -> 0 | T16: =IF(AND($L16<=$P$2,8<=$P$2),INDEX(WH_Backend!$DZ$6:$IO$125,$L16,8),0) -> -10000000 | U16: =IF(AND($L16<=$P$2,9<=$P$2),INDEX(WH_Backend!$DZ$6:$IO$125,$L16,9),0) -> 60000000 | V16: =IF(AND($L16<=$P$2,10<=$P$2),INDEX(WH_Backend!$DZ$6:$IO$125,$L16,10),0) -> -150000000 | W16: =IF(AND($L16<=$P$2,11<=$P$2),INDEX(WH_Backend!$DZ$6:$IO$125,$L16,11),0) -> 2.0028139e+08 | X16: =IF(AND($L16<=$P$2,12<=$P$2),INDEX(WH_Backend!$DZ$6:$IO$125,$L16,12),0) -> -150000000 | Y16: =IF(AND($L16<=$P$2,13<=$P$2),INDEX(WH_Backend!$DZ$6:$IO$125,$L16,13),0) -> 60000000 | Z16: =IF(AND($L16<=$P$2,14<=$P$2),INDEX(WH_Backend!$DZ$6:$IO$125,$L16,14),0) -> -10000000 | AA16: =IF(AND($L16<=$P$2,15<=$P$2),INDEX(WH_Backend!$DZ$6:$IO$125,$L16,15),0) -> 0 | AB16: =IF(AND($L16<=$P$2,16<=$P$2),INDEX(WH_Backend!$DZ$6:$IO$125,$L16,16),0) -> 0 | AC16: =IF(AND($L16<=$P$2,17<=$P$2),INDEX(WH_Backend!$DZ$6:$IO$125,$L16,17),0) -> 0 | AD16: =IF(AND($L16<=$P$2,18<=$P$2),INDEX(WH_Backend!$DZ$6:$IO$125,$L16,18),0) -> 0 | AE16: =IF(AND($L16<=$P$2,19<=$P$2),INDEX(WH_Backend!$DZ$6:$IO$125,$L16,19),0) -> 0 | AF16: =IF(AND($L16<=$P$2,20<=$P$2),INDEX(WH_Backend!$DZ$6:$IO$125,$L16,20),0) -> 0 | AG16: =IF(AND($L16<=$P$2,21<=$P$2),INDEX(WH_Backend!$DZ$6:$IO$125,$L16,21),0) -> 0 | AH16: =IF(AND($L16<=$P$2,22<=$P$2),INDEX(WH_Backend!$DZ$6:$IO$125,$L16,22),0) -> 0 | AI16: =IF(AND($L16<=$P$2,23<=$P$2),INDEX(WH_Backend!$DZ$6:$IO$125,$L16,23),0) -> 0 | AJ16: =IF(AND($L16<=$P$2,24<=$P$2),INDEX(WH_Backend!$DZ$6:$IO$125,$L16,24),0) -> 0 | AK16: =IF(AND($L16<=$P$2,25<=$P$2),INDEX(WH_Backend!$DZ$6:$IO$125,$L16,25),0) -> 0 | AL16: =IF(AND($L16<=$P$2,26<=$P$2),INDEX(WH_Backend!$DZ$6:$IO$125,$L16,26),0) -> 0 | AM16: =IF(AND($L16<=$P$2,27<=$P$2),INDEX(WH_Backend!$DZ$6:$IO$125,$L16,27),0) -> 0 | AN16: =IF(AND($L16<=$P$2,28<=$P$2),INDEX(WH_Backend!$DZ$6:$IO$125,$L16,28),0) -> 0 | AO16: =IF(AND($L16<=$P$2,29<=$P$2),INDEX(WH_Backend!$DZ$6:$IO$125,$L16,29),0) -> 0 | AP16: =IF(AND($L16<=$P$2,30<=$P$2),INDEX(WH_Backend!$DZ$6:$IO$125,$L16,30),0) -> 0 | AQ16: =IF(AND($L16<=$P$2,31<=$P$2),INDEX(WH_Backend!$DZ$6:$IO$125,$L16,31),0) -> 0 | AR16: =IF(AND($L16<=$P$2,32<=$P$2),INDEX(WH_Backend!$DZ$6:$IO$125,$L16,32),0) -> 0 | AS16: =IF(AND($L16<=$P$2,33<=$P$2),INDEX(WH_Backend!$DZ$6:$IO$125,$L16,33),0) -> 0 | AT16: =IF(AND($L16<=$P$2,34<=$P$2),INDEX(WH_Backend!$DZ$6:$IO$125,$L16,34),0) -> 0 | AU16: =IF(AND($L16<=$P$2,35<=$P$2),INDEX(WH_Backend!$DZ$6:$IO$125,$L16,35),0) -> 0 | AV16: =IF(AND($L16<=$P$2,36<=$P$2),INDEX(WH_Backend!$DZ$6:$IO$125,$L16,36),0) -> 0 | AW16: =IF(AND($L16<=$P$2,37<=$P$2),INDEX(WH_Backend!$DZ$6:$IO$125,$L16,37),0) -> 0 | AX16: =IF(AND($L16<=$P$2,38<=$P$2),INDEX(WH_Backend!$DZ$6:$IO$125,$L16,38),0) -> 0 | AY16: =IF(AND($L16<=$P$2,39<=$P$2),INDEX(WH_Backend!$DZ$6:$IO$125,$L16,39),0) -> 0 | AZ16: =IF(AND($L16<=$P$2,40<=$P$2),INDEX(WH_Backend!$DZ$6:$IO$125,$L16,40),0) -> 0 | BA16: =IF(AND($L16<=$P$2,41<=$P$2),INDEX(WH_Backend!$DZ$6:$IO$125,$L16,41),0) -> 0 | BB16: =IF(AND($L16<=$P$2,42<=$P$2),INDEX(WH_Backend!$DZ$6:$IO$125,$L16,42),0) -> 0 | BC16: =IF(AND($L16<=$P$2,43<=$P$2),INDEX(WH_Backend!$DZ$6:$IO$125,$L16,43),0) -> 0 | BD16: =IF(AND($L16<=$P$2,44<=$P$2),INDEX(WH_Backend!$DZ$6:$IO$125,$L16,44),0) -> 0 | BE16: =IF(AND($L16<=$P$2,45<=$P$2),INDEX(WH_Backend!$DZ$6:$IO$125,$L16,45),0) -> 0 | BF16: =IF(AND($L16<=$P$2,46<=$P$2),INDEX(WH_Backend!$DZ$6:$IO$125,$L16,46),0) -> 0 | BG16: =IF(AND($L16<=$P$2,47<=$P$2),INDEX(WH_Backend!$DZ$6:$IO$125,$L16,47),0) -> 0 | BH16: =IF(AND($L16<=$P$2,48<=$P$2),INDEX(WH_Backend!$DZ$6:$IO$125,$L16,48),0) -> 0 | BI16: =IF(AND($L16<=$P$2,49<=$P$2),INDEX(WH_Backend!$DZ$6:$IO$125,$L16,49),0) -> 0 | BJ16: =IF(AND($L16<=$P$2,50<=$P$2),INDEX(WH_Backend!$DZ$6:$IO$125,$L16,50),0) -> 0 | BK16: =IF(AND($L16<=$P$2,51<=$P$2),INDEX(WH_Backend!$DZ$6:$IO$125,$L16,51),0) -> 0 | BL16: =IF(AND($L16<=$P$2,52<=$P$2),INDEX(WH_Backend!$DZ$6:$IO$125,$L16,52),0) -> 0 | BM16: =IF(AND($L16<=$P$2,53<=$P$2),INDEX(WH_Backend!$DZ$6:$IO$125,$L16,53),0) -> 0 | BN16: =IF(AND($L16<=$P$2,54<=$P$2),INDEX(WH_Backend!$DZ$6:$IO$125,$L16,54),0) -> 0 | BO16: =IF(AND($L16<=$P$2,55<=$P$2),INDEX(WH_Backend!$DZ$6:$IO$125,$L16,55),0) -> 0 | BP16: =IF(AND($L16<=$P$2,56<=$P$2),INDEX(WH_Backend!$DZ$6:$IO$125,$L16,56),0) -> 0 | BQ16: =IF(AND($L16<=$P$2,57<=$P$2),INDEX(WH_Backend!$DZ$6:$IO$125,$L16,57),0) -> 0 | BR16: =IF(AND($L16<=$P$2,58<=$P$2),INDEX(WH_Backend!$DZ$6:$IO$125,$L16,58),0) -> 0 | BS16: =IF(AND($L16<=$P$2,59<=$P$2),INDEX(WH_Backend!$DZ$6:$IO$125,$L16,59),0) -> 0 | BT16: =IF(AND($L16<=$P$2,60<=$P$2),INDEX(WH_Backend!$DZ$6:$IO$125,$L16,60),0) -> 0 | BU16: =IF(AND($L16<=$P$2,61<=$P$2),INDEX(WH_Backend!$DZ$6:$IO$125,$L16,61),0) -> 0 | BV16: =IF(AND($L16<=$P$2,62<=$P$2),INDEX(WH_Backend!$DZ$6:$IO$125,$L16,62),0) -> 0 | BW16: =IF(AND($L16<=$P$2,63<=$P$2),INDEX(WH_Backend!$DZ$6:$IO$125,$L16,63),0) -> 0 | BX16: =IF(AND($L16<=$P$2,64<=$P$2),INDEX(WH_Backend!$DZ$6:$IO$125,$L16,64),0) -> 0 | BY16: =IF(AND($L16<=$P$2,65<=$P$2),INDEX(WH_Backend!$DZ$6:$IO$125,$L16,65),0) -> 0 | BZ16: =IF(AND($L16<=$P$2,66<=$P$2),INDEX(WH_Backend!$DZ$6:$IO$125,$L16,66),0) -> 0 | CA16: =IF(AND($L16<=$P$2,67<=$P$2),INDEX(WH_Backend!$DZ$6:$IO$125,$L16,67),0) -> 0 | CB16: =IF(AND($L16<=$P$2,68<=$P$2),INDEX(WH_Backend!$DZ$6:$IO$125,$L16,68),0) -> 0 | CC16: =IF(AND($L16<=$P$2,69<=$P$2),INDEX(WH_Backend!$DZ$6:$IO$125,$L16,69),0) -> 0 | CD16: =IF(AND($L16<=$P$2,70<=$P$2),INDEX(WH_Backend!$DZ$6:$IO$125,$L16,70),0) -> 0 | CE16: =IF(AND($L16<=$P$2,71<=$P$2),INDEX(WH_Backend!$DZ$6:$IO$125,$L16,71),0) -> 0 | CF16: =IF(AND($L16<=$P$2,72<=$P$2),INDEX(WH_Backend!$DZ$6:$IO$125,$L16,72),0) -> 0 | CG16: =IF(AND($L16<=$P$2,73<=$P$2),INDEX(WH_Backend!$DZ$6:$IO$125,$L16,73),0) -> 0 | CH16: =IF(AND($L16<=$P$2,74<=$P$2),INDEX(WH_Backend!$DZ$6:$IO$125,$L16,74),0) -> 0 | CI16: =IF(AND($L16<=$P$2,75<=$P$2),INDEX(WH_Backend!$DZ$6:$IO$125,$L16,75),0) -> 0 | CJ16: =IF(AND($L16<=$P$2,76<=$P$2),INDEX(WH_Backend!$DZ$6:$IO$125,$L16,76),0) -> 0 | CK16: =IF(AND($L16<=$P$2,77<=$P$2),INDEX(WH_Backend!$DZ$6:$IO$125,$L16,77),0) -> 0 | CL16: =IF(AND($L16<=$P$2,78<=$P$2),INDEX(WH_Backend!$DZ$6:$IO$125,$L16,78),0) -> 0 | CM16: =IF(AND($L16<=$P$2,79<=$P$2),INDEX(WH_Backend!$DZ$6:$IO$125,$L16,79),0) -> 0 | CN16: =IF(AND($L16<=$P$2,80<=$P$2),INDEX(WH_Backend!$DZ$6:$IO$125,$L16,80),0) -> 0 | CO16: =IF(AND($L16<=$P$2,81<=$P$2),INDEX(WH_Backend!$DZ$6:$IO$125,$L16,81),0) -> 0 | CP16: =IF(AND($L16<=$P$2,82<=$P$2),INDEX(WH_Backend!$DZ$6:$IO$125,$L16,82),0) -> 0 | CQ16: =IF(AND($L16<=$P$2,83<=$P$2),INDEX(WH_Backend!$DZ$6:$IO$125,$L16,83),0) -> 0 | CR16: =IF(AND($L16<=$P$2,84<=$P$2),INDEX(WH_Backend!$DZ$6:$IO$125,$L16,84),0) -> 0 | CS16: =IF(AND($L16<=$P$2,85<=$P$2),INDEX(WH_Backend!$DZ$6:$IO$125,$L16,85),0) -> 0 | CT16: =IF(AND($L16<=$P$2,86<=$P$2),INDEX(WH_Backend!$DZ$6:$IO$125,$L16,86),0) -> 0 | CU16: =IF(AND($L16<=$P$2,87<=$P$2),INDEX(WH_Backend!$DZ$6:$IO$125,$L16,87),0) -> 0 | CV16: =IF(AND($L16<=$P$2,88<=$P$2),INDEX(WH_Backend!$DZ$6:$IO$125,$L16,88),0) -> 0 | CW16: =IF(AND($L16<=$P$2,89<=$P$2),INDEX(WH_Backend!$DZ$6:$IO$125,$L16,89),0) -> 0 | CX16: =IF(AND($L16<=$P$2,90<=$P$2),INDEX(WH_Backend!$DZ$6:$IO$125,$L16,90),0) -> 0 | CY16: =IF(AND($L16<=$P$2,91<=$P$2),INDEX(WH_Backend!$DZ$6:$IO$125,$L16,91),0) -> 0 | CZ16: =IF(AND($L16<=$P$2,92<=$P$2),INDEX(WH_Backend!$DZ$6:$IO$125,$L16,92),0) -> 0 | DA16: =IF(AND($L16<=$P$2,93<=$P$2),INDEX(WH_Backend!$DZ$6:$IO$125,$L16,93),0) -> 0 | DB16: =IF(AND($L16<=$P$2,94<=$P$2),INDEX(WH_Backend!$DZ$6:$IO$125,$L16,94),0) -> 0 | DC16: =IF(AND($L16<=$P$2,95<=$P$2),INDEX(WH_Backend!$DZ$6:$IO$125,$L16,95),0) -> 0 | DD16: =IF(AND($L16<=$P$2,96<=$P$2),INDEX(WH_Backend!$DZ$6:$IO$125,$L16,96),0) -> 0 | DE16: =IF(AND($L16<=$P$2,97<=$P$2),INDEX(WH_Backend!$DZ$6:$IO$125,$L16,97),0) -> 0 | DF16: =IF(AND($L16<=$P$2,98<=$P$2),INDEX(WH_Backend!$DZ$6:$IO$125,$L16,98),0) -> 0 | DG16: =IF(AND($L16<=$P$2,99<=$P$2),INDEX(WH_Backend!$DZ$6:$IO$125,$L16,99),0) -> 0 | DH16: =IF(AND($L16<=$P$2,100<=$P$2),INDEX(WH_Backend!$DZ$6:$IO$125,$L16,100),0) -> 0 | DI16: =IF(AND($L16<=$P$2,101<=$P$2),INDEX(WH_Backend!$DZ$6:$IO$125,$L16,101),0) -> 0 | DJ16: =IF(AND($L16<=$P$2,102<=$P$2),INDEX(WH_Backend!$DZ$6:$IO$125,$L16,102),0) -> 0 | DK16: =IF(AND($L16<=$P$2,103<=$P$2),INDEX(WH_Backend!$DZ$6:$IO$125,$L16,103),0) -> 0 | DL16: =IF(AND($L16<=$P$2,104<=$P$2),INDEX(WH_Backend!$DZ$6:$IO$125,$L16,104),0) -> 0 | DM16: =IF(AND($L16<=$P$2,105<=$P$2),INDEX(WH_Backend!$DZ$6:$IO$125,$L16,105),0) -> 0 | DN16: =IF(AND($L16<=$P$2,106<=$P$2),INDEX(WH_Backend!$DZ$6:$IO$125,$L16,106),0) -> 0 | DO16: =IF(AND($L16<=$P$2,107<=$P$2),INDEX(WH_Backend!$DZ$6:$IO$125,$L16,107),0) -> 0 | DP16: =IF(AND($L16<=$P$2,108<=$P$2),INDEX(WH_Backend!$DZ$6:$IO$125,$L16,108),0) -> 0 | DQ16: =IF(AND($L16<=$P$2,109<=$P$2),INDEX(WH_Backend!$DZ$6:$IO$125,$L16,109),0) -> 0 | DR16: =IF(AND($L16<=$P$2,110<=$P$2),INDEX(WH_Backend!$DZ$6:$IO$125,$L16,110),0) -> 0 | DS16: =IF(AND($L16<=$P$2,111<=$P$2),INDEX(WH_Backend!$DZ$6:$IO$125,$L16,111),0) -> 0 | DT16: =IF(AND($L16<=$P$2,112<=$P$2),INDEX(WH_Backend!$DZ$6:$IO$125,$L16,112),0) -> 0 | DU16: =IF(AND($L16<=$P$2,113<=$P$2),INDEX(WH_Backend!$DZ$6:$IO$125,$L16,113),0) -> 0 | DV16: =IF(AND($L16<=$P$2,114<=$P$2),INDEX(WH_Backend!$DZ$6:$IO$125,$L16,114),0) -> 0 | DW16: =IF(AND($L16<=$P$2,115<=$P$2),INDEX(WH_Backend!$DZ$6:$IO$125,$L16,115),0) -> 0 | DX16: =IF(AND($L16<=$P$2,116<=$P$2),INDEX(WH_Backend!$DZ$6:$IO$125,$L16,116),0) -> 0 | DY16: =IF(AND($L16<=$P$2,117<=$P$2),INDEX(WH_Backend!$DZ$6:$IO$125,$L16,117),0) -> 0 | DZ16: =IF(AND($L16<=$P$2,118<=$P$2),INDEX(WH_Backend!$DZ$6:$IO$125,$L16,118),0) -> 0 | EA16: =IF(AND($L16<=$P$2,119<=$P$2),INDEX(WH_Backend!$DZ$6:$IO$125,$L16,119),0) -> 0 | EB16: =IF(AND($L16<=$P$2,120<=$P$2),INDEX(WH_Backend!$DZ$6:$IO$125,$L16,120),0) -> 0
A17: =IF(L17<=$P$2,INDEX(WH_Backend!$E$6:$E$125,L17),0) -> 203.02 | B17: {=IF(L17<=$P$2,MMULT(M142:INDEX(M142:EF142,$P$2),$A$6:INDEX($A$6:$A$125,$P$2)),0)} -> 0.00072681015 | C17: =IF(L17<=$P$2,MMULT(M17:INDEX(M17:EF17,$P$2),$B$6:INDEX($B$6:$B$125,$P$2))-A17,0) -> -5.3233862e-11 | E17: =IF(L17<=$P$2,Inputs!A17,"") -> 31 | F17: =IF(L17<=$P$2,Inputs!D17,"") -> 0.00070144224 | G17: =IF(L17<=$P$2,B17,"") -> 0.00072681015 | J17: =IF($L17<=$E$2,WH_Numerical!$F17,"") -> 0.00072631572 | L17: 12 | M17: =IF(AND($L17<=$P$2,1<=$P$2),INDEX(WH_Backend!$DZ$6:$IO$125,$L17,1),0) -> 0 | N17: =IF(AND($L17<=$P$2,2<=$P$2),INDEX(WH_Backend!$DZ$6:$IO$125,$L17,2),0) -> 0 | O17: =IF(AND($L17<=$P$2,3<=$P$2),INDEX(WH_Backend!$DZ$6:$IO$125,$L17,3),0) -> 0 | P17: =IF(AND($L17<=$P$2,4<=$P$2),INDEX(WH_Backend!$DZ$6:$IO$125,$L17,4),0) -> 0 | Q17: =IF(AND($L17<=$P$2,5<=$P$2),INDEX(WH_Backend!$DZ$6:$IO$125,$L17,5),0) -> 0 | R17: =IF(AND($L17<=$P$2,6<=$P$2),INDEX(WH_Backend!$DZ$6:$IO$125,$L17,6),0) -> 0 | S17: =IF(AND($L17<=$P$2,7<=$P$2),INDEX(WH_Backend!$DZ$6:$IO$125,$L17,7),0) -> 0 | T17: =IF(AND($L17<=$P$2,8<=$P$2),INDEX(WH_Backend!$DZ$6:$IO$125,$L17,8),0) -> 0 | U17: =IF(AND($L17<=$P$2,9<=$P$2),INDEX(WH_Backend!$DZ$6:$IO$125,$L17,9),0) -> -10000000 | V17: =IF(AND($L17<=$P$2,10<=$P$2),INDEX(WH_Backend!$DZ$6:$IO$125,$L17,10),0) -> 60000000 | W17: =IF(AND($L17<=$P$2,11<=$P$2),INDEX(WH_Backend!$DZ$6:$IO$125,$L17,11),0) -> -150000000 | X17: =IF(AND($L17<=$P$2,12<=$P$2),INDEX(WH_Backend!$DZ$6:$IO$125,$L17,12),0) -> 2.0028943e+08 | Y17: =IF(AND($L17<=$P$2,13<=$P$2),INDEX(WH_Backend!$DZ$6:$IO$125,$L17,13),0) -> -150000000 | Z17: =IF(AND($L17<=$P$2,14<=$P$2),INDEX(WH_Backend!$DZ$6:$IO$125,$L17,14),0) -> 60000000 | AA17: =IF(AND($L17<=$P$2,15<=$P$2),INDEX(WH_Backend!$DZ$6:$IO$125,$L17,15),0) -> -10000000 | AB17: =IF(AND($L17<=$P$2,16<=$P$2),INDEX(WH_Backend!$DZ$6:$IO$125,$L17,16),0) -> 0 | AC17: =IF(AND($L17<=$P$2,17<=$P$2),INDEX(WH_Backend!$DZ$6:$IO$125,$L17,17),0) -> 0 | AD17: =IF(AND($L17<=$P$2,18<=$P$2),INDEX(WH_Backend!$DZ$6:$IO$125,$L17,18),0) -> 0 | AE17: =IF(AND($L17<=$P$2,19<=$P$2),INDEX(WH_Backend!$DZ$6:$IO$125,$L17,19),0) -> 0 | AF17: =IF(AND($L17<=$P$2,20<=$P$2),INDEX(WH_Backend!$DZ$6:$IO$125,$L17,20),0) -> 0 | AG17: =IF(AND($L17<=$P$2,21<=$P$2),INDEX(WH_Backend!$DZ$6:$IO$125,$L17,21),0) -> 0 | AH17: =IF(AND($L17<=$P$2,22<=$P$2),INDEX(WH_Backend!$DZ$6:$IO$125,$L17,22),0) -> 0 | AI17: =IF(AND($L17<=$P$2,23<=$P$2),INDEX(WH_Backend!$DZ$6:$IO$125,$L17,23),0) -> 0 | AJ17: =IF(AND($L17<=$P$2,24<=$P$2),INDEX(WH_Backend!$DZ$6:$IO$125,$L17,24),0) -> 0 | AK17: =IF(AND($L17<=$P$2,25<=$P$2),INDEX(WH_Backend!$DZ$6:$IO$125,$L17,25),0) -> 0 | AL17: =IF(AND($L17<=$P$2,26<=$P$2),INDEX(WH_Backend!$DZ$6:$IO$125,$L17,26),0) -> 0 | AM17: =IF(AND($L17<=$P$2,27<=$P$2),INDEX(WH_Backend!$DZ$6:$IO$125,$L17,27),0) -> 0 | AN17: =IF(AND($L17<=$P$2,28<=$P$2),INDEX(WH_Backend!$DZ$6:$IO$125,$L17,28),0) -> 0 | AO17: =IF(AND($L17<=$P$2,29<=$P$2),INDEX(WH_Backend!$DZ$6:$IO$125,$L17,29),0) -> 0 | AP17: =IF(AND($L17<=$P$2,30<=$P$2),INDEX(WH_Backend!$DZ$6:$IO$125,$L17,30),0) -> 0 | AQ17: =IF(AND($L17<=$P$2,31<=$P$2),INDEX(WH_Backend!$DZ$6:$IO$125,$L17,31),0) -> 0 | AR17: =IF(AND($L17<=$P$2,32<=$P$2),INDEX(WH_Backend!$DZ$6:$IO$125,$L17,32),0) -> 0 | AS17: =IF(AND($L17<=$P$2,33<=$P$2),INDEX(WH_Backend!$DZ$6:$IO$125,$L17,33),0) -> 0 | AT17: =IF(AND($L17<=$P$2,34<=$P$2),INDEX(WH_Backend!$DZ$6:$IO$125,$L17,34),0) -> 0 | AU17: =IF(AND($L17<=$P$2,35<=$P$2),INDEX(WH_Backend!$DZ$6:$IO$125,$L17,35),0) -> 0 | AV17: =IF(AND($L17<=$P$2,36<=$P$2),INDEX(WH_Backend!$DZ$6:$IO$125,$L17,36),0) -> 0 | AW17: =IF(AND($L17<=$P$2,37<=$P$2),INDEX(WH_Backend!$DZ$6:$IO$125,$L17,37),0) -> 0 | AX17: =IF(AND($L17<=$P$2,38<=$P$2),INDEX(WH_Backend!$DZ$6:$IO$125,$L17,38),0) -> 0 | AY17: =IF(AND($L17<=$P$2,39<=$P$2),INDEX(WH_Backend!$DZ$6:$IO$125,$L17,39),0) -> 0 | AZ17: =IF(AND($L17<=$P$2,40<=$P$2),INDEX(WH_Backend!$DZ$6:$IO$125,$L17,40),0) -> 0 | BA17: =IF(AND($L17<=$P$2,41<=$P$2),INDEX(WH_Backend!$DZ$6:$IO$125,$L17,41),0) -> 0 | BB17: =IF(AND($L17<=$P$2,42<=$P$2),INDEX(WH_Backend!$DZ$6:$IO$125,$L17,42),0) -> 0 | BC17: =IF(AND($L17<=$P$2,43<=$P$2),INDEX(WH_Backend!$DZ$6:$IO$125,$L17,43),0) -> 0 | BD17: =IF(AND($L17<=$P$2,44<=$P$2),INDEX(WH_Backend!$DZ$6:$IO$125,$L17,44),0) -> 0 | BE17: =IF(AND($L17<=$P$2,45<=$P$2),INDEX(WH_Backend!$DZ$6:$IO$125,$L17,45),0) -> 0 | BF17: =IF(AND($L17<=$P$2,46<=$P$2),INDEX(WH_Backend!$DZ$6:$IO$125,$L17,46),0) -> 0 | BG17: =IF(AND($L17<=$P$2,47<=$P$2),INDEX(WH_Backend!$DZ$6:$IO$125,$L17,47),0) -> 0 | BH17: =IF(AND($L17<=$P$2,48<=$P$2),INDEX(WH_Backend!$DZ$6:$IO$125,$L17,48),0) -> 0 | BI17: =IF(AND($L17<=$P$2,49<=$P$2),INDEX(WH_Backend!$DZ$6:$IO$125,$L17,49),0) -> 0 | BJ17: =IF(AND($L17<=$P$2,50<=$P$2),INDEX(WH_Backend!$DZ$6:$IO$125,$L17,50),0) -> 0 | BK17: =IF(AND($L17<=$P$2,51<=$P$2),INDEX(WH_Backend!$DZ$6:$IO$125,$L17,51),0) -> 0 | BL17: =IF(AND($L17<=$P$2,52<=$P$2),INDEX(WH_Backend!$DZ$6:$IO$125,$L17,52),0) -> 0 | BM17: =IF(AND($L17<=$P$2,53<=$P$2),INDEX(WH_Backend!$DZ$6:$IO$125,$L17,53),0) -> 0 | BN17: =IF(AND($L17<=$P$2,54<=$P$2),INDEX(WH_Backend!$DZ$6:$IO$125,$L17,54),0) -> 0 | BO17: =IF(AND($L17<=$P$2,55<=$P$2),INDEX(WH_Backend!$DZ$6:$IO$125,$L17,55),0) -> 0 | BP17: =IF(AND($L17<=$P$2,56<=$P$2),INDEX(WH_Backend!$DZ$6:$IO$125,$L17,56),0) -> 0 | BQ17: =IF(AND($L17<=$P$2,57<=$P$2),INDEX(WH_Backend!$DZ$6:$IO$125,$L17,57),0) -> 0 | BR17: =IF(AND($L17<=$P$2,58<=$P$2),INDEX(WH_Backend!$DZ$6:$IO$125,$L17,58),0) -> 0 | BS17: =IF(AND($L17<=$P$2,59<=$P$2),INDEX(WH_Backend!$DZ$6:$IO$125,$L17,59),0) -> 0 | BT17: =IF(AND($L17<=$P$2,60<=$P$2),INDEX(WH_Backend!$DZ$6:$IO$125,$L17,60),0) -> 0 | BU17: =IF(AND($L17<=$P$2,61<=$P$2),INDEX(WH_Backend!$DZ$6:$IO$125,$L17,61),0) -> 0 | BV17: =IF(AND($L17<=$P$2,62<=$P$2),INDEX(WH_Backend!$DZ$6:$IO$125,$L17,62),0) -> 0 | BW17: =IF(AND($L17<=$P$2,63<=$P$2),INDEX(WH_Backend!$DZ$6:$IO$125,$L17,63),0) -> 0 | BX17: =IF(AND($L17<=$P$2,64<=$P$2),INDEX(WH_Backend!$DZ$6:$IO$125,$L17,64),0) -> 0 | BY17: =IF(AND($L17<=$P$2,65<=$P$2),INDEX(WH_Backend!$DZ$6:$IO$125,$L17,65),0) -> 0 | BZ17: =IF(AND($L17<=$P$2,66<=$P$2),INDEX(WH_Backend!$DZ$6:$IO$125,$L17,66),0) -> 0 | CA17: =IF(AND($L17<=$P$2,67<=$P$2),INDEX(WH_Backend!$DZ$6:$IO$125,$L17,67),0) -> 0 | CB17: =IF(AND($L17<=$P$2,68<=$P$2),INDEX(WH_Backend!$DZ$6:$IO$125,$L17,68),0) -> 0 | CC17: =IF(AND($L17<=$P$2,69<=$P$2),INDEX(WH_Backend!$DZ$6:$IO$125,$L17,69),0) -> 0 | CD17: =IF(AND($L17<=$P$2,70<=$P$2),INDEX(WH_Backend!$DZ$6:$IO$125,$L17,70),0) -> 0 | CE17: =IF(AND($L17<=$P$2,71<=$P$2),INDEX(WH_Backend!$DZ$6:$IO$125,$L17,71),0) -> 0 | CF17: =IF(AND($L17<=$P$2,72<=$P$2),INDEX(WH_Backend!$DZ$6:$IO$125,$L17,72),0) -> 0 | CG17: =IF(AND($L17<=$P$2,73<=$P$2),INDEX(WH_Backend!$DZ$6:$IO$125,$L17,73),0) -> 0 | CH17: =IF(AND($L17<=$P$2,74<=$P$2),INDEX(WH_Backend!$DZ$6:$IO$125,$L17,74),0) -> 0 | CI17: =IF(AND($L17<=$P$2,75<=$P$2),INDEX(WH_Backend!$DZ$6:$IO$125,$L17,75),0) -> 0 | CJ17: =IF(AND($L17<=$P$2,76<=$P$2),INDEX(WH_Backend!$DZ$6:$IO$125,$L17,76),0) -> 0 | CK17: =IF(AND($L17<=$P$2,77<=$P$2),INDEX(WH_Backend!$DZ$6:$IO$125,$L17,77),0) -> 0 | CL17: =IF(AND($L17<=$P$2,78<=$P$2),INDEX(WH_Backend!$DZ$6:$IO$125,$L17,78),0) -> 0 | CM17: =IF(AND($L17<=$P$2,79<=$P$2),INDEX(WH_Backend!$DZ$6:$IO$125,$L17,79),0) -> 0 | CN17: =IF(AND($L17<=$P$2,80<=$P$2),INDEX(WH_Backend!$DZ$6:$IO$125,$L17,80),0) -> 0 | CO17: =IF(AND($L17<=$P$2,81<=$P$2),INDEX(WH_Backend!$DZ$6:$IO$125,$L17,81),0) -> 0 | CP17: =IF(AND($L17<=$P$2,82<=$P$2),INDEX(WH_Backend!$DZ$6:$IO$125,$L17,82),0) -> 0 | CQ17: =IF(AND($L17<=$P$2,83<=$P$2),INDEX(WH_Backend!$DZ$6:$IO$125,$L17,83),0) -> 0 | CR17: =IF(AND($L17<=$P$2,84<=$P$2),INDEX(WH_Backend!$DZ$6:$IO$125,$L17,84),0) -> 0 | CS17: =IF(AND($L17<=$P$2,85<=$P$2),INDEX(WH_Backend!$DZ$6:$IO$125,$L17,85),0) -> 0 | CT17: =IF(AND($L17<=$P$2,86<=$P$2),INDEX(WH_Backend!$DZ$6:$IO$125,$L17,86),0) -> 0 | CU17: =IF(AND($L17<=$P$2,87<=$P$2),INDEX(WH_Backend!$DZ$6:$IO$125,$L17,87),0) -> 0 | CV17: =IF(AND($L17<=$P$2,88<=$P$2),INDEX(WH_Backend!$DZ$6:$IO$125,$L17,88),0) -> 0 | CW17: =IF(AND($L17<=$P$2,89<=$P$2),INDEX(WH_Backend!$DZ$6:$IO$125,$L17,89),0) -> 0 | CX17: =IF(AND($L17<=$P$2,90<=$P$2),INDEX(WH_Backend!$DZ$6:$IO$125,$L17,90),0) -> 0 | CY17: =IF(AND($L17<=$P$2,91<=$P$2),INDEX(WH_Backend!$DZ$6:$IO$125,$L17,91),0) -> 0 | CZ17: =IF(AND($L17<=$P$2,92<=$P$2),INDEX(WH_Backend!$DZ$6:$IO$125,$L17,92),0) -> 0 | DA17: =IF(AND($L17<=$P$2,93<=$P$2),INDEX(WH_Backend!$DZ$6:$IO$125,$L17,93),0) -> 0 | DB17: =IF(AND($L17<=$P$2,94<=$P$2),INDEX(WH_Backend!$DZ$6:$IO$125,$L17,94),0) -> 0 | DC17: =IF(AND($L17<=$P$2,95<=$P$2),INDEX(WH_Backend!$DZ$6:$IO$125,$L17,95),0) -> 0 | DD17: =IF(AND($L17<=$P$2,96<=$P$2),INDEX(WH_Backend!$DZ$6:$IO$125,$L17,96),0) -> 0 | DE17: =IF(AND($L17<=$P$2,97<=$P$2),INDEX(WH_Backend!$DZ$6:$IO$125,$L17,97),0) -> 0 | DF17: =IF(AND($L17<=$P$2,98<=$P$2),INDEX(WH_Backend!$DZ$6:$IO$125,$L17,98),0) -> 0 | DG17: =IF(AND($L17<=$P$2,99<=$P$2),INDEX(WH_Backend!$DZ$6:$IO$125,$L17,99),0) -> 0 | DH17: =IF(AND($L17<=$P$2,100<=$P$2),INDEX(WH_Backend!$DZ$6:$IO$125,$L17,100),0) -> 0 | DI17: =IF(AND($L17<=$P$2,101<=$P$2),INDEX(WH_Backend!$DZ$6:$IO$125,$L17,101),0) -> 0 | DJ17: =IF(AND($L17<=$P$2,102<=$P$2),INDEX(WH_Backend!$DZ$6:$IO$125,$L17,102),0) -> 0 | DK17: =IF(AND($L17<=$P$2,103<=$P$2),INDEX(WH_Backend!$DZ$6:$IO$125,$L17,103),0) -> 0 | DL17: =IF(AND($L17<=$P$2,104<=$P$2),INDEX(WH_Backend!$DZ$6:$IO$125,$L17,104),0) -> 0 | DM17: =IF(AND($L17<=$P$2,105<=$P$2),INDEX(WH_Backend!$DZ$6:$IO$125,$L17,105),0) -> 0 | DN17: =IF(AND($L17<=$P$2,106<=$P$2),INDEX(WH_Backend!$DZ$6:$IO$125,$L17,106),0) -> 0 | DO17: =IF(AND($L17<=$P$2,107<=$P$2),INDEX(WH_Backend!$DZ$6:$IO$125,$L17,107),0) -> 0 | DP17: =IF(AND($L17<=$P$2,108<=$P$2),INDEX(WH_Backend!$DZ$6:$IO$125,$L17,108),0) -> 0 | DQ17: =IF(AND($L17<=$P$2,109<=$P$2),INDEX(WH_Backend!$DZ$6:$IO$125,$L17,109),0) -> 0 | DR17: =IF(AND($L17<=$P$2,110<=$P$2),INDEX(WH_Backend!$DZ$6:$IO$125,$L17,110),0) -> 0 | DS17: =IF(AND($L17<=$P$2,111<=$P$2),INDEX(WH_Backend!$DZ$6:$IO$125,$L17,111),0) -> 0 | DT17: =IF(AND($L17<=$P$2,112<=$P$2),INDEX(WH_Backend!$DZ$6:$IO$125,$L17,112),0) -> 0 | DU17: =IF(AND($L17<=$P$2,113<=$P$2),INDEX(WH_Backend!$DZ$6:$IO$125,$L17,113),0) -> 0 | DV17: =IF(AND($L17<=$P$2,114<=$P$2),INDEX(WH_Backend!$DZ$6:$IO$125,$L17,114),0) -> 0 | DW17: =IF(AND($L17<=$P$2,115<=$P$2),INDEX(WH_Backend!$DZ$6:$IO$125,$L17,115),0) -> 0 | DX17: =IF(AND($L17<=$P$2,116<=$P$2),INDEX(WH_Backend!$DZ$6:$IO$125,$L17,116),0) -> 0 | DY17: =IF(AND($L17<=$P$2,117<=$P$2),INDEX(WH_Backend!$DZ$6:$IO$125,$L17,117),0) -> 0 | DZ17: =IF(AND($L17<=$P$2,118<=$P$2),INDEX(WH_Backend!$DZ$6:$IO$125,$L17,118),0) -> 0 | EA17: =IF(AND($L17<=$P$2,119<=$P$2),INDEX(WH_Backend!$DZ$6:$IO$125,$L17,119),0) -> 0 | EB17: =IF(AND($L17<=$P$2,120<=$P$2),INDEX(WH_Backend!$DZ$6:$IO$125,$L17,120),0) -> 0
... A125: =IF(L125<=$P$2,INDEX(WH_Backend!$E$6:$E$125,L125),0) -> 0 | B125: {=IF(L125<=$P$2,MMULT(M250:INDEX(M250:EF250,$P$2),$A$6:INDEX($A$6:$A$125,$P$2)),0)} -> 0 | C125: =IF(L125<=$P$2,MMULT(M125:INDEX(M125:EF125,$P$2),$B$6:INDEX($B$6:$B$125,$P$2))-A125,0) -> 0 | E125: =IF(L125<=$P$2,Inputs!A125,"") | F125: =IF(L125<=$P$2,Inputs!D125,"") | G125: =IF(L125<=$P$2,B125,"") | J125: =IF($L125<=$E$2,WH_Numerical!$F125,"") | L125: 120 | M125: =IF(AND($L125<=$P$2,1<=$P$2),INDEX(WH_Backend!$DZ$6:$IO$125,$L125,1),0) -> 0 | N125: =IF(AND($L125<=$P$2,2<=$P$2),INDEX(WH_Backend!$DZ$6:$IO$125,$L125,2),0) -> 0 | O125: =IF(AND($L125<=$P$2,3<=$P$2),INDEX(WH_Backend!$DZ$6:$IO$125,$L125,3),0) -> 0 | P125: =IF(AND($L125<=$P$2,4<=$P$2),INDEX(WH_Backend!$DZ$6:$IO$125,$L125,4),0) -> 0 | Q125: =IF(AND($L125<=$P$2,5<=$P$2),INDEX(WH_Backend!$DZ$6:$IO$125,$L125,5),0) -> 0 | R125: =IF(AND($L125<=$P$2,6<=$P$2),INDEX(WH_Backend!$DZ$6:$IO$125,$L125,6),0) -> 0 | S125: =IF(AND($L125<=$P$2,7<=$P$2),INDEX(WH_Backend!$DZ$6:$IO$125,$L125,7),0) -> 0 | T125: =IF(AND($L125<=$P$2,8<=$P$2),INDEX(WH_Backend!$DZ$6:$IO$125,$L125,8),0) -> 0 | U125: =IF(AND($L125<=$P$2,9<=$P$2),INDEX(WH_Backend!$DZ$6:$IO$125,$L125,9),0) -> 0 | V125: =IF(AND($L125<=$P$2,10<=$P$2),INDEX(WH_Backend!$DZ$6:$IO$125,$L125,10),0) -> 0 | W125: =IF(AND($L125<=$P$2,11<=$P$2),INDEX(WH_Backend!$DZ$6:$IO$125,$L125,11),0) -> 0 | X125: =IF(AND($L125<=$P$2,12<=$P$2),INDEX(WH_Backend!$DZ$6:$IO$125,$L125,12),0) -> 0 | Y125: =IF(AND($L125<=$P$2,13<=$P$2),INDEX(WH_Backend!$DZ$6:$IO$125,$L125,13),0) -> 0 | Z125: =IF(AND($L125<=$P$2,14<=$P$2),INDEX(WH_Backend!$DZ$6:$IO$125,$L125,14),0) -> 0 | AA125: =IF(AND($L125<=$P$2,15<=$P$2),INDEX(WH_Backend!$DZ$6:$IO$125,$L125,15),0) -> 0 | AB125: =IF(AND($L125<=$P$2,16<=$P$2),INDEX(WH_Backend!$DZ$6:$IO$125,$L125,16),0) -> 0 | AC125: =IF(AND($L125<=$P$2,17<=$P$2),INDEX(WH_Backend!$DZ$6:$IO$125,$L125,17),0) -> 0 | AD125: =IF(AND($L125<=$P$2,18<=$P$2),INDEX(WH_Backend!$DZ$6:$IO$125,$L125,18),0) -> 0 | AE125: =IF(AND($L125<=$P$2,19<=$P$2),INDEX(WH_Backend!$DZ$6:$IO$125,$L125,19),0) -> 0 | AF125: =IF(AND($L125<=$P$2,20<=$P$2),INDEX(WH_Backend!$DZ$6:$IO$125,$L125,20),0) -> 0 | AG125: =IF(AND($L125<=$P$2,21<=$P$2),INDEX(WH_Backend!$DZ$6:$IO$125,$L125,21),0) -> 0 | AH125: =IF(AND($L125<=$P$2,22<=$P$2),INDEX(WH_Backend!$DZ$6:$IO$125,$L125,22),0) -> 0 | AI125: =IF(AND($L125<=$P$2,23<=$P$2),INDEX(WH_Backend!$DZ$6:$IO$125,$L125,23),0) -> 0 | AJ125: =IF(AND($L125<=$P$2,24<=$P$2),INDEX(WH_Backend!$DZ$6:$IO$125,$L125,24),0) -> 0 | AK125: =IF(AND($L125<=$P$2,25<=$P$2),INDEX(WH_Backend!$DZ$6:$IO$125,$L125,25),0) -> 0 | AL125: =IF(AND($L125<=$P$2,26<=$P$2),INDEX(WH_Backend!$DZ$6:$IO$125,$L125,26),0) -> 0 | AM125: =IF(AND($L125<=$P$2,27<=$P$2),INDEX(WH_Backend!$DZ$6:$IO$125,$L125,27),0) -> 0 | AN125: =IF(AND($L125<=$P$2,28<=$P$2),INDEX(WH_Backend!$DZ$6:$IO$125,$L125,28),0) -> 0 | AO125: =IF(AND($L125<=$P$2,29<=$P$2),INDEX(WH_Backend!$DZ$6:$IO$125,$L125,29),0) -> 0 | AP125: =IF(AND($L125<=$P$2,30<=$P$2),INDEX(WH_Backend!$DZ$6:$IO$125,$L125,30),0) -> 0 | AQ125: =IF(AND($L125<=$P$2,31<=$P$2),INDEX(WH_Backend!$DZ$6:$IO$125,$L125,31),0) -> 0 | AR125: =IF(AND($L125<=$P$2,32<=$P$2),INDEX(WH_Backend!$DZ$6:$IO$125,$L125,32),0) -> 0 | AS125: =IF(AND($L125<=$P$2,33<=$P$2),INDEX(WH_Backend!$DZ$6:$IO$125,$L125,33),0) -> 0 | AT125: =IF(AND($L125<=$P$2,34<=$P$2),INDEX(WH_Backend!$DZ$6:$IO$125,$L125,34),0) -> 0 | AU125: =IF(AND($L125<=$P$2,35<=$P$2),INDEX(WH_Backend!$DZ$6:$IO$125,$L125,35),0) -> 0 | AV125: =IF(AND($L125<=$P$2,36<=$P$2),INDEX(WH_Backend!$DZ$6:$IO$125,$L125,36),0) -> 0 | AW125: =IF(AND($L125<=$P$2,37<=$P$2),INDEX(WH_Backend!$DZ$6:$IO$125,$L125,37),0) -> 0 | AX125: =IF(AND($L125<=$P$2,38<=$P$2),INDEX(WH_Backend!$DZ$6:$IO$125,$L125,38),0) -> 0 | AY125: =IF(AND($L125<=$P$2,39<=$P$2),INDEX(WH_Backend!$DZ$6:$IO$125,$L125,39),0) -> 0 | AZ125: =IF(AND($L125<=$P$2,40<=$P$2),INDEX(WH_Backend!$DZ$6:$IO$125,$L125,40),0) -> 0 | BA125: =IF(AND($L125<=$P$2,41<=$P$2),INDEX(WH_Backend!$DZ$6:$IO$125,$L125,41),0) -> 0 | BB125: =IF(AND($L125<=$P$2,42<=$P$2),INDEX(WH_Backend!$DZ$6:$IO$125,$L125,42),0) -> 0 | BC125: =IF(AND($L125<=$P$2,43<=$P$2),INDEX(WH_Backend!$DZ$6:$IO$125,$L125,43),0) -> 0 | BD125: =IF(AND($L125<=$P$2,44<=$P$2),INDEX(WH_Backend!$DZ$6:$IO$125,$L125,44),0) -> 0 | BE125: =IF(AND($L125<=$P$2,45<=$P$2),INDEX(WH_Backend!$DZ$6:$IO$125,$L125,45),0) -> 0 | BF125: =IF(AND($L125<=$P$2,46<=$P$2),INDEX(WH_Backend!$DZ$6:$IO$125,$L125,46),0) -> 0 | BG125: =IF(AND($L125<=$P$2,47<=$P$2),INDEX(WH_Backend!$DZ$6:$IO$125,$L125,47),0) -> 0 | BH125: =IF(AND($L125<=$P$2,48<=$P$2),INDEX(WH_Backend!$DZ$6:$IO$125,$L125,48),0) -> 0 | BI125: =IF(AND($L125<=$P$2,49<=$P$2),INDEX(WH_Backend!$DZ$6:$IO$125,$L125,49),0) -> 0 | BJ125: =IF(AND($L125<=$P$2,50<=$P$2),INDEX(WH_Backend!$DZ$6:$IO$125,$L125,50),0) -> 0 | BK125: =IF(AND($L125<=$P$2,51<=$P$2),INDEX(WH_Backend!$DZ$6:$IO$125,$L125,51),0) -> 0 | BL125: =IF(AND($L125<=$P$2,52<=$P$2),INDEX(WH_Backend!$DZ$6:$IO$125,$L125,52),0) -> 0 | BM125: =IF(AND($L125<=$P$2,53<=$P$2),INDEX(WH_Backend!$DZ$6:$IO$125,$L125,53),0) -> 0 | BN125: =IF(AND($L125<=$P$2,54<=$P$2),INDEX(WH_Backend!$DZ$6:$IO$125,$L125,54),0) -> 0 | BO125: =IF(AND($L125<=$P$2,55<=$P$2),INDEX(WH_Backend!$DZ$6:$IO$125,$L125,55),0) -> 0 | BP125: =IF(AND($L125<=$P$2,56<=$P$2),INDEX(WH_Backend!$DZ$6:$IO$125,$L125,56),0) -> 0 | BQ125: =IF(AND($L125<=$P$2,57<=$P$2),INDEX(WH_Backend!$DZ$6:$IO$125,$L125,57),0) -> 0 | BR125: =IF(AND($L125<=$P$2,58<=$P$2),INDEX(WH_Backend!$DZ$6:$IO$125,$L125,58),0) -> 0 | BS125: =IF(AND($L125<=$P$2,59<=$P$2),INDEX(WH_Backend!$DZ$6:$IO$125,$L125,59),0) -> 0 | BT125: =IF(AND($L125<=$P$2,60<=$P$2),INDEX(WH_Backend!$DZ$6:$IO$125,$L125,60),0) -> 0 | BU125: =IF(AND($L125<=$P$2,61<=$P$2),INDEX(WH_Backend!$DZ$6:$IO$125,$L125,61),0) -> 0 | BV125: =IF(AND($L125<=$P$2,62<=$P$2),INDEX(WH_Backend!$DZ$6:$IO$125,$L125,62),0) -> 0 | BW125: =IF(AND($L125<=$P$2,63<=$P$2),INDEX(WH_Backend!$DZ$6:$IO$125,$L125,63),0) -> 0 | BX125: =IF(AND($L125<=$P$2,64<=$P$2),INDEX(WH_Backend!$DZ$6:$IO$125,$L125,64),0) -> 0 | BY125: =IF(AND($L125<=$P$2,65<=$P$2),INDEX(WH_Backend!$DZ$6:$IO$125,$L125,65),0) -> 0 | BZ125: =IF(AND($L125<=$P$2,66<=$P$2),INDEX(WH_Backend!$DZ$6:$IO$125,$L125,66),0) -> 0 | CA125: =IF(AND($L125<=$P$2,67<=$P$2),INDEX(WH_Backend!$DZ$6:$IO$125,$L125,67),0) -> 0 | CB125: =IF(AND($L125<=$P$2,68<=$P$2),INDEX(WH_Backend!$DZ$6:$IO$125,$L125,68),0) -> 0 | CC125: =IF(AND($L125<=$P$2,69<=$P$2),INDEX(WH_Backend!$DZ$6:$IO$125,$L125,69),0) -> 0 | CD125: =IF(AND($L125<=$P$2,70<=$P$2),INDEX(WH_Backend!$DZ$6:$IO$125,$L125,70),0) -> 0 | CE125: =IF(AND($L125<=$P$2,71<=$P$2),INDEX(WH_Backend!$DZ$6:$IO$125,$L125,71),0) -> 0 | CF125: =IF(AND($L125<=$P$2,72<=$P$2),INDEX(WH_Backend!$DZ$6:$IO$125,$L125,72),0) -> 0 | CG125: =IF(AND($L125<=$P$2,73<=$P$2),INDEX(WH_Backend!$DZ$6:$IO$125,$L125,73),0) -> 0 | CH125: =IF(AND($L125<=$P$2,74<=$P$2),INDEX(WH_Backend!$DZ$6:$IO$125,$L125,74),0) -> 0 | CI125: =IF(AND($L125<=$P$2,75<=$P$2),INDEX(WH_Backend!$DZ$6:$IO$125,$L125,75),0) -> 0 | CJ125: =IF(AND($L125<=$P$2,76<=$P$2),INDEX(WH_Backend!$DZ$6:$IO$125,$L125,76),0) -> 0 | CK125: =IF(AND($L125<=$P$2,77<=$P$2),INDEX(WH_Backend!$DZ$6:$IO$125,$L125,77),0) -> 0 | CL125: =IF(AND($L125<=$P$2,78<=$P$2),INDEX(WH_Backend!$DZ$6:$IO$125,$L125,78),0) -> 0 | CM125: =IF(AND($L125<=$P$2,79<=$P$2),INDEX(WH_Backend!$DZ$6:$IO$125,$L125,79),0) -> 0 | CN125: =IF(AND($L125<=$P$2,80<=$P$2),INDEX(WH_Backend!$DZ$6:$IO$125,$L125,80),0) -> 0 | CO125: =IF(AND($L125<=$P$2,81<=$P$2),INDEX(WH_Backend!$DZ$6:$IO$125,$L125,81),0) -> 0 | CP125: =IF(AND($L125<=$P$2,82<=$P$2),INDEX(WH_Backend!$DZ$6:$IO$125,$L125,82),0) -> 0 | CQ125: =IF(AND($L125<=$P$2,83<=$P$2),INDEX(WH_Backend!$DZ$6:$IO$125,$L125,83),0) -> 0 | CR125: =IF(AND($L125<=$P$2,84<=$P$2),INDEX(WH_Backend!$DZ$6:$IO$125,$L125,84),0) -> 0 | CS125: =IF(AND($L125<=$P$2,85<=$P$2),INDEX(WH_Backend!$DZ$6:$IO$125,$L125,85),0) -> 0 | CT125: =IF(AND($L125<=$P$2,86<=$P$2),INDEX(WH_Backend!$DZ$6:$IO$125,$L125,86),0) -> 0 | CU125: =IF(AND($L125<=$P$2,87<=$P$2),INDEX(WH_Backend!$DZ$6:$IO$125,$L125,87),0) -> 0 | CV125: =IF(AND($L125<=$P$2,88<=$P$2),INDEX(WH_Backend!$DZ$6:$IO$125,$L125,88),0) -> 0 | CW125: =IF(AND($L125<=$P$2,89<=$P$2),INDEX(WH_Backend!$DZ$6:$IO$125,$L125,89),0) -> 0 | CX125: =IF(AND($L125<=$P$2,90<=$P$2),INDEX(WH_Backend!$DZ$6:$IO$125,$L125,90),0) -> 0 | CY125: =IF(AND($L125<=$P$2,91<=$P$2),INDEX(WH_Backend!$DZ$6:$IO$125,$L125,91),0) -> 0 | CZ125: =IF(AND($L125<=$P$2,92<=$P$2),INDEX(WH_Backend!$DZ$6:$IO$125,$L125,92),0) -> 0 | DA125: =IF(AND($L125<=$P$2,93<=$P$2),INDEX(WH_Backend!$DZ$6:$IO$125,$L125,93),0) -> 0 | DB125: =IF(AND($L125<=$P$2,94<=$P$2),INDEX(WH_Backend!$DZ$6:$IO$125,$L125,94),0) -> 0 | DC125: =IF(AND($L125<=$P$2,95<=$P$2),INDEX(WH_Backend!$DZ$6:$IO$125,$L125,95),0) -> 0 | DD125: =IF(AND($L125<=$P$2,96<=$P$2),INDEX(WH_Backend!$DZ$6:$IO$125,$L125,96),0) -> 0 | DE125: =IF(AND($L125<=$P$2,97<=$P$2),INDEX(WH_Backend!$DZ$6:$IO$125,$L125,97),0) -> 0 | DF125: =IF(AND($L125<=$P$2,98<=$P$2),INDEX(WH_Backend!$DZ$6:$IO$125,$L125,98),0) -> 0 | DG125: =IF(AND($L125<=$P$2,99<=$P$2),INDEX(WH_Backend!$DZ$6:$IO$125,$L125,99),0) -> 0 | DH125: =IF(AND($L125<=$P$2,100<=$P$2),INDEX(WH_Backend!$DZ$6:$IO$125,$L125,100),0) -> 0 | DI125: =IF(AND($L125<=$P$2,101<=$P$2),INDEX(WH_Backend!$DZ$6:$IO$125,$L125,101),0) -> 0 | DJ125: =IF(AND($L125<=$P$2,102<=$P$2),INDEX(WH_Backend!$DZ$6:$IO$125,$L125,102),0) -> 0 | DK125: =IF(AND($L125<=$P$2,103<=$P$2),INDEX(WH_Backend!$DZ$6:$IO$125,$L125,103),0) -> 0 | DL125: =IF(AND($L125<=$P$2,104<=$P$2),INDEX(WH_Backend!$DZ$6:$IO$125,$L125,104),0) -> 0 | DM125: =IF(AND($L125<=$P$2,105<=$P$2),INDEX(WH_Backend!$DZ$6:$IO$125,$L125,105),0) -> 0 | DN125: =IF(AND($L125<=$P$2,106<=$P$2),INDEX(WH_Backend!$DZ$6:$IO$125,$L125,106),0) -> 0 | DO125: =IF(AND($L125<=$P$2,107<=$P$2),INDEX(WH_Backend!$DZ$6:$IO$125,$L125,107),0) -> 0 | DP125: =IF(AND($L125<=$P$2,108<=$P$2),INDEX(WH_Backend!$DZ$6:$IO$125,$L125,108),0) -> 0 | DQ125: =IF(AND($L125<=$P$2,109<=$P$2),INDEX(WH_Backend!$DZ$6:$IO$125,$L125,109),0) -> 0 | DR125: =IF(AND($L125<=$P$2,110<=$P$2),INDEX(WH_Backend!$DZ$6:$IO$125,$L125,110),0) -> 0 | DS125: =IF(AND($L125<=$P$2,111<=$P$2),INDEX(WH_Backend!$DZ$6:$IO$125,$L125,111),0) -> 0 | DT125: =IF(AND($L125<=$P$2,112<=$P$2),INDEX(WH_Backend!$DZ$6:$IO$125,$L125,112),0) -> 0 | DU125: =IF(AND($L125<=$P$2,113<=$P$2),INDEX(WH_Backend!$DZ$6:$IO$125,$L125,113),0) -> 0 | DV125: =IF(AND($L125<=$P$2,114<=$P$2),INDEX(WH_Backend!$DZ$6:$IO$125,$L125,114),0) -> 0 | DW125: =IF(AND($L125<=$P$2,115<=$P$2),INDEX(WH_Backend!$DZ$6:$IO$125,$L125,115),0) -> 0 | DX125: =IF(AND($L125<=$P$2,116<=$P$2),INDEX(WH_Backend!$DZ$6:$IO$125,$L125,116),0) -> 0 | DY125: =IF(AND($L125<=$P$2,117<=$P$2),INDEX(WH_Backend!$DZ$6:$IO$125,$L125,117),0) -> 0 | DZ125: =IF(AND($L125<=$P$2,118<=$P$2),INDEX(WH_Backend!$DZ$6:$IO$125,$L125,118),0) -> 0 | EA125: =IF(AND($L125<=$P$2,119<=$P$2),INDEX(WH_Backend!$DZ$6:$IO$125,$L125,119),0) -> 0 | EB125: =IF(AND($L125<=$P$2,120<=$P$2),INDEX(WH_Backend!$DZ$6:$IO$125,$L125,120),0) -> 0
L129: Active A inverse (zeros outside active block)
L130: i\j | M130: 1 | N130: 2 | O130: 3 | P130: 4 | Q130: 5 | R130: 6 | S130: 7 | T130: 8 | U130: 9 | V130: 10 | W130: 11 | X130: 12 | Y130: 13 | Z130: 14 | AA130: 15 | AB130: 16 | AC130: 17 | AD130: 18 | AE130: 19 | AF130: 20 | AG130: 21 | AH130: 22 | AI130: 23 | AJ130: 24 | AK130: 25 | AL130: 26 | AM130: 27 | AN130: 28 | AO130: 29 | AP130: 30 | AQ130: 31 | AR130: 32 | AS130: 33 | AT130: 34 | AU130: 35 | AV130: 36 | AW130: 37 | AX130: 38 | AY130: 39 | AZ130: 40 | BA130: 41 | BB130: 42 | BC130: 43 | BD130: 44 | BE130: 45 | BF130: 46 | BG130: 47 | BH130: 48 | BI130: 49 | BJ130: 50 | BK130: 51 | BL130: 52 | BM130: 53 | BN130: 54 | BO130: 55 | BP130: 56 | BQ130: 57 | BR130: 58 | BS130: 59 | BT130: 60 | BU130: 61 | BV130: 62 | BW130: 63 | BX130: 64 | BY130: 65 | BZ130: 66 | CA130: 67 | CB130: 68 | CC130: 69 | CD130: 70 | CE130: 71 | CF130: 72 | CG130: 73 | CH130: 74 | CI130: 75 | CJ130: 76 | CK130: 77 | CL130: 78 | CM130: 79 | CN130: 80 | CO130: 81 | CP130: 82 | CQ130: 83 | CR130: 84 | CS130: 85 | CT130: 86 | CU130: 87 | CV130: 88 | CW130: 89 | CX130: 90 | CY130: 91 | CZ130: 92 | DA130: 93 | DB130: 94 | DC130: 95 | DD130: 96 | DE130: 97 | DF130: 98 | DG130: 99 | DH130: 100 | DI130: 101 | DJ130: 102 | DK130: 103 | DL130: 104 | DM130: 105 | DN130: 106 | DO130: 107 | DP130: 108 | DQ130: 109 | DR130: 110 | DS130: 111 | DT130: 112 | DU130: 113 | DV130: 114 | DW130: 115 | DX130: 116 | DY130: 117 | DZ130: 118 | EA130: 119 | EB130: 120
L131: 1 | M131: {=IF(AND(ROWS($M$131:M131)<=$P$2,COLUMNS($M$131:M131)<=$P$2),INDEX(MINVERSE($M$6:INDEX($M$6:$EF$125,$P$2,$P$2)),ROWS($M$131:M131),COLUMNS($M$131:M131)),0)} -> 2.3681994e-06 | N131: {=IF(AND(ROWS($M$131:N131)<=$P$2,COLUMNS($M$131:N131)<=$P$2),INDEX(MINVERSE($M$6:INDEX($M$6:$EF$125,$P$2,$P$2)),ROWS($M$131:N131),COLUMNS($M$131:N131)),0)} -> 1.2552571e-06 | O131: {=IF(AND(ROWS($M$131:O131)<=$P$2,COLUMNS($M$131:O131)<=$P$2),INDEX(MINVERSE($M$6:INDEX($M$6:$EF$125,$P$2,$P$2)),ROWS($M$131:O131),COLUMNS($M$131:O131)),0)} -> 4.8323396e-07 | P131: {=IF(AND(ROWS($M$131:P131)<=$P$2,COLUMNS($M$131:P131)<=$P$2),INDEX(MINVERSE($M$6:INDEX($M$6:$EF$125,$P$2,$P$2)),ROWS($M$131:P131),COLUMNS($M$131:P131)),0)} -> 1.9269059e-08 | Q131: {=IF(AND(ROWS($M$131:Q131)<=$P$2,COLUMNS($M$131:Q131)<=$P$2),INDEX(MINVERSE($M$6:INDEX($M$6:$EF$125,$P$2,$P$2)),ROWS($M$131:Q131),COLUMNS($M$131:Q131)),0)} -> -1.9964974e-07 | R131: {=IF(AND(ROWS($M$131:R131)<=$P$2,COLUMNS($M$131:R131)<=$P$2),INDEX(MINVERSE($M$6:INDEX($M$6:$EF$125,$P$2,$P$2)),ROWS($M$131:R131),COLUMNS($M$131:R131)),0)} -> -2.5016309e-07 | S131: {=IF(AND(ROWS($M$131:S131)<=$P$2,COLUMNS($M$131:S131)<=$P$2),INDEX(MINVERSE($M$6:INDEX($M$6:$EF$125,$P$2,$P$2)),ROWS($M$131:S131),COLUMNS($M$131:S131)),0)} -> -2.0547208e-07 | T131: {=IF(AND(ROWS($M$131:T131)<=$P$2,COLUMNS($M$131:T131)<=$P$2),INDEX(MINVERSE($M$6:INDEX($M$6:$EF$125,$P$2,$P$2)),ROWS($M$131:T131),COLUMNS($M$131:T131)),0)} -> -1.238442e-07 | ... EB131: {=IF(AND(ROWS($M$131:EB131)<=$P$2,COLUMNS($M$131:EB131)<=$P$2),INDEX(MINVERSE($M$6:INDEX($M$6:$EF$125,$P$2,$P$2)),ROWS($M$131:EB131),COLUMNS($M$131:EB131)),0)} -> 0
L132: 2 | M132: {=IF(AND(ROWS($M$131:M132)<=$P$2,COLUMNS($M$131:M132)<=$P$2),INDEX(MINVERSE($M$6:INDEX($M$6:$EF$125,$P$2,$P$2)),ROWS($M$131:M132),COLUMNS($M$131:M132)),0)} -> 1.2552571e-06 | N132: {=IF(AND(ROWS($M$131:N132)<=$P$2,COLUMNS($M$131:N132)<=$P$2),INDEX(MINVERSE($M$6:INDEX($M$6:$EF$125,$P$2,$P$2)),ROWS($M$131:N132),COLUMNS($M$131:N132)),0)} -> 1.006631e-06 | O132: {=IF(AND(ROWS($M$131:O132)<=$P$2,COLUMNS($M$131:O132)<=$P$2),INDEX(MINVERSE($M$6:INDEX($M$6:$EF$125,$P$2,$P$2)),ROWS($M$131:O132),COLUMNS($M$131:O132)),0)} -> 7.2984596e-07 | P132: {=IF(AND(ROWS($M$131:P132)<=$P$2,COLUMNS($M$131:P132)<=$P$2),INDEX(MINVERSE($M$6:INDEX($M$6:$EF$125,$P$2,$P$2)),ROWS($M$131:P132),COLUMNS($M$131:P132)),0)} -> 4.6048885e-07 | Q132: {=IF(AND(ROWS($M$131:Q132)<=$P$2,COLUMNS($M$131:Q132)<=$P$2),INDEX(MINVERSE($M$6:INDEX($M$6:$EF$125,$P$2,$P$2)),ROWS($M$131:Q132),COLUMNS($M$131:Q132)),0)} -> 2.3384555e-07 | R132: {=IF(AND(ROWS($M$131:R132)<=$P$2,COLUMNS($M$131:R132)<=$P$2),INDEX(MINVERSE($M$6:INDEX($M$6:$EF$125,$P$2,$P$2)),ROWS($M$131:R132),COLUMNS($M$131:R132)),0)} -> 6.987514e-08 | S132: {=IF(AND(ROWS($M$131:S132)<=$P$2,COLUMNS($M$131:S132)<=$P$2),INDEX(MINVERSE($M$6:INDEX($M$6:$EF$125,$P$2,$P$2)),ROWS($M$131:S132),COLUMNS($M$131:S132)),0)} -> -2.8778128e-08 | T132: {=IF(AND(ROWS($M$131:T132)<=$P$2,COLUMNS($M$131:T132)<=$P$2),INDEX(MINVERSE($M$6:INDEX($M$6:$EF$125,$P$2,$P$2)),ROWS($M$131:T132),COLUMNS($M$131:T132)),0)} -> -7.2243922e-08 | ... EB132: {=IF(AND(ROWS($M$131:EB132)<=$P$2,COLUMNS($M$131:EB132)<=$P$2),INDEX(MINVERSE($M$6:INDEX($M$6:$EF$125,$P$2,$P$2)),ROWS($M$131:EB132),COLUMNS($M$131:EB132)),0)} -> 0
L133: 3 | M133: {=IF(AND(ROWS($M$131:M133)<=$P$2,COLUMNS($M$131:M133)<=$P$2),INDEX(MINVERSE($M$6:INDEX($M$6:$EF$125,$P$2,$P$2)),ROWS($M$131:M133),COLUMNS($M$131:M133)),0)} -> 4.8323396e-07 | N133: {=IF(AND(ROWS($M$131:N133)<=$P$2,COLUMNS($M$131:N133)<=$P$2),INDEX(MINVERSE($M$6:INDEX($M$6:$EF$125,$P$2,$P$2)),ROWS($M$131:N133),COLUMNS($M$131:N133)),0)} -> 7.2984596e-07 | O133: {=IF(AND(ROWS($M$131:O133)<=$P$2,COLUMNS($M$131:O133)<=$P$2),INDEX(MINVERSE($M$6:INDEX($M$6:$EF$125,$P$2,$P$2)),ROWS($M$131:O133),COLUMNS($M$131:O133)),0)} -> 8.0548359e-07 | P133: {=IF(AND(ROWS($M$131:P133)<=$P$2,COLUMNS($M$131:P133)<=$P$2),INDEX(MINVERSE($M$6:INDEX($M$6:$EF$125,$P$2,$P$2)),ROWS($M$131:P133),COLUMNS($M$131:P133)),0)} -> 7.2384661e-07 | Q133: {=IF(AND(ROWS($M$131:Q133)<=$P$2,COLUMNS($M$131:Q133)<=$P$2),INDEX(MINVERSE($M$6:INDEX($M$6:$EF$125,$P$2,$P$2)),ROWS($M$131:Q133),COLUMNS($M$131:Q133)),0)} -> 5.4671646e-07 | R133: {=IF(AND(ROWS($M$131:R133)<=$P$2,COLUMNS($M$131:R133)<=$P$2),INDEX(MINVERSE($M$6:INDEX($M$6:$EF$125,$P$2,$P$2)),ROWS($M$131:R133),COLUMNS($M$131:R133)),0)} -> 3.413618e-07 | S133: {=IF(AND(ROWS($M$131:S133)<=$P$2,COLUMNS($M$131:S133)<=$P$2),INDEX(MINVERSE($M$6:INDEX($M$6:$EF$125,$P$2,$P$2)),ROWS($M$131:S133),COLUMNS($M$131:S133)),0)} -> 1.5843868e-07 | T133: {=IF(AND(ROWS($M$131:T133)<=$P$2,COLUMNS($M$131:T133)<=$P$2),INDEX(MINVERSE($M$6:INDEX($M$6:$EF$125,$P$2,$P$2)),ROWS($M$131:T133),COLUMNS($M$131:T133)),0)} -> 2.5154808e-08 | ... EB133: {=IF(AND(ROWS($M$131:EB133)<=$P$2,COLUMNS($M$131:EB133)<=$P$2),INDEX(MINVERSE($M$6:INDEX($M$6:$EF$125,$P$2,$P$2)),ROWS($M$131:EB133),COLUMNS($M$131:EB133)),0)} -> 0
L134: 4 | M134: {=IF(AND(ROWS($M$131:M134)<=$P$2,COLUMNS($M$131:M134)<=$P$2),INDEX(MINVERSE($M$6:INDEX($M$6:$EF$125,$P$2,$P$2)),ROWS($M$131:M134),COLUMNS($M$131:M134)),0)} -> 1.9269059e-08 | N134: {=IF(AND(ROWS($M$131:N134)<=$P$2,COLUMNS($M$131:N134)<=$P$2),INDEX(MINVERSE($M$6:INDEX($M$6:$EF$125,$P$2,$P$2)),ROWS($M$131:N134),COLUMNS($M$131:N134)),0)} -> 4.6048885e-07 | O134: {=IF(AND(ROWS($M$131:O134)<=$P$2,COLUMNS($M$131:O134)<=$P$2),INDEX(MINVERSE($M$6:INDEX($M$6:$EF$125,$P$2,$P$2)),ROWS($M$131:O134),COLUMNS($M$131:O134)),0)} -> 7.2384661e-07 | P134: {=IF(AND(ROWS($M$131:P134)<=$P$2,COLUMNS($M$131:P134)<=$P$2),INDEX(MINVERSE($M$6:INDEX($M$6:$EF$125,$P$2,$P$2)),ROWS($M$131:P134),COLUMNS($M$131:P134)),0)} -> 8.0988864e-07 | Q134: {=IF(AND(ROWS($M$131:Q134)<=$P$2,COLUMNS($M$131:Q134)<=$P$2),INDEX(MINVERSE($M$6:INDEX($M$6:$EF$125,$P$2,$P$2)),ROWS($M$131:Q134),COLUMNS($M$131:Q134)),0)} -> 7.3330288e-07 | R134: {=IF(AND(ROWS($M$131:R134)<=$P$2,COLUMNS($M$131:R134)<=$P$2),INDEX(MINVERSE($M$6:INDEX($M$6:$EF$125,$P$2,$P$2)),ROWS($M$131:R134),COLUMNS($M$131:R134)),0)} -> 5.5720469e-07 | S134: {=IF(AND(ROWS($M$131:S134)<=$P$2,COLUMNS($M$131:S134)<=$P$2),INDEX(MINVERSE($M$6:INDEX($M$6:$EF$125,$P$2,$P$2)),ROWS($M$131:S134),COLUMNS($M$131:S134)),0)} -> 3.5035316e-07 | T134: {=IF(AND(ROWS($M$131:T134)<=$P$2,COLUMNS($M$131:T134)<=$P$2),INDEX(MINVERSE($M$6:INDEX($M$6:$EF$125,$P$2,$P$2)),ROWS($M$131:T134),COLUMNS($M$131:T134)),0)} -> 1.6484098e-07 | ... EB134: {=IF(AND(ROWS($M$131:EB134)<=$P$2,COLUMNS($M$131:EB134)<=$P$2),INDEX(MINVERSE($M$6:INDEX($M$6:$EF$125,$P$2,$P$2)),ROWS($M$131:EB134),COLUMNS($M$131:EB134)),0)} -> 0
L135: 5 | M135: {=IF(AND(ROWS($M$131:M135)<=$P$2,COLUMNS($M$131:M135)<=$P$2),INDEX(MINVERSE($M$6:INDEX($M$6:$EF$125,$P$2,$P$2)),ROWS($M$131:M135),COLUMNS($M$131:M135)),0)} -> -1.9964974e-07 | N135: {=IF(AND(ROWS($M$131:N135)<=$P$2,COLUMNS($M$131:N135)<=$P$2),INDEX(MINVERSE($M$6:INDEX($M$6:$EF$125,$P$2,$P$2)),ROWS($M$131:N135),COLUMNS($M$131:N135)),0)} -> 2.3384555e-07 | O135: {=IF(AND(ROWS($M$131:O135)<=$P$2,COLUMNS($M$131:O135)<=$P$2),INDEX(MINVERSE($M$6:INDEX($M$6:$EF$125,$P$2,$P$2)),ROWS($M$131:O135),COLUMNS($M$131:O135)),0)} -> 5.4671646e-07 | P135: {=IF(AND(ROWS($M$131:P135)<=$P$2,COLUMNS($M$131:P135)<=$P$2),INDEX(MINVERSE($M$6:INDEX($M$6:$EF$125,$P$2,$P$2)),ROWS($M$131:P135),COLUMNS($M$131:P135)),0)} -> 7.3330288e-07 | Q135: {=IF(AND(ROWS($M$131:Q135)<=$P$2,COLUMNS($M$131:Q135)<=$P$2),INDEX(MINVERSE($M$6:INDEX($M$6:$EF$125,$P$2,$P$2)),ROWS($M$131:Q135),COLUMNS($M$131:Q135)),0)} -> 7.8325106e-07 | R135: {=IF(AND(ROWS($M$131:R135)<=$P$2,COLUMNS($M$131:R135)<=$P$2),INDEX(MINVERSE($M$6:INDEX($M$6:$EF$125,$P$2,$P$2)),ROWS($M$131:R135),COLUMNS($M$131:R135)),0)} -> 6.9810736e-07 | S135: {=IF(AND(ROWS($M$131:S135)<=$P$2,COLUMNS($M$131:S135)<=$P$2),INDEX(MINVERSE($M$6:INDEX($M$6:$EF$125,$P$2,$P$2)),ROWS($M$131:S135),COLUMNS($M$131:S135)),0)} -> 5.2867426e-07 | T135: {=IF(AND(ROWS($M$131:T135)<=$P$2,COLUMNS($M$131:T135)<=$P$2),INDEX(MINVERSE($M$6:INDEX($M$6:$EF$125,$P$2,$P$2)),ROWS($M$131:T135),COLUMNS($M$131:T135)),0)} -> 3.3423434e-07 | ... EB135: {=IF(AND(ROWS($M$131:EB135)<=$P$2,COLUMNS($M$131:EB135)<=$P$2),INDEX(MINVERSE($M$6:INDEX($M$6:$EF$125,$P$2,$P$2)),ROWS($M$131:EB135),COLUMNS($M$131:EB135)),0)} -> 0
L136: 6 | M136: {=IF(AND(ROWS($M$131:M136)<=$P$2,COLUMNS($M$131:M136)<=$P$2),INDEX(MINVERSE($M$6:INDEX($M$6:$EF$125,$P$2,$P$2)),ROWS($M$131:M136),COLUMNS($M$131:M136)),0)} -> -2.5016309e-07 | N136: {=IF(AND(ROWS($M$131:N136)<=$P$2,COLUMNS($M$131:N136)<=$P$2),INDEX(MINVERSE($M$6:INDEX($M$6:$EF$125,$P$2,$P$2)),ROWS($M$131:N136),COLUMNS($M$131:N136)),0)} -> 6.987514e-08 | O136: {=IF(AND(ROWS($M$131:O136)<=$P$2,COLUMNS($M$131:O136)<=$P$2),INDEX(MINVERSE($M$6:INDEX($M$6:$EF$125,$P$2,$P$2)),ROWS($M$131:O136),COLUMNS($M$131:O136)),0)} -> 3.413618e-07 | P136: {=IF(AND(ROWS($M$131:P136)<=$P$2,COLUMNS($M$131:P136)<=$P$2),INDEX(MINVERSE($M$6:INDEX($M$6:$EF$125,$P$2,$P$2)),ROWS($M$131:P136),COLUMNS($M$131:P136)),0)} -> 5.5720469e-07 | Q136: {=IF(AND(ROWS($M$131:Q136)<=$P$2,COLUMNS($M$131:Q136)<=$P$2),INDEX(MINVERSE($M$6:INDEX($M$6:$EF$125,$P$2,$P$2)),ROWS($M$131:Q136),COLUMNS($M$131:Q136)),0)} -> 6.9810736e-07 | R136: {=IF(AND(ROWS($M$131:R136)<=$P$2,COLUMNS($M$131:R136)<=$P$2),INDEX(MINVERSE($M$6:INDEX($M$6:$EF$125,$P$2,$P$2)),ROWS($M$131:R136),COLUMNS($M$131:R136)),0)} -> 7.3721442e-07 | S136: {=IF(AND(ROWS($M$131:S136)<=$P$2,COLUMNS($M$131:S136)<=$P$2),INDEX(MINVERSE($M$6:INDEX($M$6:$EF$125,$P$2,$P$2)),ROWS($M$131:S136),COLUMNS($M$131:S136)),0)} -> 6.6053318e-07 | T136: {=IF(AND(ROWS($M$131:T136)<=$P$2,COLUMNS($M$131:T136)<=$P$2),INDEX(MINVERSE($M$6:INDEX($M$6:$EF$125,$P$2,$P$2)),ROWS($M$131:T136),COLUMNS($M$131:T136)),0)} -> 5.0684621e-07 | ... EB136: {=IF(AND(ROWS($M$131:EB136)<=$P$2,COLUMNS($M$131:EB136)<=$P$2),INDEX(MINVERSE($M$6:INDEX($M$6:$EF$125,$P$2,$P$2)),ROWS($M$131:EB136),COLUMNS($M$131:EB136)),0)} -> 0
L137: 7 | M137: {=IF(AND(ROWS($M$131:M137)<=$P$2,COLUMNS($M$131:M137)<=$P$2),INDEX(MINVERSE($M$6:INDEX($M$6:$EF$125,$P$2,$P$2)),ROWS($M$131:M137),COLUMNS($M$131:M137)),0)} -> -2.0547208e-07 | N137: {=IF(AND(ROWS($M$131:N137)<=$P$2,COLUMNS($M$131:N137)<=$P$2),INDEX(MINVERSE($M$6:INDEX($M$6:$EF$125,$P$2,$P$2)),ROWS($M$131:N137),COLUMNS($M$131:N137)),0)} -> -2.8778128e-08 | O137: {=IF(AND(ROWS($M$131:O137)<=$P$2,COLUMNS($M$131:O137)<=$P$2),INDEX(MINVERSE($M$6:INDEX($M$6:$EF$125,$P$2,$P$2)),ROWS($M$131:O137),COLUMNS($M$131:O137)),0)} -> 1.5843868e-07 | P137: {=IF(AND(ROWS($M$131:P137)<=$P$2,COLUMNS($M$131:P137)<=$P$2),INDEX(MINVERSE($M$6:INDEX($M$6:$EF$125,$P$2,$P$2)),ROWS($M$131:P137),COLUMNS($M$131:P137)),0)} -> 3.5035316e-07 | Q137: {=IF(AND(ROWS($M$131:Q137)<=$P$2,COLUMNS($M$131:Q137)<=$P$2),INDEX(MINVERSE($M$6:INDEX($M$6:$EF$125,$P$2,$P$2)),ROWS($M$131:Q137),COLUMNS($M$131:Q137)),0)} -> 5.2867426e-07 | R137: {=IF(AND(ROWS($M$131:R137)<=$P$2,COLUMNS($M$131:R137)<=$P$2),INDEX(MINVERSE($M$6:INDEX($M$6:$EF$125,$P$2,$P$2)),ROWS($M$131:R137),COLUMNS($M$131:R137)),0)} -> 6.6053318e-07 | S137: {=IF(AND(ROWS($M$131:S137)<=$P$2,COLUMNS($M$131:S137)<=$P$2),INDEX(MINVERSE($M$6:INDEX($M$6:$EF$125,$P$2,$P$2)),ROWS($M$131:S137),COLUMNS($M$131:S137)),0)} -> 7.0629112e-07 | T137: {=IF(AND(ROWS($M$131:T137)<=$P$2,COLUMNS($M$131:T137)<=$P$2),INDEX(MINVERSE($M$6:INDEX($M$6:$EF$125,$P$2,$P$2)),ROWS($M$131:T137),COLUMNS($M$131:T137)),0)} -> 6.4210742e-07 | ... EB137: {=IF(AND(ROWS($M$131:EB137)<=$P$2,COLUMNS($M$131:EB137)<=$P$2),INDEX(MINVERSE($M$6:INDEX($M$6:$EF$125,$P$2,$P$2)),ROWS($M$131:EB137),COLUMNS($M$131:EB137)),0)} -> 0
L138: 8 | M138: {=IF(AND(ROWS($M$131:M138)<=$P$2,COLUMNS($M$131:M138)<=$P$2),INDEX(MINVERSE($M$6:INDEX($M$6:$EF$125,$P$2,$P$2)),ROWS($M$131:M138),COLUMNS($M$131:M138)),0)} -> -1.238442e-07 | N138: {=IF(AND(ROWS($M$131:N138)<=$P$2,COLUMNS($M$131:N138)<=$P$2),INDEX(MINVERSE($M$6:INDEX($M$6:$EF$125,$P$2,$P$2)),ROWS($M$131:N138),COLUMNS($M$131:N138)),0)} -> -7.2243922e-08 | O138: {=IF(AND(ROWS($M$131:O138)<=$P$2,COLUMNS($M$131:O138)<=$P$2),INDEX(MINVERSE($M$6:INDEX($M$6:$EF$125,$P$2,$P$2)),ROWS($M$131:O138),COLUMNS($M$131:O138)),0)} -> 2.5154808e-08 | P138: {=IF(AND(ROWS($M$131:P138)<=$P$2,COLUMNS($M$131:P138)<=$P$2),INDEX(MINVERSE($M$6:INDEX($M$6:$EF$125,$P$2,$P$2)),ROWS($M$131:P138),COLUMNS($M$131:P138)),0)} -> 1.6484098e-07 | Q138: {=IF(AND(ROWS($M$131:Q138)<=$P$2,COLUMNS($M$131:Q138)<=$P$2),INDEX(MINVERSE($M$6:INDEX($M$6:$EF$125,$P$2,$P$2)),ROWS($M$131:Q138),COLUMNS($M$131:Q138)),0)} -> 3.3423434e-07 | R138: {=IF(AND(ROWS($M$131:R138)<=$P$2,COLUMNS($M$131:R138)<=$P$2),INDEX(MINVERSE($M$6:INDEX($M$6:$EF$125,$P$2,$P$2)),ROWS($M$131:R138),COLUMNS($M$131:R138)),0)} -> 5.0684621e-07 | S138: {=IF(AND(ROWS($M$131:S138)<=$P$2,COLUMNS($M$131:S138)<=$P$2),INDEX(MINVERSE($M$6:INDEX($M$6:$EF$125,$P$2,$P$2)),ROWS($M$131:S138),COLUMNS($M$131:S138)),0)} -> 6.4210742e-07 | T138: {=IF(AND(ROWS($M$131:T138)<=$P$2,COLUMNS($M$131:T138)<=$P$2),INDEX(MINVERSE($M$6:INDEX($M$6:$EF$125,$P$2,$P$2)),ROWS($M$131:T138),COLUMNS($M$131:T138)),0)} -> 6.9452808e-07 | ... EB138: {=IF(AND(ROWS($M$131:EB138)<=$P$2,COLUMNS($M$131:EB138)<=$P$2),INDEX(MINVERSE($M$6:INDEX($M$6:$EF$125,$P$2,$P$2)),ROWS($M$131:EB138),COLUMNS($M$131:EB138)),0)} -> 0
L139: 9 | M139: {=IF(AND(ROWS($M$131:M139)<=$P$2,COLUMNS($M$131:M139)<=$P$2),INDEX(MINVERSE($M$6:INDEX($M$6:$EF$125,$P$2,$P$2)),ROWS($M$131:M139),COLUMNS($M$131:M139)),0)} -> -4.393312e-08 | N139: {=IF(AND(ROWS($M$131:N139)<=$P$2,COLUMNS($M$131:N139)<=$P$2),INDEX(MINVERSE($M$6:INDEX($M$6:$EF$125,$P$2,$P$2)),ROWS($M$131:N139),COLUMNS($M$131:N139)),0)} -> -7.698172e-08 | O139: {=IF(AND(ROWS($M$131:O139)<=$P$2,COLUMNS($M$131:O139)<=$P$2),INDEX(MINVERSE($M$6:INDEX($M$6:$EF$125,$P$2,$P$2)),ROWS($M$131:O139),COLUMNS($M$131:O139)),0)} -> -5.226849e-08 | P139: {=IF(AND(ROWS($M$131:P139)<=$P$2,COLUMNS($M$131:P139)<=$P$2),INDEX(MINVERSE($M$6:INDEX($M$6:$EF$125,$P$2,$P$2)),ROWS($M$131:P139),COLUMNS($M$131:P139)),0)} -> 2.8961054e-08 | Q139: {=IF(AND(ROWS($M$131:Q139)<=$P$2,COLUMNS($M$131:Q139)<=$P$2),INDEX(MINVERSE($M$6:INDEX($M$6:$EF$125,$P$2,$P$2)),ROWS($M$131:Q139),COLUMNS($M$131:Q139)),0)} -> 1.607889e-07 | R139: {=IF(AND(ROWS($M$131:R139)<=$P$2,COLUMNS($M$131:R139)<=$P$2),INDEX(MINVERSE($M$6:INDEX($M$6:$EF$125,$P$2,$P$2)),ROWS($M$131:R139),COLUMNS($M$131:R139)),0)} -> 3.2770351e-07 | S139: {=IF(AND(ROWS($M$131:S139)<=$P$2,COLUMNS($M$131:S139)<=$P$2),INDEX(MINVERSE($M$6:INDEX($M$6:$EF$125,$P$2,$P$2)),ROWS($M$131:S139),COLUMNS($M$131:S139)),0)} -> 5.0049881e-07 | T139: {=IF(AND(ROWS($M$131:T139)<=$P$2,COLUMNS($M$131:T139)<=$P$2),INDEX(MINVERSE($M$6:INDEX($M$6:$EF$125,$P$2,$P$2)),ROWS($M$131:T139),COLUMNS($M$131:T139)),0)} -> 6.3666226e-07 | ... EB139: {=IF(AND(ROWS($M$131:EB139)<=$P$2,COLUMNS($M$131:EB139)<=$P$2),INDEX(MINVERSE($M$6:INDEX($M$6:$EF$125,$P$2,$P$2)),ROWS($M$131:EB139),COLUMNS($M$131:EB139)),0)} -> 0
L140: 10 | M140: {=IF(AND(ROWS($M$131:M140)<=$P$2,COLUMNS($M$131:M140)<=$P$2),INDEX(MINVERSE($M$6:INDEX($M$6:$EF$125,$P$2,$P$2)),ROWS($M$131:M140),COLUMNS($M$131:M140)),0)} -> 1.4343619e-08 | N140: {=IF(AND(ROWS($M$131:N140)<=$P$2,COLUMNS($M$131:N140)<=$P$2),INDEX(MINVERSE($M$6:INDEX($M$6:$EF$125,$P$2,$P$2)),ROWS($M$131:N140),COLUMNS($M$131:N140)),0)} -> -6.0115134e-08 | O140: {=IF(AND(ROWS($M$131:O140)<=$P$2,COLUMNS($M$131:O140)<=$P$2),INDEX(MINVERSE($M$6:INDEX($M$6:$EF$125,$P$2,$P$2)),ROWS($M$131:O140),COLUMNS($M$131:O140)),0)} -> -8.1848573e-08 | P140: {=IF(AND(ROWS($M$131:P140)<=$P$2,COLUMNS($M$131:P140)<=$P$2),INDEX(MINVERSE($M$6:INDEX($M$6:$EF$125,$P$2,$P$2)),ROWS($M$131:P140),COLUMNS($M$131:P140)),0)} -> -5.0450052e-08 | Q140: {=IF(AND(ROWS($M$131:Q140)<=$P$2,COLUMNS($M$131:Q140)<=$P$2),INDEX(MINVERSE($M$6:INDEX($M$6:$EF$125,$P$2,$P$2)),ROWS($M$131:Q140),COLUMNS($M$131:Q140)),0)} -> 3.359685e-08 | R140: {=IF(AND(ROWS($M$131:R140)<=$P$2,COLUMNS($M$131:R140)<=$P$2),INDEX(MINVERSE($M$6:INDEX($M$6:$EF$125,$P$2,$P$2)),ROWS($M$131:R140),COLUMNS($M$131:R140)),0)} -> 1.6528191e-07 | S140: {=IF(AND(ROWS($M$131:S140)<=$P$2,COLUMNS($M$131:S140)<=$P$2),INDEX(MINVERSE($M$6:INDEX($M$6:$EF$125,$P$2,$P$2)),ROWS($M$131:S140),COLUMNS($M$131:S140)),0)} -> 3.3000346e-07 | T140: {=IF(AND(ROWS($M$131:T140)<=$P$2,COLUMNS($M$131:T140)<=$P$2),INDEX(MINVERSE($M$6:INDEX($M$6:$EF$125,$P$2,$P$2)),ROWS($M$131:T140),COLUMNS($M$131:T140)),0)} -> 4.9944152e-07 | ... EB140: {=IF(AND(ROWS($M$131:EB140)<=$P$2,COLUMNS($M$131:EB140)<=$P$2),INDEX(MINVERSE($M$6:INDEX($M$6:$EF$125,$P$2,$P$2)),ROWS($M$131:EB140),COLUMNS($M$131:EB140)),0)} -> 0
L141: 11 | M141: {=IF(AND(ROWS($M$131:M141)<=$P$2,COLUMNS($M$131:M141)<=$P$2),INDEX(MINVERSE($M$6:INDEX($M$6:$EF$125,$P$2,$P$2)),ROWS($M$131:M141),COLUMNS($M$131:M141)),0)} -> 4.5591553e-08 | N141: {=IF(AND(ROWS($M$131:N141)<=$P$2,COLUMNS($M$131:N141)<=$P$2),INDEX(MINVERSE($M$6:INDEX($M$6:$EF$125,$P$2,$P$2)),ROWS($M$131:N141),COLUMNS($M$131:N141)),0)} -> -3.5711922e-08 | O141: {=IF(AND(ROWS($M$131:O141)<=$P$2,COLUMNS($M$131:O141)<=$P$2),INDEX(MINVERSE($M$6:INDEX($M$6:$EF$125,$P$2,$P$2)),ROWS($M$131:O141),COLUMNS($M$131:O141)),0)} -> -7.8416318e-08 | P141: {=IF(AND(ROWS($M$131:P141)<=$P$2,COLUMNS($M$131:P141)<=$P$2),INDEX(MINVERSE($M$6:INDEX($M$6:$EF$125,$P$2,$P$2)),ROWS($M$131:P141),COLUMNS($M$131:P141)),0)} -> -8.1229101e-08 | Q141: {=IF(AND(ROWS($M$131:Q141)<=$P$2,COLUMNS($M$131:Q141)<=$P$2),INDEX(MINVERSE($M$6:INDEX($M$6:$EF$125,$P$2,$P$2)),ROWS($M$131:Q141),COLUMNS($M$131:Q141)),0)} -> -4.1284667e-08 | R141: {=IF(AND(ROWS($M$131:R141)<=$P$2,COLUMNS($M$131:R141)<=$P$2),INDEX(MINVERSE($M$6:INDEX($M$6:$EF$125,$P$2,$P$2)),ROWS($M$131:R141),COLUMNS($M$131:R141)),0)} -> 4.3894771e-08 | S141: {=IF(AND(ROWS($M$131:S141)<=$P$2,COLUMNS($M$131:S141)<=$P$2),INDEX(MINVERSE($M$6:INDEX($M$6:$EF$125,$P$2,$P$2)),ROWS($M$131:S141),COLUMNS($M$131:S141)),0)} -> 1.7213842e-07 | T141: {=IF(AND(ROWS($M$131:T141)<=$P$2,COLUMNS($M$131:T141)<=$P$2),INDEX(MINVERSE($M$6:INDEX($M$6:$EF$125,$P$2,$P$2)),ROWS($M$131:T141),COLUMNS($M$131:T141)),0)} -> 3.3121348e-07 | ... EB141: {=IF(AND(ROWS($M$131:EB141)<=$P$2,COLUMNS($M$131:EB141)<=$P$2),INDEX(MINVERSE($M$6:INDEX($M$6:$EF$125,$P$2,$P$2)),ROWS($M$131:EB141),COLUMNS($M$131:EB141)),0)} -> 0
L142: 12 | M142: {=IF(AND(ROWS($M$131:M142)<=$P$2,COLUMNS($M$131:M142)<=$P$2),INDEX(MINVERSE($M$6:INDEX($M$6:$EF$125,$P$2,$P$2)),ROWS($M$131:M142),COLUMNS($M$131:M142)),0)} -> 5.3538795e-08 | N142: {=IF(AND(ROWS($M$131:N142)<=$P$2,COLUMNS($M$131:N142)<=$P$2),INDEX(MINVERSE($M$6:INDEX($M$6:$EF$125,$P$2,$P$2)),ROWS($M$131:N142),COLUMNS($M$131:N142)),0)} -> -1.3144656e-08 | O142: {=IF(AND(ROWS($M$131:O142)<=$P$2,COLUMNS($M$131:O142)<=$P$2),INDEX(MINVERSE($M$6:INDEX($M$6:$EF$125,$P$2,$P$2)),ROWS($M$131:O142),COLUMNS($M$131:O142)),0)} -> -5.760368e-08 | P142: {=IF(AND(ROWS($M$131:P142)<=$P$2,COLUMNS($M$131:P142)<=$P$2),INDEX(MINVERSE($M$6:INDEX($M$6:$EF$125,$P$2,$P$2)),ROWS($M$131:P142),COLUMNS($M$131:P142)),0)} -> -7.8320438e-08 | Q142: {=IF(AND(ROWS($M$131:Q142)<=$P$2,COLUMNS($M$131:Q142)<=$P$2),INDEX(MINVERSE($M$6:INDEX($M$6:$EF$125,$P$2,$P$2)),ROWS($M$131:Q142),COLUMNS($M$131:Q142)),0)} -> -7.1113905e-08 | R142: {=IF(AND(ROWS($M$131:R142)<=$P$2,COLUMNS($M$131:R142)<=$P$2),INDEX(MINVERSE($M$6:INDEX($M$6:$EF$125,$P$2,$P$2)),ROWS($M$131:R142),COLUMNS($M$131:R142)),0)} -> -2.9641052e-08 | S142: {=IF(AND(ROWS($M$131:S142)<=$P$2,COLUMNS($M$131:S142)<=$P$2),INDEX(MINVERSE($M$6:INDEX($M$6:$EF$125,$P$2,$P$2)),ROWS($M$131:S142),COLUMNS($M$131:S142)),0)} -> 5.1884456e-08 | T142: {=IF(AND(ROWS($M$131:T142)<=$P$2,COLUMNS($M$131:T142)<=$P$2),INDEX(MINVERSE($M$6:INDEX($M$6:$EF$125,$P$2,$P$2)),ROWS($M$131:T142),COLUMNS($M$131:T142)),0)} -> 1.739881e-07 | ... EB142: {=IF(AND(ROWS($M$131:EB142)<=$P$2,COLUMNS($M$131:EB142)<=$P$2),INDEX(MINVERSE($M$6:INDEX($M$6:$EF$125,$P$2,$P$2)),ROWS($M$131:EB142),COLUMNS($M$131:EB142)),0)} -> 0
... L250: 120 | M250: {=IF(AND(ROWS($M$131:M250)<=$P$2,COLUMNS($M$131:M250)<=$P$2),INDEX(MINVERSE($M$6:INDEX($M$6:$EF$125,$P$2,$P$2)),ROWS($M$131:M250),COLUMNS($M$131:M250)),0)} -> 0 | N250: {=IF(AND(ROWS($M$131:N250)<=$P$2,COLUMNS($M$131:N250)<=$P$2),INDEX(MINVERSE($M$6:INDEX($M$6:$EF$125,$P$2,$P$2)),ROWS($M$131:N250),COLUMNS($M$131:N250)),0)} -> 0 | O250: {=IF(AND(ROWS($M$131:O250)<=$P$2,COLUMNS($M$131:O250)<=$P$2),INDEX(MINVERSE($M$6:INDEX($M$6:$EF$125,$P$2,$P$2)),ROWS($M$131:O250),COLUMNS($M$131:O250)),0)} -> 0 | P250: {=IF(AND(ROWS($M$131:P250)<=$P$2,COLUMNS($M$131:P250)<=$P$2),INDEX(MINVERSE($M$6:INDEX($M$6:$EF$125,$P$2,$P$2)),ROWS($M$131:P250),COLUMNS($M$131:P250)),0)} -> 0 | Q250: {=IF(AND(ROWS($M$131:Q250)<=$P$2,COLUMNS($M$131:Q250)<=$P$2),INDEX(MINVERSE($M$6:INDEX($M$6:$EF$125,$P$2,$P$2)),ROWS($M$131:Q250),COLUMNS($M$131:Q250)),0)} -> 0 | R250: {=IF(AND(ROWS($M$131:R250)<=$P$2,COLUMNS($M$131:R250)<=$P$2),INDEX(MINVERSE($M$6:INDEX($M$6:$EF$125,$P$2,$P$2)),ROWS($M$131:R250),COLUMNS($M$131:R250)),0)} -> 0 | S250: {=IF(AND(ROWS($M$131:S250)<=$P$2,COLUMNS($M$131:S250)<=$P$2),INDEX(MINVERSE($M$6:INDEX($M$6:$EF$125,$P$2,$P$2)),ROWS($M$131:S250),COLUMNS($M$131:S250)),0)} -> 0 | T250: {=IF(AND(ROWS($M$131:T250)<=$P$2,COLUMNS($M$131:T250)<=$P$2),INDEX(MINVERSE($M$6:INDEX($M$6:$EF$125,$P$2,$P$2)),ROWS($M$131:T250),COLUMNS($M$131:T250)),0)} -> 0 | ... EB250: {=IF(AND(ROWS($M$131:EB250)<=$P$2,COLUMNS($M$131:EB250)<=$P$2),INDEX(MINVERSE($M$6:INDEX($M$6:$EF$125,$P$2,$P$2)),ROWS($M$131:EB250),COLUMNS($M$131:EB250)),0)} -> 0

Sheet Q1(a)Test
A1: Exposures | B1: Deaths | C1: mdot_x (analytical) | D1: First Diff | E1: Second Diff | F1: Third Diff | G1: Barnett | I1: mhat_x | J1: Expected Deaths | K1: Deviation | L1: Variance | M1: Standardised Deviation | N1: Chi-squared | P1: #of + devs
A2: =Inputs!B6 -> 283502.35 | B2: =Inputs!C6 -> 164.01 | C2: =WH_Analytical!G6 -> 0.00058266542 | D2: =C3-C2 -> -1.8194723e-05 | E2: =D3-D2 -> 9.6587772e-06 | F2: =E3-E2 -> 1.1770158e-07 | G2: =IF(ABS(F2)*(7^3)<C2,"TRUE","FALSE") -> TRUE | I2: =B2/A2 -> 0.00057851372 | J2: =A2*C2 -> 165.18702 | K2: =B2-J2 -> -1.1770158 | L2: =A2*C2 -> 165.18702 | M2: =K2/SQRT(L2) -> -0.091578674 | N2: =M2^2 -> 0.0083866535 | P2: =IF(K2>0,1,0) -> 0
A3: =Inputs!B7 -> 283375.14 | B3: =Inputs!C7 -> 179.02 | C3: =WH_Analytical!G7 -> 0.0005644707 | D3: =C4-C3 -> -8.5359455e-06 | E3: =D4-D3 -> 9.7764787e-06 | F3: =E4-E3 -> -1.553199e-06 | G3: =IF(ABS(F3)*(7^3)<C3,"TRUE","FALSE") -> TRUE | I3: =B3/A3 -> 0.00063174208 | J3: =A3*C3 -> 159.95696 | K3: =B3-J3 -> 19.063037 | L3: =A3*C3 -> 159.95696 | M3: =K3/SQRT(L3) -> 1.5072681 | N3: =M3^2 -> 2.2718572 | P3: =IF(K3>0,1,0) -> 1
A4: =Inputs!B8 -> 285838.65 | B4: =Inputs!C8 -> 127 | C4: =WH_Analytical!G8 -> 0.00055593475 | D4: =C5-C4 -> 1.2405332e-06 | E4: =D5-D4 -> 8.2232798e-06 | F4: =E5-E4 -> -1.8219377e-06 | G4: =IF(ABS(F4)*(7^3)<C4,"TRUE","FALSE") -> FALSE | I4: =B4/A4 -> 0.0004443066 | J4: =A4*C4 -> 158.90764 | K4: =B4-J4 -> -31.907639 | L4: =A4*C4 -> 158.90764 | M4: =K4/SQRT(L4) -> -2.5311756 | N4: =M4^2 -> 6.4068501 | P4: =IF(K4>0,1,0) -> 0
A5: =Inputs!B9 -> 283132.8 | B5: =Inputs!C9 -> 167.02 | C5: =WH_Analytical!G9 -> 0.00055717529 | D5: =C6-C5 -> 9.463813e-06 | E5: =D6-D5 -> 6.401342e-06 | F5: =E6-E5 -> -1.6150549e-06 | G5: =IF(ABS(F5)*(7^3)<C5,"TRUE","FALSE") -> TRUE | I5: =B5/A5 -> 0.00058989986 | J5: =A5*C5 -> 157.7546 | K5: =B5-J5 -> 9.2654015 | L5: =A5*C5 -> 157.7546 | M5: =K5/SQRT(L5) -> 0.73768886 | N5: =M5^2 -> 0.54418486 | P5: =IF(K5>0,1,0) -> 1
A6: =Inputs!B10 -> 279196.5 | B6: =Inputs!C10 -> 164.02 | C6: =WH_Analytical!G10 -> 0.0005666391 | D6: =C7-C6 -> 1.5865155e-05 | E6: =D7-D6 -> 4.7862871e-06 | F6: =E7-E6 -> -1.5141851e-06 | G6: =IF(ABS(F6)*(7^3)<C6,"TRUE","FALSE") -> TRUE | I6: =B6/A6 -> 0.00058747155 | J6: =A6*C6 -> 158.20365 | K6: =B6-J6 -> 5.8163471 | L6: =A6*C6 -> 158.20365 | M6: =K6/SQRT(L6) -> 0.4624258 | N6: =M6^2 -> 0.21383762 | P6: =IF(K6>0,1,0) -> 1
A7: =Inputs!B11 -> 272371.83 | B7: =Inputs!C11 -> 159.02 | C7: =WH_Analytical!G11 -> 0.00058250425 | D7: =C8-C7 -> 2.0651442e-05 | E7: =D8-D7 -> 3.272102e-06 | F7: =E8-E7 -> -1.5555535e-06 | G7: =IF(ABS(F7)*(7^3)<C7,"TRUE","FALSE") -> TRUE | I7: =B7/A7 -> 0.00058383424 | J7: =A7*C7 -> 158.65775 | K7: =B7-J7 -> 0.3622506 | L7: =A7*C7 -> 158.65775 | M7: =K7/SQRT(L7) -> 0.02875931 | N7: =M7^2 -> 0.00082709793 | P7: =IF(K7>0,1,0) -> 1
A8: =Inputs!B12 -> 270495.83 | B8: =Inputs!C12 -> 162.02 | C8: =WH_Analytical!G12 -> 0.0006031557 | D8: =C9-C8 -> 2.3923544e-05 | E8: =D9-D8 -> 1.7165485e-06 | F8: =E9-E8 -> -1.62605e-06 | G8: =IF(ABS(F8)*(7^3)<C8,"TRUE","FALSE") -> TRUE | I8: =B8/A8 -> 0.00059897411 | J8: =A8*C8 -> 163.1511 | K8: =B8-J8 -> -1.1311004 | L8: =A8*C8 -> 163.1511 | M8: =K8/SQRT(L8) -> -0.088553587 | N8: =M8^2 -> 0.0078417378 | P8: =IF(K8>0,1,0) -> 0
A9: =Inputs!B13 -> 269320.85 | B9: =Inputs!C13 -> 163.02 | C9: =WH_Analytical!G13 -> 0.00062707924 | D9: =C10-C9 -> 2.5640093e-05 | E9: =D10-D9 -> 9.0498456e-08 | F9: =E10-E9 -> -1.1391232e-06 | G9: =IF(ABS(F9)*(7^3)<C9,"TRUE","FALSE") -> TRUE | I9: =B9/A9 -> 0.00060530033 | J9: =A9*C9 -> 168.88551 | K9: =B9-J9 -> -5.8655138 | L9: =A9*C9 -> 168.88551 | M9: =K9/SQRT(L9) -> -0.45134627 | N9: =M9^2 -> 0.20371346 | P9: =IF(K9>0,1,0) -> 0
A10: =Inputs!B14 -> 270279.97 | B10: =Inputs!C14 -> 175.02 | C10: =WH_Analytical!G14 -> 0.00065271933 | D10: =C11-C10 -> 2.5730591e-05 | E10: =D11-D10 -> -1.0486248e-06 | F10: =E11-E10 -> 4.4922987e-08 | G10: =IF(ABS(F10)*(7^3)<C10,"TRUE","FALSE") -> TRUE | I10: =B10/A10 -> 0.00064755076 | J10: =A10*C10 -> 176.41696 | K10: =B10-J10 -> -1.3969615 | L10: =A10*C10 -> 176.41696 | M10: =K10/SQRT(L10) -> -0.10517542 | N10: =M10^2 -> 0.01106187 | P10: =IF(K10>0,1,0) -> 0
A11: =Inputs!B15 -> 274642.93 | B11: =Inputs!C15 -> 200.02 | C11: =WH_Analytical!G15 -> 0.00067844992 | D11: =C12-C11 -> 2.4681966e-05 | E11: =D12-D11 -> -1.0037018e-06 | F11: =E12-E11 -> 5.5723611e-07 | G11: =IF(ABS(F11)*(7^3)<C11,"TRUE","FALSE") -> TRUE | I11: =B11/A11 -> 0.00072829109 | J11: =A11*C11 -> 186.33147 | K11: =B11-J11 -> 13.688525 | L11: =A11*C11 -> 186.33147 | M11: =K11/SQRT(L11) -> 1.0027982 | N11: =M11^2 -> 1.0056042 | P11: =IF(K11>0,1,0) -> 1
A12: =Inputs!B16 -> 281389.11 | B12: =Inputs!C16 -> 193.02 | C12: =WH_Analytical!G16 -> 0.00070313189 | D12: =C13-C12 -> 2.3678265e-05 | E12: =D13-D12 -> -4.4646567e-07 | F12: =E13-E12 -> 8.811818e-07 | G12: =IF(ABS(F12)*(7^3)<C12,"TRUE","FALSE") -> TRUE | I12: =B12/A12 -> 0.00068595405 | J12: =A12*C12 -> 197.85366 | K12: =B12-J12 -> -4.8336566 | L12: =A12*C12 -> 197.85366 | M12: =K12/SQRT(L12) -> -0.34364004 | N12: =M12^2 -> 0.11808847 | P12: =IF(K12>0,1,0) -> 0
A13: =Inputs!B17 -> 289432.24 | B13: =Inputs!C17 -> 203.02 | C13: =WH_Analytical!G17 -> 0.00072681015 | D13: =C14-C13 -> 2.3231799e-05 | E13: =D14-D13 -> 4.3471613e-07 | F13: =E14-E13 -> 1.7509892e-06 | G13: =IF(ABS(F13)*(7^3)<C13,"TRUE","FALSE") -> TRUE | I13: =B13/A13 -> 0.00070144224 | J13: =A13*C13 -> 210.36229 | K13: =B13-J13 -> -7.342291 | L13: =A13*C13 -> 210.36229 | M13: =K13/SQRT(L13) -> -0.50622973 | N13: =M13^2 -> 0.25626854 | P13: =IF(K13>0,1,0) -> 0
... A38: =Inputs!B42 -> 249589.77 | B38: =Inputs!C42 -> 971.12 | C38: =WH_Analytical!G42 -> 0.0040033305 | D38: =C39-C38 -> 0.00036466503 | E38: =D39-D38 -> 4.2818271e-05 | F38: =E39-E38 -> 6.0929504e-07 | G38: =IF(ABS(F38)*(7^3)<C38,"TRUE","FALSE") -> TRUE | I38: =B38/A38 -> 0.0038908646 | J38: =A38*C38 -> 999.19033 | K38: =B38-J38 -> -28.070331 | L38: =A38*C38 -> 999.19033 | M38: =K38/SQRT(L38) -> -0.88802139 | N38: =M38^2 -> 0.788582 | P38: =IF(K38>0,1,0) -> 0
A39: =Inputs!B43 -> 250641.09 | B39: =Inputs!C43 -> 1046.13 | C39: =WH_Analytical!G43 -> 0.0043679955 | D39: =C40-C39 -> 0.00040748331 | E39: =D40-D39 -> 4.3427566e-05 | I39: =B39/A39 -> 0.0041738168 | J39: =A39*C39 -> 1094.7992 | K39: =B39-J39 -> -48.669155 | L39: =A39*C39 -> 1094.7992 | M39: =K39/SQRT(L39) -> -1.4709116 | N39: =M39^2 -> 2.163581 | P39: =IF(K39>0,1,0) -> 0
A40: =Inputs!B44 -> 245499.69 | B40: =Inputs!C44 -> 1199.14 | C40: =WH_Analytical!G44 -> 0.0047754788 | D40: =C41-C40 -> 0.00045091087 | I40: =B40/A40 -> 0.0048844868 | J40: =A40*C40 -> 1172.3786 | K40: =B40-J40 -> 26.761432 | L40: =A40*C40 -> 1172.3786 | M40: =K40/SQRT(L40) -> 0.78158357 | N40: =M40^2 -> 0.61087287 | P40: =IF(K40>0,1,0) -> 1
A41: =Inputs!B45 -> 225403.6 | B41: =Inputs!C45 -> 1184.14 | C41: =WH_Analytical!G45 -> 0.0052263897 | I41: =B41/A41 -> 0.005253421 | J41: =A41*C41 -> 1178.047 | K41: =B41-J41 -> 6.0929504 | L41: =A41*C41 -> 1178.047 | M41: =K41/SQRT(L41) -> 0.17751961 | N41: =M41^2 -> 0.031513211 | P41: =IF(K41>0,1,0) -> 1
M42: Chi-squared | N42: =SUM(N2:N41) -> 30.784729 | O42: =IF(N42>_xlfn.CHISQ.INV(0.95,40*0.75),"Reject","Accept") -> Accept
O43: Total | P43: =SUM(P2:P41) -> 19
O44: Sign Test Statistic | P44: =(P43+IF(P43<20,0.5,-0.5)-20)/SQRT(40/4) -> -0.15811388
O45: Sign Test Result | P45: =IF(ABS(P44)>1.96,"Reject","Accept") -> Accept

Sheet Q1(a)K_selection
A1: K | B1: Adherence | C1: Smoothness | D1: Total objective | E1: Chi-square statistic | F1: Chi-square decision | G1: Barnett pass proportion | H1: Barnett decision
A2: =10^2 -> 100 | B2: 5.6256822e-06 | C2: 0.00038975653 | D2: 0.00039538222 | E2: 0.0032559925 | F2: Accept | G2: =1/37 -> 0.027027027 | H2: No
A3: =10^3 -> 1000 | B3: 0.00042134175 | C3: 0.0030948224 | D3: 0.0035161641 | E3: 0.24721681 | F3: Accept | G3: =0/37 -> 0 | H3: No
A4: =10^4 -> 10000 | B4: 0.0089417386 | C4: 0.0091705688 | D4: 0.018112307 | E4: 5.348351 | F4: Accept | G4: =1/37 -> 0.027027027 | H4: No
A5: =10^5 -> 100000 | B5: 0.030982606 | C5: 0.0076029482 | D5: 0.038585554 | E5: 18.13218 | F5: Accept | G5: =3/37 -> 0.081081081 | H5: No
A6: =10^6 -> 1000000 | B6: 0.048199396 | C6: 0.0042006136 | D6: 0.05240001 | E6: 26.959602 | F6: Accept | G6: =11/37 -> 0.2972973 | H6: No
A7: =10^7 -> 10000000 | B7: 0.056716342 | C7: 0.0021125446 | D7: 0.058828887 | E7: 30.784729 | F7: Accept | G7: =32/37 -> 0.86486486 | H7: Yes
A8: =10^8 -> 100000000 | B8: 0.06092436 | C8: 0.0050689742 | D8: 0.065993334 | E8: 33.46038 | F8: Accept | G8: =37/37 -> 1 | H8: Yes
A9: =10^9 -> 1000000000 | B9: 0.070036279 | C9: 0.02772829 | D9: 0.097764569 | E9: 36.653743 | F9: Accept | G9: =37/37 -> 1 | H9: Yes
A10: =10^10 -> 10000000000 | B10: 0.12529366 | C10: 0.13742996 | D10: 0.26272362 | E10: 56.997221 | F10: Reject | G10: =37/37 -> 1 | H10: No
A13: Trial qdot_x | L13: Barnett
A14: Age | B14: =10^2 -> 100 | C14: =10^3 -> 1000 | D14: =10^4 -> 10000 | E14: =10^5 -> 100000 | F14: =10^6 -> 1000000 | G14: =10^7 -> 10000000 | H14: =10^8 -> 100000000 | I14: =10^9 -> 1000000000 | J14: =10^10 -> 10000000000 | L14: =10^2 -> 100 | M14: =10^3 -> 1000 | N14: =10^4 -> 10000 | O14: =10^5 -> 100000 | P14: =10^6 -> 1000000 | Q14: =10^7 -> 10000000 | R14: =10^8 -> 100000000 | S14: =10^9 -> 1000000000 | T14: =10^10 -> 10000000000
A15: 20 | B15: 0.00057871355 | C15: 0.00058021291 | D15: 0.00058823254 | E15: 0.0005958553 | F15: 0.00059199389 | G15: 0.00058251385 | H15: 0.00056680963 | I15: 0.00056641908 | J15: 0.00056941961 | L15: FALSE | M15: FALSE | N15: FALSE | O15: FALSE | P15: FALSE | Q15: TRUE | R15: TRUE | S15: TRUE | T15: TRUE
A16: 21 | B16: 0.00063097565 | C16: 0.00062485708 | D16: 0.00059553066 | E16: 0.00056475582 | F16: 0.00056252091 | G16: 0.00056394267 | H16: 0.00056218844 | I16: 0.00056251446 | J16: 0.00056256128 | L16: FALSE | M16: FALSE | N16: FALSE | O16: FALSE | P16: FALSE | Q16: TRUE | R16: TRUE | S16: TRUE | T16: TRUE
A17: 22 | B17: 0.00044544879 | C17: 0.00045450444 | D17: 0.00049440444 | E17: 0.00053359363 | F17: 0.00054764642 | G17: 0.00055515242 | H17: 0.00056216975 | I17: 0.00056269332 | J17: 0.00056122262 | L17: FALSE | M17: FALSE | N17: FALSE | O17: FALSE | P17: FALSE | Q17: FALSE | R17: TRUE | S17: TRUE | T17: TRUE
A18: 23 | B18: 0.00058905294 | C18: 0.00058279328 | D18: 0.00055997564 | E18: 0.00055154075 | F18: 0.00055124366 | G18: 0.00055624306 | H18: 0.00056668009 | I18: 0.00056696228 | J18: 0.00056525254 | L18: FALSE | M18: FALSE | N18: FALSE | O18: FALSE | P18: TRUE | Q18: TRUE | R18: TRUE | S18: TRUE | T18: TRUE
A19: 24 | B19: 0.00058776091 | C19: 0.00058963755 | D19: 0.00059070871 | E19: 0.00057626404 | F19: 0.00056512955 | G19: 0.00056562524 | H19: 0.00057533823 | I19: 0.00057525481 | J19: 0.00057421827 | L19: FALSE | M19: FALSE | N19: FALSE | O19: FALSE | P19: TRUE | Q19: TRUE | R19: TRUE | S19: TRUE | T19: TRUE
A20: 25 | B20: 0.00058385207 | C20: 0.00058418998 | D20: 0.00058882281 | E20: 0.00058855779 | F20: 0.00058292396 | G20: 0.00058144361 | H20: 0.00058761286 | I20: 0.00058733735 | J20: 0.00058739542 | L20: FALSE | M20: FALSE | N20: FALSE | O20: FALSE | P20: TRUE | Q20: TRUE | R20: TRUE | S20: TRUE | T20: TRUE
A21: 26 | B21: 0.00059888584 | C21: 0.00059808849 | D21: 0.00059398939 | E21: 0.00059824601 | F21: 0.00060333739 | G21: 0.00060207266 | H21: 0.00060294105 | I21: 0.00060274653 | J21: 0.00060388006 | L21: TRUE | M21: FALSE | N21: FALSE | O21: FALSE | P21: FALSE | Q21: TRUE | R21: TRUE | S21: TRUE | T21: TRUE
A22: 27 | B22: 0.00060529872 | C22: 0.00060535668 | D22: 0.00060813521 | E22: 0.00061895417 | F22: 0.00062723985 | G22: 0.00062601066 | H22: 0.0006207957 | I22: 0.00062083749 | J22: 0.00062276853 | L22: FALSE | M22: FALSE | N22: FALSE | O22: FALSE | P22: FALSE | Q22: TRUE | R22: TRUE | S22: TRUE | T22: TRUE
A23: 28 | B23: 0.00064777828 | C23: 0.00064959294 | D23: 0.00065586373 | E23: 0.00065564905 | F23: 0.00065436227 | G23: 0.00065172007 | H23: 0.00064072185 | I23: 0.0006409462 | J23: 0.00064333833 | L23: FALSE | M23: FALSE | N23: FALSE | O23: FALSE | P23: FALSE | Q23: TRUE | R23: TRUE | S23: TRUE | T23: TRUE
