Workbook

Sheet M_70_t
A1: Year | B1: Mortality rate
A2: 1995 | B2: 0.00085662921
A3: 1996 | B3: 0.00082999933
A4: 1997 | B4: 0.00080999953
A5: 1998 | B5: 0.00097750974
A6: 1999 | B6: 0.00078849179
A7: 2000 | B7: 0.00099667191
A8: 2001 | B8: 0.00075112818
A9: 2002 | B9: 0.0007042875
A10: 2003 | B10: 0.00062560882
A11: 2004 | B11: 0.00063014139
A12: 2005 | B12: 0.00058383424
A13: 2006 | B13: 0.00049907285
... A26: 2019 | B26: 0.00044343997

Sheet Sheet1

Sheet Q2(a)_Derivation
A1: Q2(a): Cox–de Boor recursion and support
A3: Convention: B_(t_j,k)(t) denotes order k (degree k−1), with support [t_j, t_(j+k)). For M1, h=3 years and t_(j+r)=t_j+3r; extend the uniform knot sequence as required.
A5: Order 1: B_(t_j,1)(t)=1 if t_j≤t<t_j+h, and 0 otherwise. All subsequent basis functions are obtained from this indicator using the recursion below.
A7: For k=2,3,4: B_(t_j,k)(t)=[(t−t_j)/((k−1)h)] B_(t_j,k−1)(t)+[(t_j+kh−t)/((k−1)h)] B_(t_(j+1),k−1)(t).
A9: Order 2: B_(t_j,2)=[(t−t_j)/h]B_(t_j,1)+[(t_j+2h−t)/h]B_(t_(j+1),1).
A11: Order 3: B_(t_j,3)=[(t−t_j)/(2h)]B_(t_j,2)+[(t_j+3h−t)/(2h)]B_(t_(j+1),2).
A13: Order 4: B_(t_j,4)=[(t−t_j)/(3h)]B_(t_j,3)+[(t_j+4h−t)/(3h)]B_(t_(j+1),3).
A15: To display the piecewise forms compactly, let u=(t−t_j)/h and v_+=MAX(v,0). Then B_(t_j,k)(t)=Σ_(r=0)^k (−1)^r COMBIN(k,r)(u−r)_+^(k−1)/(k−1)! for k≥2.
A17: Order 2: u_+−2(u−1)_++(u−2)_+. Order 3: [u_+²−3(u−1)_+²+3(u−2)_+²−(u−3)_+²]/2.
A19: Order 4: [u_+³−4(u−1)_+³+6(u−2)_+³−4(u−3)_+³+(u−4)_+³]/6. The recurrence tables in this sheet and the model sheets calculate the same functions directly.
A21: The first-order support is one knot interval. Each recursion combines adjacent lower-order supports, adding one interval. The support length is therefore kh: 3, 6, 9 and 12 years for orders 1–4. For k≥2 the curve is also zero at the left endpoint; support here means the usual enclosing knot interval.
A25: Basis | B25: Order | C25: Degree | D25: Start year | E25: End year (excluded) | F25: Support length (years)
A26: B_1998,1 | B26: 1 | C26: 0 | D26: 1998 | E26: =D26+3*B26 -> 2001 | F26: =E26-D26 -> 3
A27: B_1998,2 | B27: 2 | C27: 1 | D27: 1998 | E27: =D27+3*B27 -> 2004 | F27: =E27-D27 -> 6
A28: B_1998,3 | B28: 3 | C28: 2 | D28: 1998 | E28: =D28+3*B28 -> 2007 | F28: =E28-D28 -> 9
A29: B_1998,4 | B29: 4 | C29: 3 | D29: 1998 | E29: =D29+3*B29 -> 2010 | F29: =E29-D29 -> 12
A31: Excel worked example below: B_1998,k for t=1995,…,2013. Intermediate adjacent first-, second- and third-order bases are retained so that every recursion step is visible.
A34: Year | B34: B1998,order1 | C34: B2001,order1 | D34: B2004,order1 | E34: B2007,order1 | F34: B1998,order2 | G34: B2001,order2 | H34: B2004,order2 | I34: B1998,order3 | J34: B2001,order3 | K34: B1998,order4
A35: 1995 | B35: =IF(AND($A35>=1998,$A35<2001),1,0) -> 0 | C35: =IF(AND($A35>=2001,$A35<2004),1,0) -> 0 | D35: =IF(AND($A35>=2004,$A35<2007),1,0) -> 0 | E35: =IF(AND($A35>=2007,$A35<2010),1,0) -> 0 | F35: =($A35-1998)/3*B35+(2004-$A35)/3*C35 -> 0 | G35: =($A35-2001)/3*C35+(2007-$A35)/3*D35 -> 0 | H35: =($A35-2004)/3*D35+(2010-$A35)/3*E35 -> 0 | I35: =($A35-1998)/6*F35+(2007-$A35)/6*G35 -> 0 | J35: =($A35-2001)/6*G35+(2010-$A35)/6*H35 -> 0 | K35: =($A35-1998)/9*I35+(2010-$A35)/9*J35 -> 0
A36: 1996 | B36: =IF(AND($A36>=1998,$A36<2001),1,0) -> 0 | C36: =IF(AND($A36>=2001,$A36<2004),1,0) -> 0 | D36: =IF(AND($A36>=2004,$A36<2007),1,0) -> 0 | E36: =IF(AND($A36>=2007,$A36<2010),1,0) -> 0 | F36: =($A36-1998)/3*B36+(2004-$A36)/3*C36 -> 0 | G36: =($A36-2001)/3*C36+(2007-$A36)/3*D36 -> 0 | H36: =($A36-2004)/3*D36+(2010-$A36)/3*E36 -> 0 | I36: =($A36-1998)/6*F36+(2007-$A36)/6*G36 -> 0 | J36: =($A36-2001)/6*G36+(2010-$A36)/6*H36 -> 0 | K36: =($A36-1998)/9*I36+(2010-$A36)/9*J36 -> 0
A37: 1997 | B37: =IF(AND($A37>=1998,$A37<2001),1,0) -> 0 | C37: =IF(AND($A37>=2001,$A37<2004),1,0) -> 0 | D37: =IF(AND($A37>=2004,$A37<2007),1,0) -> 0 | E37: =IF(AND($A37>=2007,$A37<2010),1,0) -> 0 | F37: =($A37-1998)/3*B37+(2004-$A37)/3*C37 -> 0 | G37: =($A37-2001)/3*C37+(2007-$A37)/3*D37 -> 0 | H37: =($A37-2004)/3*D37+(2010-$A37)/3*E37 -> 0 | I37: =($A37-1998)/6*F37+(2007-$A37)/6*G37 -> 0 | J37: =($A37-2001)/6*G37+(2010-$A37)/6*H37 -> 0 | K37: =($A37-1998)/9*I37+(2010-$A37)/9*J37 -> 0
A38: 1998 | B38: =IF(AND($A38>=1998,$A38<2001),1,0) -> 1 | C38: =IF(AND($A38>=2001,$A38<2004),1,0) -> 0 | D38: =IF(AND($A38>=2004,$A38<2007),1,0) -> 0 | E38: =IF(AND($A38>=2007,$A38<2010),1,0) -> 0 | F38: =($A38-1998)/3*B38+(2004-$A38)/3*C38 -> 0 | G38: =($A38-2001)/3*C38+(2007-$A38)/3*D38 -> 0 | H38: =($A38-2004)/3*D38+(2010-$A38)/3*E38 -> 0 | I38: =($A38-1998)/6*F38+(2007-$A38)/6*G38 -> 0 | J38: =($A38-2001)/6*G38+(2010-$A38)/6*H38 -> 0 | K38: =($A38-1998)/9*I38+(2010-$A38)/9*J38 -> 0
A39: 1999 | B39: =IF(AND($A39>=1998,$A39<2001),1,0) -> 1 | C39: =IF(AND($A39>=2001,$A39<2004),1,0) -> 0 | D39: =IF(AND($A39>=2004,$A39<2007),1,0) -> 0 | E39: =IF(AND($A39>=2007,$A39<2010),1,0) -> 0 | F39: =($A39-1998)/3*B39+(2004-$A39)/3*C39 -> 0.33333333 | G39: =($A39-2001)/3*C39+(2007-$A39)/3*D39 -> 0 | H39: =($A39-2004)/3*D39+(2010-$A39)/3*E39 -> 0 | I39: =($A39-1998)/6*F39+(2007-$A39)/6*G39 -> 0.055555556 | J39: =($A39-2001)/6*G39+(2010-$A39)/6*H39 -> 0 | K39: =($A39-1998)/9*I39+(2010-$A39)/9*J39 -> 0.0061728395
A40: 2000 | B40: =IF(AND($A40>=1998,$A40<2001),1,0) -> 1 | C40: =IF(AND($A40>=2001,$A40<2004),1,0) -> 0 | D40: =IF(AND($A40>=2004,$A40<2007),1,0) -> 0 | E40: =IF(AND($A40>=2007,$A40<2010),1,0) -> 0 | F40: =($A40-1998)/3*B40+(2004-$A40)/3*C40 -> 0.66666667 | G40: =($A40-2001)/3*C40+(2007-$A40)/3*D40 -> 0 | H40: =($A40-2004)/3*D40+(2010-$A40)/3*E40 -> 0 | I40: =($A40-1998)/6*F40+(2007-$A40)/6*G40 -> 0.22222222 | J40: =($A40-2001)/6*G40+(2010-$A40)/6*H40 -> 0 | K40: =($A40-1998)/9*I40+(2010-$A40)/9*J40 -> 0.049382716
A41: 2001 | B41: =IF(AND($A41>=1998,$A41<2001),1,0) -> 0 | C41: =IF(AND($A41>=2001,$A41<2004),1,0) -> 1 | D41: =IF(AND($A41>=2004,$A41<2007),1,0) -> 0 | E41: =IF(AND($A41>=2007,$A41<2010),1,0) -> 0 | F41: =($A41-1998)/3*B41+(2004-$A41)/3*C41 -> 1 | G41: =($A41-2001)/3*C41+(2007-$A41)/3*D41 -> 0 | H41: =($A41-2004)/3*D41+(2010-$A41)/3*E41 -> 0 | I41: =($A41-1998)/6*F41+(2007-$A41)/6*G41 -> 0.5 | J41: =($A41-2001)/6*G41+(2010-$A41)/6*H41 -> 0 | K41: =($A41-1998)/9*I41+(2010-$A41)/9*J41 -> 0.16666667
A42: 2002 | B42: =IF(AND($A42>=1998,$A42<2001),1,0) -> 0 | C42: =IF(AND($A42>=2001,$A42<2004),1,0) -> 1 | D42: =IF(AND($A42>=2004,$A42<2007),1,0) -> 0 | E42: =IF(AND($A42>=2007,$A42<2010),1,0) -> 0 | F42: =($A42-1998)/3*B42+(2004-$A42)/3*C42 -> 0.66666667 | G42: =($A42-2001)/3*C42+(2007-$A42)/3*D42 -> 0.33333333 | H42: =($A42-2004)/3*D42+(2010-$A42)/3*E42 -> 0 | I42: =($A42-1998)/6*F42+(2007-$A42)/6*G42 -> 0.72222222 | J42: =($A42-2001)/6*G42+(2010-$A42)/6*H42 -> 0.055555556 | K42: =($A42-1998)/9*I42+(2010-$A42)/9*J42 -> 0.37037037
A43: 2003 | B43: =IF(AND($A43>=1998,$A43<2001),1,0) -> 0 | C43: =IF(AND($A43>=2001,$A43<2004),1,0) -> 1 | D43: =IF(AND($A43>=2004,$A43<2007),1,0) -> 0 | E43: =IF(AND($A43>=2007,$A43<2010),1,0) -> 0 | F43: =($A43-1998)/3*B43+(2004-$A43)/3*C43 -> 0.33333333 | G43: =($A43-2001)/3*C43+(2007-$A43)/3*D43 -> 0.66666667 | H43: =($A43-2004)/3*D43+(2010-$A43)/3*E43 -> 0 | I43: =($A43-1998)/6*F43+(2007-$A43)/6*G43 -> 0.72222222 | J43: =($A43-2001)/6*G43+(2010-$A43)/6*H43 -> 0.22222222 | K43: =($A43-1998)/9*I43+(2010-$A43)/9*J43 -> 0.57407407
A44: 2004 | B44: =IF(AND($A44>=1998,$A44<2001),1,0) -> 0 | C44: =IF(AND($A44>=2001,$A44<2004),1,0) -> 0 | D44: =IF(AND($A44>=2004,$A44<2007),1,0) -> 1 | E44: =IF(AND($A44>=2007,$A44<2010),1,0) -> 0 | F44: =($A44-1998)/3*B44+(2004-$A44)/3*C44 -> 0 | G44: =($A44-2001)/3*C44+(2007-$A44)/3*D44 -> 1 | H44: =($A44-2004)/3*D44+(2010-$A44)/3*E44 -> 0 | I44: =($A44-1998)/6*F44+(2007-$A44)/6*G44 -> 0.5 | J44: =($A44-2001)/6*G44+(2010-$A44)/6*H44 -> 0.5 | K44: =($A44-1998)/9*I44+(2010-$A44)/9*J44 -> 0.66666667
A45: 2005 | B45: =IF(AND($A45>=1998,$A45<2001),1,0) -> 0 | C45: =IF(AND($A45>=2001,$A45<2004),1,0) -> 0 | D45: =IF(AND($A45>=2004,$A45<2007),1,0) -> 1 | E45: =IF(AND($A45>=2007,$A45<2010),1,0) -> 0 | F45: =($A45-1998)/3*B45+(2004-$A45)/3*C45 -> 0 | G45: =($A45-2001)/3*C45+(2007-$A45)/3*D45 -> 0.66666667 | H45: =($A45-2004)/3*D45+(2010-$A45)/3*E45 -> 0.33333333 | I45: =($A45-1998)/6*F45+(2007-$A45)/6*G45 -> 0.22222222 | J45: =($A45-2001)/6*G45+(2010-$A45)/6*H45 -> 0.72222222 | K45: =($A45-1998)/9*I45+(2010-$A45)/9*J45 -> 0.57407407
A46: 2006 | B46: =IF(AND($A46>=1998,$A46<2001),1,0) -> 0 | C46: =IF(AND($A46>=2001,$A46<2004),1,0) -> 0 | D46: =IF(AND($A46>=2004,$A46<2007),1,0) -> 1 | E46: =IF(AND($A46>=2007,$A46<2010),1,0) -> 0 | F46: =($A46-1998)/3*B46+(2004-$A46)/3*C46 -> 0 | G46: =($A46-2001)/3*C46+(2007-$A46)/3*D46 -> 0.33333333 | H46: =($A46-2004)/3*D46+(2010-$A46)/3*E46 -> 0.66666667 | I46: =($A46-1998)/6*F46+(2007-$A46)/6*G46 -> 0.055555556 | J46: =($A46-2001)/6*G46+(2010-$A46)/6*H46 -> 0.72222222 | K46: =($A46-1998)/9*I46+(2010-$A46)/9*J46 -> 0.37037037
... A53: 2013 | B53: =IF(AND($A53>=1998,$A53<2001),1,0) -> 0 | C53: =IF(AND($A53>=2001,$A53<2004),1,0) -> 0 | D53: =IF(AND($A53>=2004,$A53<2007),1,0) -> 0 | E53: =IF(AND($A53>=2007,$A53<2010),1,0) -> 0 | F53: =($A53-1998)/3*B53+(2004-$A53)/3*C53 -> 0 | G53: =($A53-2001)/3*C53+(2007-$A53)/3*D53 -> 0 | H53: =($A53-2004)/3*D53+(2010-$A53)/3*E53 -> 0 | I53: =($A53-1998)/6*F53+(2007-$A53)/6*G53 -> 0 | J53: =($A53-2001)/6*G53+(2010-$A53)/6*H53 -> 0 | K53: =($A53-1998)/9*I53+(2010-$A53)/9*J53 -> 0

Sheet Q2_ReadMe
A1: Question 2 — workbook guide and instructor correction
A2: Original sheets M_70_t and Sheet1 are preserved. Source: uploaded M_70_t.xlsx. Added sheets contain all Q2 calculations. Input rates have units of deaths per person-year; coefficients describe natural-log mortality; the B-spline basis is dimensionless.
A4: Instructor correction supplied by the user: treat (b) and (c) independently. For (c), refit both M1 and M2 using M_70_t data and refer to age 70 in the discussion, although the instructor states the spreadsheet rates actually belong to age 25.
A6: Part (b) inputs from assignment PDF (independent of spreadsheet observations)
A7: Year | B7: Central death rate
A8: 1995 | B8: 0.0235
A9: 1998 | B9: 0.0207
A10: 2001 | B10: 0.0183
A11: 2004 | B11: 0.0166
A13: Part (b) uses exactly the four rates above: no interpolation of missing annual observations and no use of M_70_t data in estimation. Annual fitted values are model evaluations, not invented observations.
A15: Part (c) uses M_70_t!A2:B11 (1995–2004) to estimate both models. Rows A12:B26 (2005–2019) are retained as out-of-sample observations for plotting only; they do not enter SSE or the normal equations.
A17: Week 11 layout: Q2(a)_Derivation contains recursion/support. Q2(b)_M1, Q2(c)_M1 and Q2(c)_M2 contain fitting/Solver tables. Each has a separate Forecast sheet; Q2(c)_Comparison contains the combined plot and answers.
A19: No extra objective, nonnegativity constraint, automatic smoothing selection is used. As confirmed by the user, LN(m) is the response, following Unit 4 pp.79–80 and Week11_Q1sol.xlsx; EXP converts fitted log rates back to mortality. lambda=1 and the second-order coefficient penalty are applied exactly as L=SSE+(lambda/2)*Penalty.
A21: Method reference: assignment Q2 Cox–de Boor construction and coefficient second-difference projection. The zero-second-difference forecast continues the final coefficient slope. Cross-checked against Unit 4 pp.63–64,79–81 and Week11_Q1sol.xlsx. Unit 4 p.88 uses a third-order example; this assignment specifies second order, so the Week 11 second-order extension is used.
A25: Year | B25: Part (b) M1 projection
A26: 2007 | B26: ='Q2(b)_Forecast'!I19 -> 0.014826547
A27: 2010 | B27: ='Q2(b)_Forecast'!I22 -> 0.013316994
A28: 2013 | B28: ='Q2(b)_Forecast'!I25 -> 0.011961134
A29: 2016 | B29: ='Q2(b)_Forecast'!I28 -> 0.01074332
A30: 2019 | B30: ='Q2(b)_Forecast'!I31 -> 0.0096494969
A33: This version follows Week11_Q1sol.xlsx: numeric theta decision cells, SUMPRODUCT fitted LN(m), first/second differences, separate SSE and unweighted penalty, L=SSE+lambda/2*Penalty, and explicit coefficient forecasts. Matrix inversion has been removed from the fitting worksheets.
A35: To rerun: open the desired fitting sheet, Data > Solver. Set B34 to Min, changing the theta row B24 onward; GRG Nonlinear; no constraints; disable nonnegative variables. Existing theta cells are numeric, so no paste-values step is required.

Sheet Q2(b)_M1
A1: Q2(b)_M1 — Week 11 fitting layout
A2: Fourth-order B-splines; fit LN(m). Coefficients are numeric Solver decision cells, as in Week11_Q1sol.xlsx. All basis functions, fitted values, differences, errors and objective calculations are Excel formulas.
A3: Part (b) uses only the four assignment observations. Part (c) refits M1 and M2 independently on M_70_t observations for 1995–2004, following the instructor correction.
D6: 1986 | E6: 1989 | F6: 1992 | G6: 1995 | H6: 1998 | I6: 2001
A7: Year | B7: Observed mortality m | C7: LN(m) | D7: B_1986,4(t) | E7: B_1989,4(t) | F7: B_1992,4(t) | G7: B_1995,4(t) | H7: B_1998,4(t) | I7: B_2001,4(t) | J7: Fitted LN(m) | K7: Log residual | L7: Squared log error
A8: 1995 | B8: ='Q2_ReadMe'!B8 -> 0.0235 | C8: =LN(B8) -> -3.7507549 | D8: =IF($A8<=1986,0,IF($A8<=1989,(($A8-1986)/3)^3/6,IF($A8<=1992,2/3-((($A8-1986)/3)-2)^2-0.5*((($A8-1986)/3)-2)^3,IF($A8<=1995,2/3-((($A8-1986)/3)-2)^2+0.5*((($A8-1986)/3)-2)^3,IF($A8<=1998,(4-(($A8-1986)/3))^3/6,0))))) -> 0.16666667 | E8: =IF($A8<=1989,0,IF($A8<=1992,(($A8-1989)/3)^3/6,IF($A8<=1995,2/3-((($A8-1989)/3)-2)^2-0.5*((($A8-1989)/3)-2)^3,IF($A8<=1998,2/3-((($A8-1989)/3)-2)^2+0.5*((($A8-1989)/3)-2)^3,IF($A8<=2001,(4-(($A8-1989)/3))^3/6,0))))) -> 0.66666667 | F8: =IF($A8<=1992,0,IF($A8<=1995,(($A8-1992)/3)^3/6,IF($A8<=1998,2/3-((($A8-1992)/3)-2)^2-0.5*((($A8-1992)/3)-2)^3,IF($A8<=2001,2/3-((($A8-1992)/3)-2)^2+0.5*((($A8-1992)/3)-2)^3,IF($A8<=2004,(4-(($A8-1992)/3))^3/6,0))))) -> 0.16666667 | G8: =IF($A8<=1995,0,IF($A8<=1998,(($A8-1995)/3)^3/6,IF($A8<=2001,2/3-((($A8-1995)/3)-2)^2-0.5*((($A8-1995)/3)-2)^3,IF($A8<=2004,2/3-((($A8-1995)/3)-2)^2+0.5*((($A8-1995)/3)-2)^3,IF($A8<=2007,(4-(($A8-1995)/3))^3/6,0))))) -> 0 | H8: =IF($A8<=1998,0,IF($A8<=2001,(($A8-1998)/3)^3/6,IF($A8<=2004,2/3-((($A8-1998)/3)-2)^2-0.5*((($A8-1998)/3)-2)^3,IF($A8<=2007,2/3-((($A8-1998)/3)-2)^2+0.5*((($A8-1998)/3)-2)^3,IF($A8<=2010,(4-(($A8-1998)/3))^3/6,0))))) -> 0 | I8: =IF($A8<=2001,0,IF($A8<=2004,(($A8-2001)/3)^3/6,IF($A8<=2007,2/3-((($A8-2001)/3)-2)^2-0.5*((($A8-2001)/3)-2)^3,IF($A8<=2010,2/3-((($A8-2001)/3)-2)^2+0.5*((($A8-2001)/3)-2)^3,IF($A8<=2013,(4-(($A8-2001)/3))^3/6,0))))) -> 0 | J8: =SUMPRODUCT(D8:I8,$B$24:$G$24) -> -3.7539712 | K8: =C8-J8 -> 0.0032162971 | L8: =K8^2 -> 1.0344567e-05
A9: 1998 | B9: ='Q2_ReadMe'!B9 -> 0.0207 | C9: =LN(B9) -> -3.8776216 | D9: =IF($A9<=1986,0,IF($A9<=1989,(($A9-1986)/3)^3/6,IF($A9<=1992,2/3-((($A9-1986)/3)-2)^2-0.5*((($A9-1986)/3)-2)^3,IF($A9<=1995,2/3-((($A9-1986)/3)-2)^2+0.5*((($A9-1986)/3)-2)^3,IF($A9<=1998,(4-(($A9-1986)/3))^3/6,0))))) -> 0 | E9: =IF($A9<=1989,0,IF($A9<=1992,(($A9-1989)/3)^3/6,IF($A9<=1995,2/3-((($A9-1989)/3)-2)^2-0.5*((($A9-1989)/3)-2)^3,IF($A9<=1998,2/3-((($A9-1989)/3)-2)^2+0.5*((($A9-1989)/3)-2)^3,IF($A9<=2001,(4-(($A9-1989)/3))^3/6,0))))) -> 0.16666667 | F9: =IF($A9<=1992,0,IF($A9<=1995,(($A9-1992)/3)^3/6,IF($A9<=1998,2/3-((($A9-1992)/3)-2)^2-0.5*((($A9-1992)/3)-2)^3,IF($A9<=2001,2/3-((($A9-1992)/3)-2)^2+0.5*((($A9-1992)/3)-2)^3,IF($A9<=2004,(4-(($A9-1992)/3))^3/6,0))))) -> 0.66666667 | G9: =IF($A9<=1995,0,IF($A9<=1998,(($A9-1995)/3)^3/6,IF($A9<=2001,2/3-((($A9-1995)/3)-2)^2-0.5*((($A9-1995)/3)-2)^3,IF($A9<=2004,2/3-((($A9-1995)/3)-2)^2+0.5*((($A9-1995)/3)-2)^3,IF($A9<=2007,(4-(($A9-1995)/3))^3/6,0))))) -> 0.16666667 | H9: =IF($A9<=1998,0,IF($A9<=2001,(($A9-1998)/3)^3/6,IF($A9<=2004,2/3-((($A9-1998)/3)-2)^2-0.5*((($A9-1998)/3)-2)^3,IF($A9<=2007,2/3-((($A9-1998)/3)-2)^2+0.5*((($A9-1998)/3)-2)^3,IF($A9<=2010,(4-(($A9-1998)/3))^3/6,0))))) -> 0 | I9: =IF($A9<=2001,0,IF($A9<=2004,(($A9-2001)/3)^3/6,IF($A9<=2007,2/3-((($A9-2001)/3)-2)^2-0.5*((($A9-2001)/3)-2)^3,IF($A9<=2010,2/3-((($A9-2001)/3)-2)^2+0.5*((($A9-2001)/3)-2)^3,IF($A9<=2013,(4-(($A9-2001)/3))^3/6,0))))) -> 0 | J9: =SUMPRODUCT(D9:I9,$B$24:$G$24) -> -3.876499 | K9: =C9-J9 -> -0.0011225944 | L9: =K9^2 -> 1.2602182e-06
A10: 2001 | B10: ='Q2_ReadMe'!B10 -> 0.0183 | C10: =LN(B10) -> -4.0008542 | D10: =IF($A10<=1986,0,IF($A10<=1989,(($A10-1986)/3)^3/6,IF($A10<=1992,2/3-((($A10-1986)/3)-2)^2-0.5*((($A10-1986)/3)-2)^3,IF($A10<=1995,2/3-((($A10-1986)/3)-2)^2+0.5*((($A10-1986)/3)-2)^3,IF($A10<=1998,(4-(($A10-1986)/3))^3/6,0))))) -> 0 | E10: =IF($A10<=1989,0,IF($A10<=1992,(($A10-1989)/3)^3/6,IF($A10<=1995,2/3-((($A10-1989)/3)-2)^2-0.5*((($A10-1989)/3)-2)^3,IF($A10<=1998,2/3-((($A10-1989)/3)-2)^2+0.5*((($A10-1989)/3)-2)^3,IF($A10<=2001,(4-(($A10-1989)/3))^3/6,0))))) -> 0 | F10: =IF($A10<=1992,0,IF($A10<=1995,(($A10-1992)/3)^3/6,IF($A10<=1998,2/3-((($A10-1992)/3)-2)^2-0.5*((($A10-1992)/3)-2)^3,IF($A10<=2001,2/3-((($A10-1992)/3)-2)^2+0.5*((($A10-1992)/3)-2)^3,IF($A10<=2004,(4-(($A10-1992)/3))^3/6,0))))) -> 0.16666667 | G10: =IF($A10<=1995,0,IF($A10<=1998,(($A10-1995)/3)^3/6,IF($A10<=2001,2/3-((($A10-1995)/3)-2)^2-0.5*((($A10-1995)/3)-2)^3,IF($A10<=2004,2/3-((($A10-1995)/3)-2)^2+0.5*((($A10-1995)/3)-2)^3,IF($A10<=2007,(4-(($A10-1995)/3))^3/6,0))))) -> 0.66666667 | H10: =IF($A10<=1998,0,IF($A10<=2001,(($A10-1998)/3)^3/6,IF($A10<=2004,2/3-((($A10-1998)/3)-2)^2-0.5*((($A10-1998)/3)-2)^3,IF($A10<=2007,2/3-((($A10-1998)/3)-2)^2+0.5*((($A10-1998)/3)-2)^3,IF($A10<=2010,(4-(($A10-1998)/3))^3/6,0))))) -> 0.16666667 | I10: =IF($A10<=2001,0,IF($A10<=2004,(($A10-2001)/3)^3/6,IF($A10<=2007,2/3-((($A10-2001)/3)-2)^2-0.5*((($A10-2001)/3)-2)^3,IF($A10<=2010,2/3-((($A10-2001)/3)-2)^2+0.5*((($A10-2001)/3)-2)^3,IF($A10<=2013,(4-(($A10-2001)/3))^3/6,0))))) -> 0 | J10: =SUMPRODUCT(D10:I10,$B$24:$G$24) -> -3.9934505 | K10: =C10-J10 -> -0.0074037026 | L10: =K10^2 -> 5.4814812e-05
A11: 2004 | B11: ='Q2_ReadMe'!B11 -> 0.0166 | C11: =LN(B11) -> -4.0983526 | D11: =IF($A11<=1986,0,IF($A11<=1989,(($A11-1986)/3)^3/6,IF($A11<=1992,2/3-((($A11-1986)/3)-2)^2-0.5*((($A11-1986)/3)-2)^3,IF($A11<=1995,2/3-((($A11-1986)/3)-2)^2+0.5*((($A11-1986)/3)-2)^3,IF($A11<=1998,(4-(($A11-1986)/3))^3/6,0))))) -> 0 | E11: =IF($A11<=1989,0,IF($A11<=1992,(($A11-1989)/3)^3/6,IF($A11<=1995,2/3-((($A11-1989)/3)-2)^2-0.5*((($A11-1989)/3)-2)^3,IF($A11<=1998,2/3-((($A11-1989)/3)-2)^2+0.5*((($A11-1989)/3)-2)^3,IF($A11<=2001,(4-(($A11-1989)/3))^3/6,0))))) -> 0 | F11: =IF($A11<=1992,0,IF($A11<=1995,(($A11-1992)/3)^3/6,IF($A11<=1998,2/3-((($A11-1992)/3)-2)^2-0.5*((($A11-1992)/3)-2)^3,IF($A11<=2001,2/3-((($A11-1992)/3)-2)^2+0.5*((($A11-1992)/3)-2)^3,IF($A11<=2004,(4-(($A11-1992)/3))^3/6,0))))) -> 0 | G11: =IF($A11<=1995,0,IF($A11<=1998,(($A11-1995)/3)^3/6,IF($A11<=2001,2/3-((($A11-1995)/3)-2)^2-0.5*((($A11-1995)/3)-2)^3,IF($A11<=2004,2/3-((($A11-1995)/3)-2)^2+0.5*((($A11-1995)/3)-2)^3,IF($A11<=2007,(4-(($A11-1995)/3))^3/6,0))))) -> 0.16666667 | H11: =IF($A11<=1998,0,IF($A11<=2001,(($A11-1998)/3)^3/6,IF($A11<=2004,2/3-((($A11-1998)/3)-2)^2-0.5*((($A11-1998)/3)-2)^3,IF($A11<=2007,2/3-((($A11-1998)/3)-2)^2+0.5*((($A11-1998)/3)-2)^3,IF($A11<=2010,(4-(($A11-1998)/3))^3/6,0))))) -> 0.66666667 | I11: =IF($A11<=2001,0,IF($A11<=2004,(($A11-2001)/3)^3/6,IF($A11<=2007,2/3-((($A11-2001)/3)-2)^2-0.5*((($A11-2001)/3)-2)^3,IF($A11<=2010,2/3-((($A11-2001)/3)-2)^2+0.5*((($A11-2001)/3)-2)^3,IF($A11<=2013,(4-(($A11-2001)/3))^3/6,0))))) -> 0.16666667 | J11: =SUMPRODUCT(D11:I11,$B$24:$G$24) -> -4.1036626 | K11: =C11-J11 -> 0.0053099999 | L11: =K11^2 -> 2.8196099e-05
A23: Coefficient knot year | B23: 1986 | C23: 1989 | D23: 1992 | E23: 1995 | F23: 1998 | G23: 2001
A24: theta (Solver values) | B24: -3.6297189 | C24: -3.7541498 | D24: -3.8775087 | E24: -3.9948092 | F24: -4.1039576 | G24: -4.211336
A25: First difference | B25: =C24-B24 -> -0.12443098 | C25: =D24-C24 -> -0.12335888 | D25: =E24-D24 -> -0.11730048 | E25: =F24-E24 -> -0.10914838 | F25: =G24-F24 -> -0.10737838
A26: Second difference | B26: =C25-B25 -> 0.001072099 | C26: =D25-C25 -> 0.0060583961 | D26: =E25-D25 -> 0.0081520989 | E26: =F25-E25 -> 0.00177
A27: Squared second difference | B27: =B26^2 -> 1.1493964e-06 | C27: =C26^2 -> 3.6704164e-05 | D27: =D26^2 -> 6.6456716e-05 | E27: =E26^2 -> 3.1328999e-06
A31: Total SSE | B31: =SUM(L8:L11) -> 9.4615696e-05
A32: Penalty (unweighted) | B32: =SUM(B27:E27) -> 0.00010744318
A33: lambda | B33: 1
A34: Objective L | B34: =B31+B33/2*B32 -> 0.00014833728
A37: Solver: minimise $B$34 by changing $B$24:$G$24. Method: GRG Nonlinear; no constraints; disable nonnegative-variable option; enable automatic scaling. lambda=$B$33=1. Decision cells already contain the fitted coefficient values and can be rerun directly.
A39: The numeric coefficient values were obtained by numerical minimisation of the displayed objective and checked against its normal equations. Microsoft Excel Solver was not executed in this environment; its reproducible settings are saved in this sheet.
A41: Forecast worksheet: Q2(b)_Forecast. Forward coefficient differences are computed exactly as in Week 11, using h=3 year(s); projected second differences are zero. No extra smoothing parameter search or positivity constraints are added.

Sheet Q2(b)_Forecast
A1: Q2(b)_Forecast — Week 11 forecasting layout
A2: Coefficient forecasts: theta_new=2*theta_previous−theta_two_periods_back, so added second differences are zero. Fit/forecast LN(m) with SUMPRODUCT; apply EXP to return to mortality rates. No observed data after 2004 enter estimation.
K5: =B7 -> -3.6297189 | L5: =B8 -> -3.7541498 | M5: =B9 -> -3.8775087 | N5: =B10 -> -3.9948092 | O5: =B11 -> -4.1039576 | P5: =B12 -> -4.211336 | Q5: =B13 -> -4.3187144 | R5: =B14 -> -4.4260927 | S5: =B15 -> -4.5334711 | T5: =B16 -> -4.6408495 | U5: =B17 -> -4.7482279
A6: Coefficient knot year | B6: theta | C6: First difference | D6: Second difference | F6: Year | G6: Observed mortality | H6: Fitted / forecast LN(m) | I6: Fitted / forecast m | J6: Period | K6: 1986 | L6: 1989 | M6: 1992 | N6: 1995 | O6: 1998 | P6: 2001 | Q6: 2004 | R6: 2007 | S6: 2010 | T6: 2013 | U6: 2016
A7: 1986 | B7: ='Q2(b)_M1'!B24 -> -3.6297189 | F7: 1995 | G7: ='Q2(b)_M1'!B8 -> 0.0235 | H7: =SUMPRODUCT(K7:U7,$K$5:$U$5) -> -3.7539712 | I7: =EXP(H7) -> 0.023424538 | J7: Fitted | K7: =IF($F7<=1986,0,IF($F7<=1989,(($F7-1986)/3)^3/6,IF($F7<=1992,2/3-((($F7-1986)/3)-2)^2-0.5*((($F7-1986)/3)-2)^3,IF($F7<=1995,2/3-((($F7-1986)/3)-2)^2+0.5*((($F7-1986)/3)-2)^3,IF($F7<=1998,(4-(($F7-1986)/3))^3/6,0))))) -> 0.16666667 | L7: =IF($F7<=1989,0,IF($F7<=1992,(($F7-1989)/3)^3/6,IF($F7<=1995,2/3-((($F7-1989)/3)-2)^2-0.5*((($F7-1989)/3)-2)^3,IF($F7<=1998,2/3-((($F7-1989)/3)-2)^2+0.5*((($F7-1989)/3)-2)^3,IF($F7<=2001,(4-(($F7-1989)/3))^3/6,0))))) -> 0.66666667 | M7: =IF($F7<=1992,0,IF($F7<=1995,(($F7-1992)/3)^3/6,IF($F7<=1998,2/3-((($F7-1992)/3)-2)^2-0.5*((($F7-1992)/3)-2)^3,IF($F7<=2001,2/3-((($F7-1992)/3)-2)^2+0.5*((($F7-1992)/3)-2)^3,IF($F7<=2004,(4-(($F7-1992)/3))^3/6,0))))) -> 0.16666667 | N7: =IF($F7<=1995,0,IF($F7<=1998,(($F7-1995)/3)^3/6,IF($F7<=2001,2/3-((($F7-1995)/3)-2)^2-0.5*((($F7-1995)/3)-2)^3,IF($F7<=2004,2/3-((($F7-1995)/3)-2)^2+0.5*((($F7-1995)/3)-2)^3,IF($F7<=2007,(4-(($F7-1995)/3))^3/6,0))))) -> 0 | O7: =IF($F7<=1998,0,IF($F7<=2001,(($F7-1998)/3)^3/6,IF($F7<=2004,2/3-((($F7-1998)/3)-2)^2-0.5*((($F7-1998)/3)-2)^3,IF($F7<=2007,2/3-((($F7-1998)/3)-2)^2+0.5*((($F7-1998)/3)-2)^3,IF($F7<=2010,(4-(($F7-1998)/3))^3/6,0))))) -> 0 | P7: =IF($F7<=2001,0,IF($F7<=2004,(($F7-2001)/3)^3/6,IF($F7<=2007,2/3-((($F7-2001)/3)-2)^2-0.5*((($F7-2001)/3)-2)^3,IF($F7<=2010,2/3-((($F7-2001)/3)-2)^2+0.5*((($F7-2001)/3)-2)^3,IF($F7<=2013,(4-(($F7-2001)/3))^3/6,0))))) -> 0 | Q7: =IF($F7<=2004,0,IF($F7<=2007,(($F7-2004)/3)^3/6,IF($F7<=2010,2/3-((($F7-2004)/3)-2)^2-0.5*((($F7-2004)/3)-2)^3,IF($F7<=2013,2/3-((($F7-2004)/3)-2)^2+0.5*((($F7-2004)/3)-2)^3,IF($F7<=2016,(4-(($F7-2004)/3))^3/6,0))))) -> 0 | R7: =IF($F7<=2007,0,IF($F7<=2010,(($F7-2007)/3)^3/6,IF($F7<=2013,2/3-((($F7-2007)/3)-2)^2-0.5*((($F7-2007)/3)-2)^3,IF($F7<=2016,2/3-((($F7-2007)/3)-2)^2+0.5*((($F7-2007)/3)-2)^3,IF($F7<=2019,(4-(($F7-2007)/3))^3/6,0))))) -> 0 | S7: =IF($F7<=2010,0,IF($F7<=2013,(($F7-2010)/3)^3/6,IF($F7<=2016,2/3-((($F7-2010)/3)-2)^2-0.5*((($F7-2010)/3)-2)^3,IF($F7<=2019,2/3-((($F7-2010)/3)-2)^2+0.5*((($F7-2010)/3)-2)^3,IF($F7<=2022,(4-(($F7-2010)/3))^3/6,0))))) -> 0 | T7: =IF($F7<=2013,0,IF($F7<=2016,(($F7-2013)/3)^3/6,IF($F7<=2019,2/3-((($F7-2013)/3)-2)^2-0.5*((($F7-2013)/3)-2)^3,IF($F7<=2022,2/3-((($F7-2013)/3)-2)^2+0.5*((($F7-2013)/3)-2)^3,IF($F7<=2025,(4-(($F7-2013)/3))^3/6,0))))) -> 0 | U7: =IF($F7<=2016,0,IF($F7<=2019,(($F7-2016)/3)^3/6,IF($F7<=2022,2/3-((($F7-2016)/3)-2)^2-0.5*((($F7-2016)/3)-2)^3,IF($F7<=2025,2/3-((($F7-2016)/3)-2)^2+0.5*((($F7-2016)/3)-2)^3,IF($F7<=2028,(4-(($F7-2016)/3))^3/6,0))))) -> 0
A8: 1989 | B8: ='Q2(b)_M1'!C24 -> -3.7541498 | C8: =B8-B7 -> -0.12443098 | F8: 1996 | H8: =SUMPRODUCT(K8:U8,$K$5:$U$5) -> -3.7951791 | I8: =EXP(H8) -> 0.022478879 | J8: Fitted | K8: =IF($F8<=1986,0,IF($F8<=1989,(($F8-1986)/3)^3/6,IF($F8<=1992,2/3-((($F8-1986)/3)-2)^2-0.5*((($F8-1986)/3)-2)^3,IF($F8<=1995,2/3-((($F8-1986)/3)-2)^2+0.5*((($F8-1986)/3)-2)^3,IF($F8<=1998,(4-(($F8-1986)/3))^3/6,0))))) -> 0.049382716 | L8: =IF($F8<=1989,0,IF($F8<=1992,(($F8-1989)/3)^3/6,IF($F8<=1995,2/3-((($F8-1989)/3)-2)^2-0.5*((($F8-1989)/3)-2)^3,IF($F8<=1998,2/3-((($F8-1989)/3)-2)^2+0.5*((($F8-1989)/3)-2)^3,IF($F8<=2001,(4-(($F8-1989)/3))^3/6,0))))) -> 0.57407407 | M8: =IF($F8<=1992,0,IF($F8<=1995,(($F8-1992)/3)^3/6,IF($F8<=1998,2/3-((($F8-1992)/3)-2)^2-0.5*((($F8-1992)/3)-2)^3,IF($F8<=2001,2/3-((($F8-1992)/3)-2)^2+0.5*((($F8-1992)/3)-2)^3,IF($F8<=2004,(4-(($F8-1992)/3))^3/6,0))))) -> 0.37037037 | N8: =IF($F8<=1995,0,IF($F8<=1998,(($F8-1995)/3)^3/6,IF($F8<=2001,2/3-((($F8-1995)/3)-2)^2-0.5*((($F8-1995)/3)-2)^3,IF($F8<=2004,2/3-((($F8-1995)/3)-2)^2+0.5*((($F8-1995)/3)-2)^3,IF($F8<=2007,(4-(($F8-1995)/3))^3/6,0))))) -> 0.0061728395 | O8: =IF($F8<=1998,0,IF($F8<=2001,(($F8-1998)/3)^3/6,IF($F8<=2004,2/3-((($F8-1998)/3)-2)^2-0.5*((($F8-1998)/3)-2)^3,IF($F8<=2007,2/3-((($F8-1998)/3)-2)^2+0.5*((($F8-1998)/3)-2)^3,IF($F8<=2010,(4-(($F8-1998)/3))^3/6,0))))) -> 0 | P8: =IF($F8<=2001,0,IF($F8<=2004,(($F8-2001)/3)^3/6,IF($F8<=2007,2/3-((($F8-2001)/3)-2)^2-0.5*((($F8-2001)/3)-2)^3,IF($F8<=2010,2/3-((($F8-2001)/3)-2)^2+0.5*((($F8-2001)/3)-2)^3,IF($F8<=2013,(4-(($F8-2001)/3))^3/6,0))))) -> 0 | Q8: =IF($F8<=2004,0,IF($F8<=2007,(($F8-2004)/3)^3/6,IF($F8<=2010,2/3-((($F8-2004)/3)-2)^2-0.5*((($F8-2004)/3)-2)^3,IF($F8<=2013,2/3-((($F8-2004)/3)-2)^2+0.5*((($F8-2004)/3)-2)^3,IF($F8<=2016,(4-(($F8-2004)/3))^3/6,0))))) -> 0 | R8: =IF($F8<=2007,0,IF($F8<=2010,(($F8-2007)/3)^3/6,IF($F8<=2013,2/3-((($F8-2007)/3)-2)^2-0.5*((($F8-2007)/3)-2)^3,IF($F8<=2016,2/3-((($F8-2007)/3)-2)^2+0.5*((($F8-2007)/3)-2)^3,IF($F8<=2019,(4-(($F8-2007)/3))^3/6,0))))) -> 0 | S8: =IF($F8<=2010,0,IF($F8<=2013,(($F8-2010)/3)^3/6,IF($F8<=2016,2/3-((($F8-2010)/3)-2)^2-0.5*((($F8-2010)/3)-2)^3,IF($F8<=2019,2/3-((($F8-2010)/3)-2)^2+0.5*((($F8-2010)/3)-2)^3,IF($F8<=2022,(4-(($F8-2010)/3))^3/6,0))))) -> 0 | T8: =IF($F8<=2013,0,IF($F8<=2016,(($F8-2013)/3)^3/6,IF($F8<=2019,2/3-((($F8-2013)/3)-2)^2-0.5*((($F8-2013)/3)-2)^3,IF($F8<=2022,2/3-((($F8-2013)/3)-2)^2+0.5*((($F8-2013)/3)-2)^3,IF($F8<=2025,(4-(($F8-2013)/3))^3/6,0))))) -> 0 | U8: =IF($F8<=2016,0,IF($F8<=2019,(($F8-2016)/3)^3/6,IF($F8<=2022,2/3-((($F8-2016)/3)-2)^2-0.5*((($F8-2016)/3)-2)^3,IF($F8<=2025,2/3-((($F8-2016)/3)-2)^2+0.5*((($F8-2016)/3)-2)^3,IF($F8<=2028,(4-(($F8-2016)/3))^3/6,0))))) -> 0
A9: 1992 | B9: ='Q2(b)_M1'!D24 -> -3.8775087 | C9: =B9-B8 -> -0.12335888 | D9: =C9-C8 -> 0.001072099 | F9: 1997 | H9: =SUMPRODUCT(K9:U9,$K$5:$U$5) -> -3.8360833 | I9: =EXP(H9) -> 0.021577951 | J9: Fitted | K9: =IF($F9<=1986,0,IF($F9<=1989,(($F9-1986)/3)^3/6,IF($F9<=1992,2/3-((($F9-1986)/3)-2)^2-0.5*((($F9-1986)/3)-2)^3,IF($F9<=1995,2/3-((($F9-1986)/3)-2)^2+0.5*((($F9-1986)/3)-2)^3,IF($F9<=1998,(4-(($F9-1986)/3))^3/6,0))))) -> 0.0061728395 | L9: =IF($F9<=1989,0,IF($F9<=1992,(($F9-1989)/3)^3/6,IF($F9<=1995,2/3-((($F9-1989)/3)-2)^2-0.5*((($F9-1989)/3)-2)^3,IF($F9<=1998,2/3-((($F9-1989)/3)-2)^2+0.5*((($F9-1989)/3)-2)^3,IF($F9<=2001,(4-(($F9-1989)/3))^3/6,0))))) -> 0.37037037 | M9: =IF($F9<=1992,0,IF($F9<=1995,(($F9-1992)/3)^3/6,IF($F9<=1998,2/3-((($F9-1992)/3)-2)^2-0.5*((($F9-1992)/3)-2)^3,IF($F9<=2001,2/3-((($F9-1992)/3)-2)^2+0.5*((($F9-1992)/3)-2)^3,IF($F9<=2004,(4-(($F9-1992)/3))^3/6,0))))) -> 0.57407407 | N9: =IF($F9<=1995,0,IF($F9<=1998,(($F9-1995)/3)^3/6,IF($F9<=2001,2/3-((($F9-1995)/3)-2)^2-0.5*((($F9-1995)/3)-2)^3,IF($F9<=2004,2/3-((($F9-1995)/3)-2)^2+0.5*((($F9-1995)/3)-2)^3,IF($F9<=2007,(4-(($F9-1995)/3))^3/6,0))))) -> 0.049382716 | O9: =IF($F9<=1998,0,IF($F9<=2001,(($F9-1998)/3)^3/6,IF($F9<=2004,2/3-((($F9-1998)/3)-2)^2-0.5*((($F9-1998)/3)-2)^3,IF($F9<=2007,2/3-((($F9-1998)/3)-2)^2+0.5*((($F9-1998)/3)-2)^3,IF($F9<=2010,(4-(($F9-1998)/3))^3/6,0))))) -> 0 | P9: =IF($F9<=2001,0,IF($F9<=2004,(($F9-2001)/3)^3/6,IF($F9<=2007,2/3-((($F9-2001)/3)-2)^2-0.5*((($F9-2001)/3)-2)^3,IF($F9<=2010,2/3-((($F9-2001)/3)-2)^2+0.5*((($F9-2001)/3)-2)^3,IF($F9<=2013,(4-(($F9-2001)/3))^3/6,0))))) -> 0 | Q9: =IF($F9<=2004,0,IF($F9<=2007,(($F9-2004)/3)^3/6,IF($F9<=2010,2/3-((($F9-2004)/3)-2)^2-0.5*((($F9-2004)/3)-2)^3,IF($F9<=2013,2/3-((($F9-2004)/3)-2)^2+0.5*((($F9-2004)/3)-2)^3,IF($F9<=2016,(4-(($F9-2004)/3))^3/6,0))))) -> 0 | R9: =IF($F9<=2007,0,IF($F9<=2010,(($F9-2007)/3)^3/6,IF($F9<=2013,2/3-((($F9-2007)/3)-2)^2-0.5*((($F9-2007)/3)-2)^3,IF($F9<=2016,2/3-((($F9-2007)/3)-2)^2+0.5*((($F9-2007)/3)-2)^3,IF($F9<=2019,(4-(($F9-2007)/3))^3/6,0))))) -> 0 | S9: =IF($F9<=2010,0,IF($F9<=2013,(($F9-2010)/3)^3/6,IF($F9<=2016,2/3-((($F9-2010)/3)-2)^2-0.5*((($F9-2010)/3)-2)^3,IF($F9<=2019,2/3-((($F9-2010)/3)-2)^2+0.5*((($F9-2010)/3)-2)^3,IF($F9<=2022,(4-(($F9-2010)/3))^3/6,0))))) -> 0 | T9: =IF($F9<=2013,0,IF($F9<=2016,(($F9-2013)/3)^3/6,IF($F9<=2019,2/3-((($F9-2013)/3)-2)^2-0.5*((($F9-2013)/3)-2)^3,IF($F9<=2022,2/3-((($F9-2013)/3)-2)^2+0.5*((($F9-2013)/3)-2)^3,IF($F9<=2025,(4-(($F9-2013)/3))^3/6,0))))) -> 0 | U9: =IF($F9<=2016,0,IF($F9<=2019,(($F9-2016)/3)^3/6,IF($F9<=2022,2/3-((($F9-2016)/3)-2)^2-0.5*((($F9-2016)/3)-2)^3,IF($F9<=2025,2/3-((($F9-2016)/3)-2)^2+0.5*((($F9-2016)/3)-2)^3,IF($F9<=2028,(4-(($F9-2016)/3))^3/6,0))))) -> 0
A10: 1995 | B10: ='Q2(b)_M1'!E24 -> -3.9948092 | C10: =B10-B9 -> -0.11730048 | D10: =C10-C9 -> 0.0060583961 | F10: 1998 | G10: ='Q2(b)_M1'!B9 -> 0.0207 | H10: =SUMPRODUCT(K10:U10,$K$5:$U$5) -> -3.876499 | I10: =EXP(H10) -> 0.020723251 | J10: Fitted | K10: =IF($F10<=1986,0,IF($F10<=1989,(($F10-1986)/3)^3/6,IF($F10<=1992,2/3-((($F10-1986)/3)-2)^2-0.5*((($F10-1986)/3)-2)^3,IF($F10<=1995,2/3-((($F10-1986)/3)-2)^2+0.5*((($F10-1986)/3)-2)^3,IF($F10<=1998,(4-(($F10-1986)/3))^3/6,0))))) -> 0 | L10: =IF($F10<=1989,0,IF($F10<=1992,(($F10-1989)/3)^3/6,IF($F10<=1995,2/3-((($F10-1989)/3)-2)^2-0.5*((($F10-1989)/3)-2)^3,IF($F10<=1998,2/3-((($F10-1989)/3)-2)^2+0.5*((($F10-1989)/3)-2)^3,IF($F10<=2001,(4-(($F10-1989)/3))^3/6,0))))) -> 0.16666667 | M10: =IF($F10<=1992,0,IF($F10<=1995,(($F10-1992)/3)^3/6,IF($F10<=1998,2/3-((($F10-1992)/3)-2)^2-0.5*((($F10-1992)/3)-2)^3,IF($F10<=2001,2/3-((($F10-1992)/3)-2)^2+0.5*((($F10-1992)/3)-2)^3,IF($F10<=2004,(4-(($F10-1992)/3))^3/6,0))))) -> 0.66666667 | N10: =IF($F10<=1995,0,IF($F10<=1998,(($F10-1995)/3)^3/6,IF($F10<=2001,2/3-((($F10-1995)/3)-2)^2-0.5*((($F10-1995)/3)-2)^3,IF($F10<=2004,2/3-((($F10-1995)/3)-2)^2+0.5*((($F10-1995)/3)-2)^3,IF($F10<=2007,(4-(($F10-1995)/3))^3/6,0))))) -> 0.16666667 | O10: =IF($F10<=1998,0,IF($F10<=2001,(($F10-1998)/3)^3/6,IF($F10<=2004,2/3-((($F10-1998)/3)-2)^2-0.5*((($F10-1998)/3)-2)^3,IF($F10<=2007,2/3-((($F10-1998)/3)-2)^2+0.5*((($F10-1998)/3)-2)^3,IF($F10<=2010,(4-(($F10-1998)/3))^3/6,0))))) -> 0 | P10: =IF($F10<=2001,0,IF($F10<=2004,(($F10-2001)/3)^3/6,IF($F10<=2007,2/3-((($F10-2001)/3)-2)^2-0.5*((($F10-2001)/3)-2)^3,IF($F10<=2010,2/3-((($F10-2001)/3)-2)^2+0.5*((($F10-2001)/3)-2)^3,IF($F10<=2013,(4-(($F10-2001)/3))^3/6,0))))) -> 0 | Q10: =IF($F10<=2004,0,IF($F10<=2007,(($F10-2004)/3)^3/6,IF($F10<=2010,2/3-((($F10-2004)/3)-2)^2-0.5*((($F10-2004)/3)-2)^3,IF($F10<=2013,2/3-((($F10-2004)/3)-2)^2+0.5*((($F10-2004)/3)-2)^3,IF($F10<=2016,(4-(($F10-2004)/3))^3/6,0))))) -> 0 | R10: =IF($F10<=2007,0,IF($F10<=2010,(($F10-2007)/3)^3/6,IF($F10<=2013,2/3-((($F10-2007)/3)-2)^2-0.5*((($F10-2007)/3)-2)^3,IF($F10<=2016,2/3-((($F10-2007)/3)-2)^2+0.5*((($F10-2007)/3)-2)^3,IF($F10<=2019,(4-(($F10-2007)/3))^3/6,0))))) -> 0 | S10: =IF($F10<=2010,0,IF($F10<=2013,(($F10-2010)/3)^3/6,IF($F10<=2016,2/3-((($F10-2010)/3)-2)^2-0.5*((($F10-2010)/3)-2)^3,IF($F10<=2019,2/3-((($F10-2010)/3)-2)^2+0.5*((($F10-2010)/3)-2)^3,IF($F10<=2022,(4-(($F10-2010)/3))^3/6,0))))) -> 0 | T10: =IF($F10<=2013,0,IF($F10<=2016,(($F10-2013)/3)^3/6,IF($F10<=2019,2/3-((($F10-2013)/3)-2)^2-0.5*((($F10-2013)/3)-2)^3,IF($F10<=2022,2/3-((($F10-2013)/3)-2)^2+0.5*((($F10-2013)/3)-2)^3,IF($F10<=2025,(4-(($F10-2013)/3))^3/6,0))))) -> 0 | U10: =IF($F10<=2016,0,IF($F10<=2019,(($F10-2016)/3)^3/6,IF($F10<=2022,2/3-((($F10-2016)/3)-2)^2-0.5*((($F10-2016)/3)-2)^3,IF($F10<=2025,2/3-((($F10-2016)/3)-2)^2+0.5*((($F10-2016)/3)-2)^3,IF($F10<=2028,(4-(($F10-2016)/3))^3/6,0))))) -> 0
A11: 1998 | B11: ='Q2(b)_M1'!F24 -> -4.1039576 | C11: =B11-B10 -> -0.10914838 | D11: =C11-C10 -> 0.0081520989 | F11: 1999 | H11: =SUMPRODUCT(K11:U11,$K$5:$U$5) -> -3.9162594 | I11: =EXP(H11) -> 0.019915452 | J11: Fitted | K11: =IF($F11<=1986,0,IF($F11<=1989,(($F11-1986)/3)^3/6,IF($F11<=1992,2/3-((($F11-1986)/3)-2)^2-0.5*((($F11-1986)/3)-2)^3,IF($F11<=1995,2/3-((($F11-1986)/3)-2)^2+0.5*((($F11-1986)/3)-2)^3,IF($F11<=1998,(4-(($F11-1986)/3))^3/6,0))))) -> 0 | L11: =IF($F11<=1989,0,IF($F11<=1992,(($F11-1989)/3)^3/6,IF($F11<=1995,2/3-((($F11-1989)/3)-2)^2-0.5*((($F11-1989)/3)-2)^3,IF($F11<=1998,2/3-((($F11-1989)/3)-2)^2+0.5*((($F11-1989)/3)-2)^3,IF($F11<=2001,(4-(($F11-1989)/3))^3/6,0))))) -> 0.049382716 | M11: =IF($F11<=1992,0,IF($F11<=1995,(($F11-1992)/3)^3/6,IF($F11<=1998,2/3-((($F11-1992)/3)-2)^2-0.5*((($F11-1992)/3)-2)^3,IF($F11<=2001,2/3-((($F11-1992)/3)-2)^2+0.5*((($F11-1992)/3)-2)^3,IF($F11<=2004,(4-(($F11-1992)/3))^3/6,0))))) -> 0.57407407 | N11: =IF($F11<=1995,0,IF($F11<=1998,(($F11-1995)/3)^3/6,IF($F11<=2001,2/3-((($F11-1995)/3)-2)^2-0.5*((($F11-1995)/3)-2)^3,IF($F11<=2004,2/3-((($F11-1995)/3)-2)^2+0.5*((($F11-1995)/3)-2)^3,IF($F11<=2007,(4-(($F11-1995)/3))^3/6,0))))) -> 0.37037037 | O11: =IF($F11<=1998,0,IF($F11<=2001,(($F11-1998)/3)^3/6,IF($F11<=2004,2/3-((($F11-1998)/3)-2)^2-0.5*((($F11-1998)/3)-2)^3,IF($F11<=2007,2/3-((($F11-1998)/3)-2)^2+0.5*((($F11-1998)/3)-2)^3,IF($F11<=2010,(4-(($F11-1998)/3))^3/6,0))))) -> 0.0061728395 | P11: =IF($F11<=2001,0,IF($F11<=2004,(($F11-2001)/3)^3/6,IF($F11<=2007,2/3-((($F11-2001)/3)-2)^2-0.5*((($F11-2001)/3)-2)^3,IF($F11<=2010,2/3-((($F11-2001)/3)-2)^2+0.5*((($F11-2001)/3)-2)^3,IF($F11<=2013,(4-(($F11-2001)/3))^3/6,0))))) -> 0 | Q11: =IF($F11<=2004,0,IF($F11<=2007,(($F11-2004)/3)^3/6,IF($F11<=2010,2/3-((($F11-2004)/3)-2)^2-0.5*((($F11-2004)/3)-2)^3,IF($F11<=2013,2/3-((($F11-2004)/3)-2)^2+0.5*((($F11-2004)/3)-2)^3,IF($F11<=2016,(4-(($F11-2004)/3))^3/6,0))))) -> 0 | R11: =IF($F11<=2007,0,IF($F11<=2010,(($F11-2007)/3)^3/6,IF($F11<=2013,2/3-((($F11-2007)/3)-2)^2-0.5*((($F11-2007)/3)-2)^3,IF($F11<=2016,2/3-((($F11-2007)/3)-2)^2+0.5*((($F11-2007)/3)-2)^3,IF($F11<=2019,(4-(($F11-2007)/3))^3/6,0))))) -> 0 | S11: =IF($F11<=2010,0,IF($F11<=2013,(($F11-2010)/3)^3/6,IF($F11<=2016,2/3-((($F11-2010)/3)-2)^2-0.5*((($F11-2010)/3)-2)^3,IF($F11<=2019,2/3-((($F11-2010)/3)-2)^2+0.5*((($F11-2010)/3)-2)^3,IF($F11<=2022,(4-(($F11-2010)/3))^3/6,0))))) -> 0 | T11: =IF($F11<=2013,0,IF($F11<=2016,(($F11-2013)/3)^3/6,IF($F11<=2019,2/3-((($F11-2013)/3)-2)^2-0.5*((($F11-2013)/3)-2)^3,IF($F11<=2022,2/3-((($F11-2013)/3)-2)^2+0.5*((($F11-2013)/3)-2)^3,IF($F11<=2025,(4-(($F11-2013)/3))^3/6,0))))) -> 0 | U11: =IF($F11<=2016,0,IF($F11<=2019,(($F11-2016)/3)^3/6,IF($F11<=2022,2/3-((($F11-2016)/3)-2)^2-0.5*((($F11-2016)/3)-2)^3,IF($F11<=2025,2/3-((($F11-2016)/3)-2)^2+0.5*((($F11-2016)/3)-2)^3,IF($F11<=2028,(4-(($F11-2016)/3))^3/6,0))))) -> 0
A12: 2001 | B12: ='Q2(b)_M1'!G24 -> -4.211336 | C12: =B12-B11 -> -0.10737838 | D12: =C12-C11 -> 0.00177 | F12: 2000 | H12: =SUMPRODUCT(K12:U12,$K$5:$U$5) -> -3.9552691 | I12: =EXP(H12) -> 0.019153514 | J12: Fitted | K12: =IF($F12<=1986,0,IF($F12<=1989,(($F12-1986)/3)^3/6,IF($F12<=1992,2/3-((($F12-1986)/3)-2)^2-0.5*((($F12-1986)/3)-2)^3,IF($F12<=1995,2/3-((($F12-1986)/3)-2)^2+0.5*((($F12-1986)/3)-2)^3,IF($F12<=1998,(4-(($F12-1986)/3))^3/6,0))))) -> 0 | L12: =IF($F12<=1989,0,IF($F12<=1992,(($F12-1989)/3)^3/6,IF($F12<=1995,2/3-((($F12-1989)/3)-2)^2-0.5*((($F12-1989)/3)-2)^3,IF($F12<=1998,2/3-((($F12-1989)/3)-2)^2+0.5*((($F12-1989)/3)-2)^3,IF($F12<=2001,(4-(($F12-1989)/3))^3/6,0))))) -> 0.0061728395 | M12: =IF($F12<=1992,0,IF($F12<=1995,(($F12-1992)/3)^3/6,IF($F12<=1998,2/3-((($F12-1992)/3)-2)^2-0.5*((($F12-1992)/3)-2)^3,IF($F12<=2001,2/3-((($F12-1992)/3)-2)^2+0.5*((($F12-1992)/3)-2)^3,IF($F12<=2004,(4-(($F12-1992)/3))^3/6,0))))) -> 0.37037037 | N12: =IF($F12<=1995,0,IF($F12<=1998,(($F12-1995)/3)^3/6,IF($F12<=2001,2/3-((($F12-1995)/3)-2)^2-0.5*((($F12-1995)/3)-2)^3,IF($F12<=2004,2/3-((($F12-1995)/3)-2)^2+0.5*((($F12-1995)/3)-2)^3,IF($F12<=2007,(4-(($F12-1995)/3))^3/6,0))))) -> 0.57407407 | O12: =IF($F12<=1998,0,IF($F12<=2001,(($F12-1998)/3)^3/6,IF($F12<=2004,2/3-((($F12-1998)/3)-2)^2-0.5*((($F12-1998)/3)-2)^3,IF($F12<=2007,2/3-((($F12-1998)/3)-2)^2+0.5*((($F12-1998)/3)-2)^3,IF($F12<=2010,(4-(($F12-1998)/3))^3/6,0))))) -> 0.049382716 | P12: =IF($F12<=2001,0,IF($F12<=2004,(($F12-2001)/3)^3/6,IF($F12<=2007,2/3-((($F12-2001)/3)-2)^2-0.5*((($F12-2001)/3)-2)^3,IF($F12<=2010,2/3-((($F12-2001)/3)-2)^2+0.5*((($F12-2001)/3)-2)^3,IF($F12<=2013,(4-(($F12-2001)/3))^3/6,0))))) -> 0 | Q12: =IF($F12<=2004,0,IF($F12<=2007,(($F12-2004)/3)^3/6,IF($F12<=2010,2/3-((($F12-2004)/3)-2)^2-0.5*((($F12-2004)/3)-2)^3,IF($F12<=2013,2/3-((($F12-2004)/3)-2)^2+0.5*((($F12-2004)/3)-2)^3,IF($F12<=2016,(4-(($F12-2004)/3))^3/6,0))))) -> 0 | R12: =IF($F12<=2007,0,IF($F12<=2010,(($F12-2007)/3)^3/6,IF($F12<=2013,2/3-((($F12-2007)/3)-2)^2-0.5*((($F12-2007)/3)-2)^3,IF($F12<=2016,2/3-((($F12-2007)/3)-2)^2+0.5*((($F12-2007)/3)-2)^3,IF($F12<=2019,(4-(($F12-2007)/3))^3/6,0))))) -> 0 | S12: =IF($F12<=2010,0,IF($F12<=2013,(($F12-2010)/3)^3/6,IF($F12<=2016,2/3-((($F12-2010)/3)-2)^2-0.5*((($F12-2010)/3)-2)^3,IF($F12<=2019,2/3-((($F12-2010)/3)-2)^2+0.5*((($F12-2010)/3)-2)^3,IF($F12<=2022,(4-(($F12-2010)/3))^3/6,0))))) -> 0 | T12: =IF($F12<=2013,0,IF($F12<=2016,(($F12-2013)/3)^3/6,IF($F12<=2019,2/3-((($F12-2013)/3)-2)^2-0.5*((($F12-2013)/3)-2)^3,IF($F12<=2022,2/3-((($F12-2013)/3)-2)^2+0.5*((($F12-2013)/3)-2)^3,IF($F12<=2025,(4-(($F12-2013)/3))^3/6,0))))) -> 0 | U12: =IF($F12<=2016,0,IF($F12<=2019,(($F12-2016)/3)^3/6,IF($F12<=2022,2/3-((($F12-2016)/3)-2)^2-0.5*((($F12-2016)/3)-2)^3,IF($F12<=2025,2/3-((($F12-2016)/3)-2)^2+0.5*((($F12-2016)/3)-2)^3,IF($F12<=2028,(4-(($F12-2016)/3))^3/6,0))))) -> 0
A13: 2004 | B13: =2*B12-B11 -> -4.3187144 | C13: =B13-B12 -> -0.10737838 | D13: =C13-C12 -> 0 | F13: 2001 | G13: ='Q2(b)_M1'!B10 -> 0.0183 | H13: =SUMPRODUCT(K13:U13,$K$5:$U$5) -> -3.9934505 | I13: =EXP(H13) -> 0.018435991 | J13: Fitted | K13: =IF($F13<=1986,0,IF($F13<=1989,(($F13-1986)/3)^3/6,IF($F13<=1992,2/3-((($F13-1986)/3)-2)^2-0.5*((($F13-1986)/3)-2)^3,IF($F13<=1995,2/3-((($F13-1986)/3)-2)^2+0.5*((($F13-1986)/3)-2)^3,IF($F13<=1998,(4-(($F13-1986)/3))^3/6,0))))) -> 0 | L13: =IF($F13<=1989,0,IF($F13<=1992,(($F13-1989)/3)^3/6,IF($F13<=1995,2/3-((($F13-1989)/3)-2)^2-0.5*((($F13-1989)/3)-2)^3,IF($F13<=1998,2/3-((($F13-1989)/3)-2)^2+0.5*((($F13-1989)/3)-2)^3,IF($F13<=2001,(4-(($F13-1989)/3))^3/6,0))))) -> 0 | M13: =IF($F13<=1992,0,IF($F13<=1995,(($F13-1992)/3)^3/6,IF($F13<=1998,2/3-((($F13-1992)/3)-2)^2-0.5*((($F13-1992)/3)-2)^3,IF($F13<=2001,2/3-((($F13-1992)/3)-2)^2+0.5*((($F13-1992)/3)-2)^3,IF($F13<=2004,(4-(($F13-1992)/3))^3/6,0))))) -> 0.16666667 | N13: =IF($F13<=1995,0,IF($F13<=1998,(($F13-1995)/3)^3/6,IF($F13<=2001,2/3-((($F13-1995)/3)-2)^2-0.5*((($F13-1995)/3)-2)^3,IF($F13<=2004,2/3-((($F13-1995)/3)-2)^2+0.5*((($F13-1995)/3)-2)^3,IF($F13<=2007,(4-(($F13-1995)/3))^3/6,0))))) -> 0.66666667 | O13: =IF($F13<=1998,0,IF($F13<=2001,(($F13-1998)/3)^3/6,IF($F13<=2004,2/3-((($F13-1998)/3)-2)^2-0.5*((($F13-1998)/3)-2)^3,IF($F13<=2007,2/3-((($F13-1998)/3)-2)^2+0.5*((($F13-1998)/3)-2)^3,IF($F13<=2010,(4-(($F13-1998)/3))^3/6,0))))) -> 0.16666667 | P13: =IF($F13<=2001,0,IF($F13<=2004,(($F13-2001)/3)^3/6,IF($F13<=2007,2/3-((($F13-2001)/3)-2)^2-0.5*((($F13-2001)/3)-2)^3,IF($F13<=2010,2/3-((($F13-2001)/3)-2)^2+0.5*((($F13-2001)/3)-2)^3,IF($F13<=2013,(4-(($F13-2001)/3))^3/6,0))))) -> 0 | Q13: =IF($F13<=2004,0,IF($F13<=2007,(($F13-2004)/3)^3/6,IF($F13<=2010,2/3-((($F13-2004)/3)-2)^2-0.5*((($F13-2004)/3)-2)^3,IF($F13<=2013,2/3-((($F13-2004)/3)-2)^2+0.5*((($F13-2004)/3)-2)^3,IF($F13<=2016,(4-(($F13-2004)/3))^3/6,0))))) -> 0 | R13: =IF($F13<=2007,0,IF($F13<=2010,(($F13-2007)/3)^3/6,IF($F13<=2013,2/3-((($F13-2007)/3)-2)^2-0.5*((($F13-2007)/3)-2)^3,IF($F13<=2016,2/3-((($F13-2007)/3)-2)^2+0.5*((($F13-2007)/3)-2)^3,IF($F13<=2019,(4-(($F13-2007)/3))^3/6,0))))) -> 0 | S13: =IF($F13<=2010,0,IF($F13<=2013,(($F13-2010)/3)^3/6,IF($F13<=2016,2/3-((($F13-2010)/3)-2)^2-0.5*((($F13-2010)/3)-2)^3,IF($F13<=2019,2/3-((($F13-2010)/3)-2)^2+0.5*((($F13-2010)/3)-2)^3,IF($F13<=2022,(4-(($F13-2010)/3))^3/6,0))))) -> 0 | T13: =IF($F13<=2013,0,IF($F13<=2016,(($F13-2013)/3)^3/6,IF($F13<=2019,2/3-((($F13-2013)/3)-2)^2-0.5*((($F13-2013)/3)-2)^3,IF($F13<=2022,2/3-((($F13-2013)/3)-2)^2+0.5*((($F13-2013)/3)-2)^3,IF($F13<=2025,(4-(($F13-2013)/3))^3/6,0))))) -> 0 | U13: =IF($F13<=2016,0,IF($F13<=2019,(($F13-2016)/3)^3/6,IF($F13<=2022,2/3-((($F13-2016)/3)-2)^2-0.5*((($F13-2016)/3)-2)^3,IF($F13<=2025,2/3-((($F13-2016)/3)-2)^2+0.5*((($F13-2016)/3)-2)^3,IF($F13<=2028,(4-(($F13-2016)/3))^3/6,0))))) -> 0
A14: 2007 | B14: =2*B13-B12 -> -4.4260927 | C14: =B14-B13 -> -0.10737838 | D14: =C14-C13 -> 0 | F14: 2002 | H14: =SUMPRODUCT(K14:U14,$K$5:$U$5) -> -4.0307785 | I14: =EXP(H14) -> 0.017760498 | J14: Fitted | K14: =IF($F14<=1986,0,IF($F14<=1989,(($F14-1986)/3)^3/6,IF($F14<=1992,2/3-((($F14-1986)/3)-2)^2-0.5*((($F14-1986)/3)-2)^3,IF($F14<=1995,2/3-((($F14-1986)/3)-2)^2+0.5*((($F14-1986)/3)-2)^3,IF($F14<=1998,(4-(($F14-1986)/3))^3/6,0))))) -> 0 | L14: =IF($F14<=1989,0,IF($F14<=1992,(($F14-1989)/3)^3/6,IF($F14<=1995,2/3-((($F14-1989)/3)-2)^2-0.5*((($F14-1989)/3)-2)^3,IF($F14<=1998,2/3-((($F14-1989)/3)-2)^2+0.5*((($F14-1989)/3)-2)^3,IF($F14<=2001,(4-(($F14-1989)/3))^3/6,0))))) -> 0 | M14: =IF($F14<=1992,0,IF($F14<=1995,(($F14-1992)/3)^3/6,IF($F14<=1998,2/3-((($F14-1992)/3)-2)^2-0.5*((($F14-1992)/3)-2)^3,IF($F14<=2001,2/3-((($F14-1992)/3)-2)^2+0.5*((($F14-1992)/3)-2)^3,IF($F14<=2004,(4-(($F14-1992)/3))^3/6,0))))) -> 0.049382716 | N14: =IF($F14<=1995,0,IF($F14<=1998,(($F14-1995)/3)^3/6,IF($F14<=2001,2/3-((($F14-1995)/3)-2)^2-0.5*((($F14-1995)/3)-2)^3,IF($F14<=2004,2/3-((($F14-1995)/3)-2)^2+0.5*((($F14-1995)/3)-2)^3,IF($F14<=2007,(4-(($F14-1995)/3))^3/6,0))))) -> 0.57407407 | O14: =IF($F14<=1998,0,IF($F14<=2001,(($F14-1998)/3)^3/6,IF($F14<=2004,2/3-((($F14-1998)/3)-2)^2-0.5*((($F14-1998)/3)-2)^3,IF($F14<=2007,2/3-((($F14-1998)/3)-2)^2+0.5*((($F14-1998)/3)-2)^3,IF($F14<=2010,(4-(($F14-1998)/3))^3/6,0))))) -> 0.37037037 | P14: =IF($F14<=2001,0,IF($F14<=2004,(($F14-2001)/3)^3/6,IF($F14<=2007,2/3-((($F14-2001)/3)-2)^2-0.5*((($F14-2001)/3)-2)^3,IF($F14<=2010,2/3-((($F14-2001)/3)-2)^2+0.5*((($F14-2001)/3)-2)^3,IF($F14<=2013,(4-(($F14-2001)/3))^3/6,0))))) -> 0.0061728395 | Q14: =IF($F14<=2004,0,IF($F14<=2007,(($F14-2004)/3)^3/6,IF($F14<=2010,2/3-((($F14-2004)/3)-2)^2-0.5*((($F14-2004)/3)-2)^3,IF($F14<=2013,2/3-((($F14-2004)/3)-2)^2+0.5*((($F14-2004)/3)-2)^3,IF($F14<=2016,(4-(($F14-2004)/3))^3/6,0))))) -> 0 | R14: =IF($F14<=2007,0,IF($F14<=2010,(($F14-2007)/3)^3/6,IF($F14<=2013,2/3-((($F14-2007)/3)-2)^2-0.5*((($F14-2007)/3)-2)^3,IF($F14<=2016,2/3-((($F14-2007)/3)-2)^2+0.5*((($F14-2007)/3)-2)^3,IF($F14<=2019,(4-(($F14-2007)/3))^3/6,0))))) -> 0 | S14: =IF($F14<=2010,0,IF($F14<=2013,(($F14-2010)/3)^3/6,IF($F14<=2016,2/3-((($F14-2010)/3)-2)^2-0.5*((($F14-2010)/3)-2)^3,IF($F14<=2019,2/3-((($F14-2010)/3)-2)^2+0.5*((($F14-2010)/3)-2)^3,IF($F14<=2022,(4-(($F14-2010)/3))^3/6,0))))) -> 0 | T14: =IF($F14<=2013,0,IF($F14<=2016,(($F14-2013)/3)^3/6,IF($F14<=2019,2/3-((($F14-2013)/3)-2)^2-0.5*((($F14-2013)/3)-2)^3,IF($F14<=2022,2/3-((($F14-2013)/3)-2)^2+0.5*((($F14-2013)/3)-2)^3,IF($F14<=2025,(4-(($F14-2013)/3))^3/6,0))))) -> 0 | U14: =IF($F14<=2016,0,IF($F14<=2019,(($F14-2016)/3)^3/6,IF($F14<=2022,2/3-((($F14-2016)/3)-2)^2-0.5*((($F14-2016)/3)-2)^3,IF($F14<=2025,2/3-((($F14-2016)/3)-2)^2+0.5*((($F14-2016)/3)-2)^3,IF($F14<=2028,(4-(($F14-2016)/3))^3/6,0))))) -> 0
A15: 2010 | B15: =2*B14-B13 -> -4.5334711 | C15: =B15-B14 -> -0.10737838 | D15: =C15-C14 -> 0 | F15: 2003 | H15: =SUMPRODUCT(K15:U15,$K$5:$U$5) -> -4.0674371 | I15: =EXP(H15) -> 0.017121213 | J15: Fitted | K15: =IF($F15<=1986,0,IF($F15<=1989,(($F15-1986)/3)^3/6,IF($F15<=1992,2/3-((($F15-1986)/3)-2)^2-0.5*((($F15-1986)/3)-2)^3,IF($F15<=1995,2/3-((($F15-1986)/3)-2)^2+0.5*((($F15-1986)/3)-2)^3,IF($F15<=1998,(4-(($F15-1986)/3))^3/6,0))))) -> 0 | L15: =IF($F15<=1989,0,IF($F15<=1992,(($F15-1989)/3)^3/6,IF($F15<=1995,2/3-((($F15-1989)/3)-2)^2-0.5*((($F15-1989)/3)-2)^3,IF($F15<=1998,2/3-((($F15-1989)/3)-2)^2+0.5*((($F15-1989)/3)-2)^3,IF($F15<=2001,(4-(($F15-1989)/3))^3/6,0))))) -> 0 | M15: =IF($F15<=1992,0,IF($F15<=1995,(($F15-1992)/3)^3/6,IF($F15<=1998,2/3-((($F15-1992)/3)-2)^2-0.5*((($F15-1992)/3)-2)^3,IF($F15<=2001,2/3-((($F15-1992)/3)-2)^2+0.5*((($F15-1992)/3)-2)^3,IF($F15<=2004,(4-(($F15-1992)/3))^3/6,0))))) -> 0.0061728395 | N15: =IF($F15<=1995,0,IF($F15<=1998,(($F15-1995)/3)^3/6,IF($F15<=2001,2/3-((($F15-1995)/3)-2)^2-0.5*((($F15-1995)/3)-2)^3,IF($F15<=2004,2/3-((($F15-1995)/3)-2)^2+0.5*((($F15-1995)/3)-2)^3,IF($F15<=2007,(4-(($F15-1995)/3))^3/6,0))))) -> 0.37037037 | O15: =IF($F15<=1998,0,IF($F15<=2001,(($F15-1998)/3)^3/6,IF($F15<=2004,2/3-((($F15-1998)/3)-2)^2-0.5*((($F15-1998)/3)-2)^3,IF($F15<=2007,2/3-((($F15-1998)/3)-2)^2+0.5*((($F15-1998)/3)-2)^3,IF($F15<=2010,(4-(($F15-1998)/3))^3/6,0))))) -> 0.57407407 | P15: =IF($F15<=2001,0,IF($F15<=2004,(($F15-2001)/3)^3/6,IF($F15<=2007,2/3-((($F15-2001)/3)-2)^2-0.5*((($F15-2001)/3)-2)^3,IF($F15<=2010,2/3-((($F15-2001)/3)-2)^2+0.5*((($F15-2001)/3)-2)^3,IF($F15<=2013,(4-(($F15-2001)/3))^3/6,0))))) -> 0.049382716 | Q15: =IF($F15<=2004,0,IF($F15<=2007,(($F15-2004)/3)^3/6,IF($F15<=2010,2/3-((($F15-2004)/3)-2)^2-0.5*((($F15-2004)/3)-2)^3,IF($F15<=2013,2/3-((($F15-2004)/3)-2)^2+0.5*((($F15-2004)/3)-2)^3,IF($F15<=2016,(4-(($F15-2004)/3))^3/6,0))))) -> 0 | R15: =IF($F15<=2007,0,IF($F15<=2010,(($F15-2007)/3)^3/6,IF($F15<=2013,2/3-((($F15-2007)/3)-2)^2-0.5*((($F15-2007)/3)-2)^3,IF($F15<=2016,2/3-((($F15-2007)/3)-2)^2+0.5*((($F15-2007)/3)-2)^3,IF($F15<=2019,(4-(($F15-2007)/3))^3/6,0))))) -> 0 | S15: =IF($F15<=2010,0,IF($F15<=2013,(($F15-2010)/3)^3/6,IF($F15<=2016,2/3-((($F15-2010)/3)-2)^2-0.5*((($F15-2010)/3)-2)^3,IF($F15<=2019,2/3-((($F15-2010)/3)-2)^2+0.5*((($F15-2010)/3)-2)^3,IF($F15<=2022,(4-(($F15-2010)/3))^3/6,0))))) -> 0 | T15: =IF($F15<=2013,0,IF($F15<=2016,(($F15-2013)/3)^3/6,IF($F15<=2019,2/3-((($F15-2013)/3)-2)^2-0.5*((($F15-2013)/3)-2)^3,IF($F15<=2022,2/3-((($F15-2013)/3)-2)^2+0.5*((($F15-2013)/3)-2)^3,IF($F15<=2025,(4-(($F15-2013)/3))^3/6,0))))) -> 0 | U15: =IF($F15<=2016,0,IF($F15<=2019,(($F15-2016)/3)^3/6,IF($F15<=2022,2/3-((($F15-2016)/3)-2)^2-0.5*((($F15-2016)/3)-2)^3,IF($F15<=2025,2/3-((($F15-2016)/3)-2)^2+0.5*((($F15-2016)/3)-2)^3,IF($F15<=2028,(4-(($F15-2016)/3))^3/6,0))))) -> 0
A16: 2013 | B16: =2*B15-B14 -> -4.6408495 | C16: =B16-B15 -> -0.10737838 | D16: =C16-C15 -> 0 | F16: 2004 | G16: ='Q2(b)_M1'!B11 -> 0.0166 | H16: =SUMPRODUCT(K16:U16,$K$5:$U$5) -> -4.1036626 | I16: =EXP(H16) -> 0.016512088 | J16: Fitted | K16: =IF($F16<=1986,0,IF($F16<=1989,(($F16-1986)/3)^3/6,IF($F16<=1992,2/3-((($F16-1986)/3)-2)^2-0.5*((($F16-1986)/3)-2)^3,IF($F16<=1995,2/3-((($F16-1986)/3)-2)^2+0.5*((($F16-1986)/3)-2)^3,IF($F16<=1998,(4-(($F16-1986)/3))^3/6,0))))) -> 0 | L16: =IF($F16<=1989,0,IF($F16<=1992,(($F16-1989)/3)^3/6,IF($F16<=1995,2/3-((($F16-1989)/3)-2)^2-0.5*((($F16-1989)/3)-2)^3,IF($F16<=1998,2/3-((($F16-1989)/3)-2)^2+0.5*((($F16-1989)/3)-2)^3,IF($F16<=2001,(4-(($F16-1989)/3))^3/6,0))))) -> 0 | M16: =IF($F16<=1992,0,IF($F16<=1995,(($F16-1992)/3)^3/6,IF($F16<=1998,2/3-((($F16-1992)/3)-2)^2-0.5*((($F16-1992)/3)-2)^3,IF($F16<=2001,2/3-((($F16-1992)/3)-2)^2+0.5*((($F16-1992)/3)-2)^3,IF($F16<=2004,(4-(($F16-1992)/3))^3/6,0))))) -> 0 | N16: =IF($F16<=1995,0,IF($F16<=1998,(($F16-1995)/3)^3/6,IF($F16<=2001,2/3-((($F16-1995)/3)-2)^2-0.5*((($F16-1995)/3)-2)^3,IF($F16<=2004,2/3-((($F16-1995)/3)-2)^2+0.5*((($F16-1995)/3)-2)^3,IF($F16<=2007,(4-(($F16-1995)/3))^3/6,0))))) -> 0.16666667 | O16: =IF($F16<=1998,0,IF($F16<=2001,(($F16-1998)/3)^3/6,IF($F16<=2004,2/3-((($F16-1998)/3)-2)^2-0.5*((($F16-1998)/3)-2)^3,IF($F16<=2007,2/3-((($F16-1998)/3)-2)^2+0.5*((($F16-1998)/3)-2)^3,IF($F16<=2010,(4-(($F16-1998)/3))^3/6,0))))) -> 0.66666667 | P16: =IF($F16<=2001,0,IF($F16<=2004,(($F16-2001)/3)^3/6,IF($F16<=2007,2/3-((($F16-2001)/3)-2)^2-0.5*((($F16-2001)/3)-2)^3,IF($F16<=2010,2/3-((($F16-2001)/3)-2)^2+0.5*((($F16-2001)/3)-2)^3,IF($F16<=2013,(4-(($F16-2001)/3))^3/6,0))))) -> 0.16666667 | Q16: =IF($F16<=2004,0,IF($F16<=2007,(($F16-2004)/3)^3/6,IF($F16<=2010,2/3-((($F16-2004)/3)-2)^2-0.5*((($F16-2004)/3)-2)^3,IF($F16<=2013,2/3-((($F16-2004)/3)-2)^2+0.5*((($F16-2004)/3)-2)^3,IF($F16<=2016,(4-(($F16-2004)/3))^3/6,0))))) -> 0 | R16: =IF($F16<=2007,0,IF($F16<=2010,(($F16-2007)/3)^3/6,IF($F16<=2013,2/3-((($F16-2007)/3)-2)^2-0.5*((($F16-2007)/3)-2)^3,IF($F16<=2016,2/3-((($F16-2007)/3)-2)^2+0.5*((($F16-2007)/3)-2)^3,IF($F16<=2019,(4-(($F16-2007)/3))^3/6,0))))) -> 0 | S16: =IF($F16<=2010,0,IF($F16<=2013,(($F16-2010)/3)^3/6,IF($F16<=2016,2/3-((($F16-2010)/3)-2)^2-0.5*((($F16-2010)/3)-2)^3,IF($F16<=2019,2/3-((($F16-2010)/3)-2)^2+0.5*((($F16-2010)/3)-2)^3,IF($F16<=2022,(4-(($F16-2010)/3))^3/6,0))))) -> 0 | T16: =IF($F16<=2013,0,IF($F16<=2016,(($F16-2013)/3)^3/6,IF($F16<=2019,2/3-((($F16-2013)/3)-2)^2-0.5*((($F16-2013)/3)-2)^3,IF($F16<=2022,2/3-((($F16-2013)/3)-2)^2+0.5*((($F16-2013)/3)-2)^3,IF($F16<=2025,(4-(($F16-2013)/3))^3/6,0))))) -> 0 | U16: =IF($F16<=2016,0,IF($F16<=2019,(($F16-2016)/3)^3/6,IF($F16<=2022,2/3-((($F16-2016)/3)-2)^2-0.5*((($F16-2016)/3)-2)^3,IF($F16<=2025,2/3-((($F16-2016)/3)-2)^2+0.5*((($F16-2016)/3)-2)^3,IF($F16<=2028,(4-(($F16-2016)/3))^3/6,0))))) -> 0
A17: 2016 | B17: =2*B16-B15 -> -4.7482279 | C17: =B17-B16 -> -0.10737838 | D17: =C17-C16 -> 0 | F17: 2005 | H17: =SUMPRODUCT(K17:U17,$K$5:$U$5) -> -4.139663 | I17: =EXP(H17) -> 0.015928219 | J17: Projected | K17: =IF($F17<=1986,0,IF($F17<=1989,(($F17-1986)/3)^3/6,IF($F17<=1992,2/3-((($F17-1986)/3)-2)^2-0.5*((($F17-1986)/3)-2)^3,IF($F17<=1995,2/3-((($F17-1986)/3)-2)^2+0.5*((($F17-1986)/3)-2)^3,IF($F17<=1998,(4-(($F17-1986)/3))^3/6,0))))) -> 0 | L17: =IF($F17<=1989,0,IF($F17<=1992,(($F17-1989)/3)^3/6,IF($F17<=1995,2/3-((($F17-1989)/3)-2)^2-0.5*((($F17-1989)/3)-2)^3,IF($F17<=1998,2/3-((($F17-1989)/3)-2)^2+0.5*((($F17-1989)/3)-2)^3,IF($F17<=2001,(4-(($F17-1989)/3))^3/6,0))))) -> 0 | M17: =IF($F17<=1992,0,IF($F17<=1995,(($F17-1992)/3)^3/6,IF($F17<=1998,2/3-((($F17-1992)/3)-2)^2-0.5*((($F17-1992)/3)-2)^3,IF($F17<=2001,2/3-((($F17-1992)/3)-2)^2+0.5*((($F17-1992)/3)-2)^3,IF($F17<=2004,(4-(($F17-1992)/3))^3/6,0))))) -> 0 | N17: =IF($F17<=1995,0,IF($F17<=1998,(($F17-1995)/3)^3/6,IF($F17<=2001,2/3-((($F17-1995)/3)-2)^2-0.5*((($F17-1995)/3)-2)^3,IF($F17<=2004,2/3-((($F17-1995)/3)-2)^2+0.5*((($F17-1995)/3)-2)^3,IF($F17<=2007,(4-(($F17-1995)/3))^3/6,0))))) -> 0.049382716 | O17: =IF($F17<=1998,0,IF($F17<=2001,(($F17-1998)/3)^3/6,IF($F17<=2004,2/3-((($F17-1998)/3)-2)^2-0.5*((($F17-1998)/3)-2)^3,IF($F17<=2007,2/3-((($F17-1998)/3)-2)^2+0.5*((($F17-1998)/3)-2)^3,IF($F17<=2010,(4-(($F17-1998)/3))^3/6,0))))) -> 0.57407407 | P17: =IF($F17<=2001,0,IF($F17<=2004,(($F17-2001)/3)^3/6,IF($F17<=2007,2/3-((($F17-2001)/3)-2)^2-0.5*((($F17-2001)/3)-2)^3,IF($F17<=2010,2/3-((($F17-2001)/3)-2)^2+0.5*((($F17-2001)/3)-2)^3,IF($F17<=2013,(4-(($F17-2001)/3))^3/6,0))))) -> 0.37037037 | Q17: =IF($F17<=2004,0,IF($F17<=2007,(($F17-2004)/3)^3/6,IF($F17<=2010,2/3-((($F17-2004)/3)-2)^2-0.5*((($F17-2004)/3)-2)^3,IF($F17<=2013,2/3-((($F17-2004)/3)-2)^2+0.5*((($F17-2004)/3)-2)^3,IF($F17<=2016,(4-(($F17-2004)/3))^3/6,0))))) -> 0.0061728395 | R17: =IF($F17<=2007,0,IF($F17<=2010,(($F17-2007)/3)^3/6,IF($F17<=2013,2/3-((($F17-2007)/3)-2)^2-0.5*((($F17-2007)/3)-2)^3,IF($F17<=2016,2/3-((($F17-2007)/3)-2)^2+0.5*((($F17-2007)/3)-2)^3,IF($F17<=2019,(4-(($F17-2007)/3))^3/6,0))))) -> 0 | S17: =IF($F17<=2010,0,IF($F17<=2013,(($F17-2010)/3)^3/6,IF($F17<=2016,2/3-((($F17-2010)/3)-2)^2-0.5*((($F17-2010)/3)-2)^3,IF($F17<=2019,2/3-((($F17-2010)/3)-2)^2+0.5*((($F17-2010)/3)-2)^3,IF($F17<=2022,(4-(($F17-2010)/3))^3/6,0))))) -> 0 | T17: =IF($F17<=2013,0,IF($F17<=2016,(($F17-2013)/3)^3/6,IF($F17<=2019,2/3-((($F17-2013)/3)-2)^2-0.5*((($F17-2013)/3)-2)^3,IF($F17<=2022,2/3-((($F17-2013)/3)-2)^2+0.5*((($F17-2013)/3)-2)^3,IF($F17<=2025,(4-(($F17-2013)/3))^3/6,0))))) -> 0 | U17: =IF($F17<=2016,0,IF($F17<=2019,(($F17-2016)/3)^3/6,IF($F17<=2022,2/3-((($F17-2016)/3)-2)^2-0.5*((($F17-2016)/3)-2)^3,IF($F17<=2025,2/3-((($F17-2016)/3)-2)^2+0.5*((($F17-2016)/3)-2)^3,IF($F17<=2028,(4-(($F17-2016)/3))^3/6,0))))) -> 0
F18: 2006 | H18: =SUMPRODUCT(K18:U18,$K$5:$U$5) -> -4.1755322 | I18: =EXP(H18) -> 0.01536701 | J18: Projected | K18: =IF($F18<=1986,0,IF($F18<=1989,(($F18-1986)/3)^3/6,IF($F18<=1992,2/3-((($F18-1986)/3)-2)^2-0.5*((($F18-1986)/3)-2)^3,IF($F18<=1995,2/3-((($F18-1986)/3)-2)^2+0.5*((($F18-1986)/3)-2)^3,IF($F18<=1998,(4-(($F18-1986)/3))^3/6,0))))) -> 0 | L18: =IF($F18<=1989,0,IF($F18<=1992,(($F18-1989)/3)^3/6,IF($F18<=1995,2/3-((($F18-1989)/3)-2)^2-0.5*((($F18-1989)/3)-2)^3,IF($F18<=1998,2/3-((($F18-1989)/3)-2)^2+0.5*((($F18-1989)/3)-2)^3,IF($F18<=2001,(4-(($F18-1989)/3))^3/6,0))))) -> 0 | M18: =IF($F18<=1992,0,IF($F18<=1995,(($F18-1992)/3)^3/6,IF($F18<=1998,2/3-((($F18-1992)/3)-2)^2-0.5*((($F18-1992)/3)-2)^3,IF($F18<=2001,2/3-((($F18-1992)/3)-2)^2+0.5*((($F18-1992)/3)-2)^3,IF($F18<=2004,(4-(($F18-1992)/3))^3/6,0))))) -> 0 | N18: =IF($F18<=1995,0,IF($F18<=1998,(($F18-1995)/3)^3/6,IF($F18<=2001,2/3-((($F18-1995)/3)-2)^2-0.5*((($F18-1995)/3)-2)^3,IF($F18<=2004,2/3-((($F18-1995)/3)-2)^2+0.5*((($F18-1995)/3)-2)^3,IF($F18<=2007,(4-(($F18-1995)/3))^3/6,0))))) -> 0.0061728395 | O18: =IF($F18<=1998,0,IF($F18<=2001,(($F18-1998)/3)^3/6,IF($F18<=2004,2/3-((($F18-1998)/3)-2)^2-0.5*((($F18-1998)/3)-2)^3,IF($F18<=2007,2/3-((($F18-1998)/3)-2)^2+0.5*((($F18-1998)/3)-2)^3,IF($F18<=2010,(4-(($F18-1998)/3))^3/6,0))))) -> 0.37037037 | P18: =IF($F18<=2001,0,IF($F18<=2004,(($F18-2001)/3)^3/6,IF($F18<=2007,2/3-((($F18-2001)/3)-2)^2-0.5*((($F18-2001)/3)-2)^3,IF($F18<=2010,2/3-((($F18-2001)/3)-2)^2+0.5*((($F18-2001)/3)-2)^3,IF($F18<=2013,(4-(($F18-2001)/3))^3/6,0))))) -> 0.57407407 | Q18: =IF($F18<=2004,0,IF($F18<=2007,(($F18-2004)/3)^3/6,IF($F18<=2010,2/3-((($F18-2004)/3)-2)^2-0.5*((($F18-2004)/3)-2)^3,IF($F18<=2013,2/3-((($F18-2004)/3)-2)^2+0.5*((($F18-2004)/3)-2)^3,IF($F18<=2016,(4-(($F18-2004)/3))^3/6,0))))) -> 0.049382716 | R18: =IF($F18<=2007,0,IF($F18<=2010,(($F18-2007)/3)^3/6,IF($F18<=2013,2/3-((($F18-2007)/3)-2)^2-0.5*((($F18-2007)/3)-2)^3,IF($F18<=2016,2/3-((($F18-2007)/3)-2)^2+0.5*((($F18-2007)/3)-2)^3,IF($F18<=2019,(4-(($F18-2007)/3))^3/6,0))))) -> 0 | S18: =IF($F18<=2010,0,IF($F18<=2013,(($F18-2010)/3)^3/6,IF($F18<=2016,2/3-((($F18-2010)/3)-2)^2-0.5*((($F18-2010)/3)-2)^3,IF($F18<=2019,2/3-((($F18-2010)/3)-2)^2+0.5*((($F18-2010)/3)-2)^3,IF($F18<=2022,(4-(($F18-2010)/3))^3/6,0))))) -> 0 | T18: =IF($F18<=2013,0,IF($F18<=2016,(($F18-2013)/3)^3/6,IF($F18<=2019,2/3-((($F18-2013)/3)-2)^2-0.5*((($F18-2013)/3)-2)^3,IF($F18<=2022,2/3-((($F18-2013)/3)-2)^2+0.5*((($F18-2013)/3)-2)^3,IF($F18<=2025,(4-(($F18-2013)/3))^3/6,0))))) -> 0 | U18: =IF($F18<=2016,0,IF($F18<=2019,(($F18-2016)/3)^3/6,IF($F18<=2022,2/3-((($F18-2016)/3)-2)^2-0.5*((($F18-2016)/3)-2)^3,IF($F18<=2025,2/3-((($F18-2016)/3)-2)^2+0.5*((($F18-2016)/3)-2)^3,IF($F18<=2028,(4-(($F18-2016)/3))^3/6,0))))) -> 0
F19: 2007 | H19: =SUMPRODUCT(K19:U19,$K$5:$U$5) -> -4.211336 | I19: =EXP(H19) -> 0.014826547 | J19: Projected | K19: =IF($F19<=1986,0,IF($F19<=1989,(($F19-1986)/3)^3/6,IF($F19<=1992,2/3-((($F19-1986)/3)-2)^2-0.5*((($F19-1986)/3)-2)^3,IF($F19<=1995,2/3-((($F19-1986)/3)-2)^2+0.5*((($F19-1986)/3)-2)^3,IF($F19<=1998,(4-(($F19-1986)/3))^3/6,0))))) -> 0 | L19: =IF($F19<=1989,0,IF($F19<=1992,(($F19-1989)/3)^3/6,IF($F19<=1995,2/3-((($F19-1989)/3)-2)^2-0.5*((($F19-1989)/3)-2)^3,IF($F19<=1998,2/3-((($F19-1989)/3)-2)^2+0.5*((($F19-1989)/3)-2)^3,IF($F19<=2001,(4-(($F19-1989)/3))^3/6,0))))) -> 0 | M19: =IF($F19<=1992,0,IF($F19<=1995,(($F19-1992)/3)^3/6,IF($F19<=1998,2/3-((($F19-1992)/3)-2)^2-0.5*((($F19-1992)/3)-2)^3,IF($F19<=2001,2/3-((($F19-1992)/3)-2)^2+0.5*((($F19-1992)/3)-2)^3,IF($F19<=2004,(4-(($F19-1992)/3))^3/6,0))))) -> 0 | N19: =IF($F19<=1995,0,IF($F19<=1998,(($F19-1995)/3)^3/6,IF($F19<=2001,2/3-((($F19-1995)/3)-2)^2-0.5*((($F19-1995)/3)-2)^3,IF($F19<=2004,2/3-((($F19-1995)/3)-2)^2+0.5*((($F19-1995)/3)-2)^3,IF($F19<=2007,(4-(($F19-1995)/3))^3/6,0))))) -> 0 | O19: =IF($F19<=1998,0,IF($F19<=2001,(($F19-1998)/3)^3/6,IF($F19<=2004,2/3-((($F19-1998)/3)-2)^2-0.5*((($F19-1998)/3)-2)^3,IF($F19<=2007,2/3-((($F19-1998)/3)-2)^2+0.5*((($F19-1998)/3)-2)^3,IF($F19<=2010,(4-(($F19-1998)/3))^3/6,0))))) -> 0.16666667 | P19: =IF($F19<=2001,0,IF($F19<=2004,(($F19-2001)/3)^3/6,IF($F19<=2007,2/3-((($F19-2001)/3)-2)^2-0.5*((($F19-2001)/3)-2)^3,IF($F19<=2010,2/3-((($F19-2001)/3)-2)^2+0.5*((($F19-2001)/3)-2)^3,IF($F19<=2013,(4-(($F19-2001)/3))^3/6,0))))) -> 0.66666667 | Q19: =IF($F19<=2004,0,IF($F19<=2007,(($F19-2004)/3)^3/6,IF($F19<=2010,2/3-((($F19-2004)/3)-2)^2-0.5*((($F19-2004)/3)-2)^3,IF($F19<=2013,2/3-((($F19-2004)/3)-2)^2+0.5*((($F19-2004)/3)-2)^3,IF($F19<=2016,(4-(($F19-2004)/3))^3/6,0))))) -> 0.16666667 | R19: =IF($F19<=2007,0,IF($F19<=2010,(($F19-2007)/3)^3/6,IF($F19<=2013,2/3-((($F19-2007)/3)-2)^2-0.5*((($F19-2007)/3)-2)^3,IF($F19<=2016,2/3-((($F19-2007)/3)-2)^2+0.5*((($F19-2007)/3)-2)^3,IF($F19<=2019,(4-(($F19-2007)/3))^3/6,0))))) -> 0 | S19: =IF($F19<=2010,0,IF($F19<=2013,(($F19-2010)/3)^3/6,IF($F19<=2016,2/3-((($F19-2010)/3)-2)^2-0.5*((($F19-2010)/3)-2)^3,IF($F19<=2019,2/3-((($F19-2010)/3)-2)^2+0.5*((($F19-2010)/3)-2)^3,IF($F19<=2022,(4-(($F19-2010)/3))^3/6,0))))) -> 0 | T19: =IF($F19<=2013,0,IF($F19<=2016,(($F19-2013)/3)^3/6,IF($F19<=2019,2/3-((($F19-2013)/3)-2)^2-0.5*((($F19-2013)/3)-2)^3,IF($F19<=2022,2/3-((($F19-2013)/3)-2)^2+0.5*((($F19-2013)/3)-2)^3,IF($F19<=2025,(4-(($F19-2013)/3))^3/6,0))))) -> 0 | U19: =IF($F19<=2016,0,IF($F19<=2019,(($F19-2016)/3)^3/6,IF($F19<=2022,2/3-((($F19-2016)/3)-2)^2-0.5*((($F19-2016)/3)-2)^3,IF($F19<=2025,2/3-((($F19-2016)/3)-2)^2+0.5*((($F19-2016)/3)-2)^3,IF($F19<=2028,(4-(($F19-2016)/3))^3/6,0))))) -> 0
F20: 2008 | H20: =SUMPRODUCT(K20:U20,$K$5:$U$5) -> -4.2471288 | I20: =EXP(H20) -> 0.014305249 | J20: Projected | K20: =IF($F20<=1986,0,IF($F20<=1989,(($F20-1986)/3)^3/6,IF($F20<=1992,2/3-((($F20-1986)/3)-2)^2-0.5*((($F20-1986)/3)-2)^3,IF($F20<=1995,2/3-((($F20-1986)/3)-2)^2+0.5*((($F20-1986)/3)-2)^3,IF($F20<=1998,(4-(($F20-1986)/3))^3/6,0))))) -> 0 | L20: =IF($F20<=1989,0,IF($F20<=1992,(($F20-1989)/3)^3/6,IF($F20<=1995,2/3-((($F20-1989)/3)-2)^2-0.5*((($F20-1989)/3)-2)^3,IF($F20<=1998,2/3-((($F20-1989)/3)-2)^2+0.5*((($F20-1989)/3)-2)^3,IF($F20<=2001,(4-(($F20-1989)/3))^3/6,0))))) -> 0 | M20: =IF($F20<=1992,0,IF($F20<=1995,(($F20-1992)/3)^3/6,IF($F20<=1998,2/3-((($F20-1992)/3)-2)^2-0.5*((($F20-1992)/3)-2)^3,IF($F20<=2001,2/3-((($F20-1992)/3)-2)^2+0.5*((($F20-1992)/3)-2)^3,IF($F20<=2004,(4-(($F20-1992)/3))^3/6,0))))) -> 0 | N20: =IF($F20<=1995,0,IF($F20<=1998,(($F20-1995)/3)^3/6,IF($F20<=2001,2/3-((($F20-1995)/3)-2)^2-0.5*((($F20-1995)/3)-2)^3,IF($F20<=2004,2/3-((($F20-1995)/3)-2)^2+0.5*((($F20-1995)/3)-2)^3,IF($F20<=2007,(4-(($F20-1995)/3))^3/6,0))))) -> 0 | O20: =IF($F20<=1998,0,IF($F20<=2001,(($F20-1998)/3)^3/6,IF($F20<=2004,2/3-((($F20-1998)/3)-2)^2-0.5*((($F20-1998)/3)-2)^3,IF($F20<=2007,2/3-((($F20-1998)/3)-2)^2+0.5*((($F20-1998)/3)-2)^3,IF($F20<=2010,(4-(($F20-1998)/3))^3/6,0))))) -> 0.049382716 | P20: =IF($F20<=2001,0,IF($F20<=2004,(($F20-2001)/3)^3/6,IF($F20<=2007,2/3-((($F20-2001)/3)-2)^2-0.5*((($F20-2001)/3)-2)^3,IF($F20<=2010,2/3-((($F20-2001)/3)-2)^2+0.5*((($F20-2001)/3)-2)^3,IF($F20<=2013,(4-(($F20-2001)/3))^3/6,0))))) -> 0.57407407 | Q20: =IF($F20<=2004,0,IF($F20<=2007,(($F20-2004)/3)^3/6,IF($F20<=2010,2/3-((($F20-2004)/3)-2)^2-0.5*((($F20-2004)/3)-2)^3,IF($F20<=2013,2/3-((($F20-2004)/3)-2)^2+0.5*((($F20-2004)/3)-2)^3,IF($F20<=2016,(4-(($F20-2004)/3))^3/6,0))))) -> 0.37037037 | R20: =IF($F20<=2007,0,IF($F20<=2010,(($F20-2007)/3)^3/6,IF($F20<=2013,2/3-((($F20-2007)/3)-2)^2-0.5*((($F20-2007)/3)-2)^3,IF($F20<=2016,2/3-((($F20-2007)/3)-2)^2+0.5*((($F20-2007)/3)-2)^3,IF($F20<=2019,(4-(($F20-2007)/3))^3/6,0))))) -> 0.0061728395 | S20: =IF($F20<=2010,0,IF($F20<=2013,(($F20-2010)/3)^3/6,IF($F20<=2016,2/3-((($F20-2010)/3)-2)^2-0.5*((($F20-2010)/3)-2)^3,IF($F20<=2019,2/3-((($F20-2010)/3)-2)^2+0.5*((($F20-2010)/3)-2)^3,IF($F20<=2022,(4-(($F20-2010)/3))^3/6,0))))) -> 0 | T20: =IF($F20<=2013,0,IF($F20<=2016,(($F20-2013)/3)^3/6,IF($F20<=2019,2/3-((($F20-2013)/3)-2)^2-0.5*((($F20-2013)/3)-2)^3,IF($F20<=2022,2/3-((($F20-2013)/3)-2)^2+0.5*((($F20-2013)/3)-2)^3,IF($F20<=2025,(4-(($F20-2013)/3))^3/6,0))))) -> 0 | U20: =IF($F20<=2016,0,IF($F20<=2019,(($F20-2016)/3)^3/6,IF($F20<=2022,2/3-((($F20-2016)/3)-2)^2-0.5*((($F20-2016)/3)-2)^3,IF($F20<=2025,2/3-((($F20-2016)/3)-2)^2+0.5*((($F20-2016)/3)-2)^3,IF($F20<=2028,(4-(($F20-2016)/3))^3/6,0))))) -> 0
F21: 2009 | H21: =SUMPRODUCT(K21:U21,$K$5:$U$5) -> -4.2829216 | I21: =EXP(H21) -> 0.013802279 | J21: Projected | K21: =IF($F21<=1986,0,IF($F21<=1989,(($F21-1986)/3)^3/6,IF($F21<=1992,2/3-((($F21-1986)/3)-2)^2-0.5*((($F21-1986)/3)-2)^3,IF($F21<=1995,2/3-((($F21-1986)/3)-2)^2+0.5*((($F21-1986)/3)-2)^3,IF($F21<=1998,(4-(($F21-1986)/3))^3/6,0))))) -> 0 | L21: =IF($F21<=1989,0,IF($F21<=1992,(($F21-1989)/3)^3/6,IF($F21<=1995,2/3-((($F21-1989)/3)-2)^2-0.5*((($F21-1989)/3)-2)^3,IF($F21<=1998,2/3-((($F21-1989)/3)-2)^2+0.5*((($F21-1989)/3)-2)^3,IF($F21<=2001,(4-(($F21-1989)/3))^3/6,0))))) -> 0 | M21: =IF($F21<=1992,0,IF($F21<=1995,(($F21-1992)/3)^3/6,IF($F21<=1998,2/3-((($F21-1992)/3)-2)^2-0.5*((($F21-1992)/3)-2)^3,IF($F21<=2001,2/3-((($F21-1992)/3)-2)^2+0.5*((($F21-1992)/3)-2)^3,IF($F21<=2004,(4-(($F21-1992)/3))^3/6,0))))) -> 0 | N21: =IF($F21<=1995,0,IF($F21<=1998,(($F21-1995)/3)^3/6,IF($F21<=2001,2/3-((($F21-1995)/3)-2)^2-0.5*((($F21-1995)/3)-2)^3,IF($F21<=2004,2/3-((($F21-1995)/3)-2)^2+0.5*((($F21-1995)/3)-2)^3,IF($F21<=2007,(4-(($F21-1995)/3))^3/6,0))))) -> 0 | O21: =IF($F21<=1998,0,IF($F21<=2001,(($F21-1998)/3)^3/6,IF($F21<=2004,2/3-((($F21-1998)/3)-2)^2-0.5*((($F21-1998)/3)-2)^3,IF($F21<=2007,2/3-((($F21-1998)/3)-2)^2+0.5*((($F21-1998)/3)-2)^3,IF($F21<=2010,(4-(($F21-1998)/3))^3/6,0))))) -> 0.0061728395 | P21: =IF($F21<=2001,0,IF($F21<=2004,(($F21-2001)/3)^3/6,IF($F21<=2007,2/3-((($F21-2001)/3)-2)^2-0.5*((($F21-2001)/3)-2)^3,IF($F21<=2010,2/3-((($F21-2001)/3)-2)^2+0.5*((($F21-2001)/3)-2)^3,IF($F21<=2013,(4-(($F21-2001)/3))^3/6,0))))) -> 0.37037037 | Q21: =IF($F21<=2004,0,IF($F21<=2007,(($F21-2004)/3)^3/6,IF($F21<=2010,2/3-((($F21-2004)/3)-2)^2-0.5*((($F21-2004)/3)-2)^3,IF($F21<=2013,2/3-((($F21-2004)/3)-2)^2+0.5*((($F21-2004)/3)-2)^3,IF($F21<=2016,(4-(($F21-2004)/3))^3/6,0))))) -> 0.57407407 | R21: =IF($F21<=2007,0,IF($F21<=2010,(($F21-2007)/3)^3/6,IF($F21<=2013,2/3-((($F21-2007)/3)-2)^2-0.5*((($F21-2007)/3)-2)^3,IF($F21<=2016,2/3-((($F21-2007)/3)-2)^2+0.5*((($F21-2007)/3)-2)^3,IF($F21<=2019,(4-(($F21-2007)/3))^3/6,0))))) -> 0.049382716 | S21: =IF($F21<=2010,0,IF($F21<=2013,(($F21-2010)/3)^3/6,IF($F21<=2016,2/3-((($F21-2010)/3)-2)^2-0.5*((($F21-2010)/3)-2)^3,IF($F21<=2019,2/3-((($F21-2010)/3)-2)^2+0.5*((($F21-2010)/3)-2)^3,IF($F21<=2022,(4-(($F21-2010)/3))^3/6,0))))) -> 0 | T21: =IF($F21<=2013,0,IF($F21<=2016,(($F21-2013)/3)^3/6,IF($F21<=2019,2/3-((($F21-2013)/3)-2)^2-0.5*((($F21-2013)/3)-2)^3,IF($F21<=2022,2/3-((($F21-2013)/3)-2)^2+0.5*((($F21-2013)/3)-2)^3,IF($F21<=2025,(4-(($F21-2013)/3))^3/6,0))))) -> 0 | U21: =IF($F21<=2016,0,IF($F21<=2019,(($F21-2016)/3)^3/6,IF($F21<=2022,2/3-((($F21-2016)/3)-2)^2-0.5*((($F21-2016)/3)-2)^3,IF($F21<=2025,2/3-((($F21-2016)/3)-2)^2+0.5*((($F21-2016)/3)-2)^3,IF($F21<=2028,(4-(($F21-2016)/3))^3/6,0))))) -> 0
F22: 2010 | H22: =SUMPRODUCT(K22:U22,$K$5:$U$5) -> -4.3187144 | I22: =EXP(H22) -> 0.013316994 | J22: Projected | K22: =IF($F22<=1986,0,IF($F22<=1989,(($F22-1986)/3)^3/6,IF($F22<=1992,2/3-((($F22-1986)/3)-2)^2-0.5*((($F22-1986)/3)-2)^3,IF($F22<=1995,2/3-((($F22-1986)/3)-2)^2+0.5*((($F22-1986)/3)-2)^3,IF($F22<=1998,(4-(($F22-1986)/3))^3/6,0))))) -> 0 | L22: =IF($F22<=1989,0,IF($F22<=1992,(($F22-1989)/3)^3/6,IF($F22<=1995,2/3-((($F22-1989)/3)-2)^2-0.5*((($F22-1989)/3)-2)^3,IF($F22<=1998,2/3-((($F22-1989)/3)-2)^2+0.5*((($F22-1989)/3)-2)^3,IF($F22<=2001,(4-(($F22-1989)/3))^3/6,0))))) -> 0 | M22: =IF($F22<=1992,0,IF($F22<=1995,(($F22-1992)/3)^3/6,IF($F22<=1998,2/3-((($F22-1992)/3)-2)^2-0.5*((($F22-1992)/3)-2)^3,IF($F22<=2001,2/3-((($F22-1992)/3)-2)^2+0.5*((($F22-1992)/3)-2)^3,IF($F22<=2004,(4-(($F22-1992)/3))^3/6,0))))) -> 0 | N22: =IF($F22<=1995,0,IF($F22<=1998,(($F22-1995)/3)^3/6,IF($F22<=2001,2/3-((($F22-1995)/3)-2)^2-0.5*((($F22-1995)/3)-2)^3,IF($F22<=2004,2/3-((($F22-1995)/3)-2)^2+0.5*((($F22-1995)/3)-2)^3,IF($F22<=2007,(4-(($F22-1995)/3))^3/6,0))))) -> 0 | O22: =IF($F22<=1998,0,IF($F22<=2001,(($F22-1998)/3)^3/6,IF($F22<=2004,2/3-((($F22-1998)/3)-2)^2-0.5*((($F22-1998)/3)-2)^3,IF($F22<=2007,2/3-((($F22-1998)/3)-2)^2+0.5*((($F22-1998)/3)-2)^3,IF($F22<=2010,(4-(($F22-1998)/3))^3/6,0))))) -> 0 | P22: =IF($F22<=2001,0,IF($F22<=2004,(($F22-2001)/3)^3/6,IF($F22<=2007,2/3-((($F22-2001)/3)-2)^2-0.5*((($F22-2001)/3)-2)^3,IF($F22<=2010,2/3-((($F22-2001)/3)-2)^2+0.5*((($F22-2001)/3)-2)^3,IF($F22<=2013,(4-(($F22-2001)/3))^3/6,0))))) -> 0.16666667 | Q22: =IF($F22<=2004,0,IF($F22<=2007,(($F22-2004)/3)^3/6,IF($F22<=2010,2/3-((($F22-2004)/3)-2)^2-0.5*((($F22-2004)/3)-2)^3,IF($F22<=2013,2/3-((($F22-2004)/3)-2)^2+0.5*((($F22-2004)/3)-2)^3,IF($F22<=2016,(4-(($F22-2004)/3))^3/6,0))))) -> 0.66666667 | R22: =IF($F22<=2007,0,IF($F22<=2010,(($F22-2007)/3)^3/6,IF($F22<=2013,2/3-((($F22-2007)/3)-2)^2-0.5*((($F22-2007)/3)-2)^3,IF($F22<=2016,2/3-((($F22-2007)/3)-2)^2+0.5*((($F22-2007)/3)-2)^3,IF($F22<=2019,(4-(($F22-2007)/3))^3/6,0))))) -> 0.16666667 | S22: =IF($F22<=2010,0,IF($F22<=2013,(($F22-2010)/3)^3/6,IF($F22<=2016,2/3-((($F22-2010)/3)-2)^2-0.5*((($F22-2010)/3)-2)^3,IF($F22<=2019,2/3-((($F22-2010)/3)-2)^2+0.5*((($F22-2010)/3)-2)^3,IF($F22<=2022,(4-(($F22-2010)/3))^3/6,0))))) -> 0 | T22: =IF($F22<=2013,0,IF($F22<=2016,(($F22-2013)/3)^3/6,IF($F22<=2019,2/3-((($F22-2013)/3)-2)^2-0.5*((($F22-2013)/3)-2)^3,IF($F22<=2022,2/3-((($F22-2013)/3)-2)^2+0.5*((($F22-2013)/3)-2)^3,IF($F22<=2025,(4-(($F22-2013)/3))^3/6,0))))) -> 0 | U22: =IF($F22<=2016,0,IF($F22<=2019,(($F22-2016)/3)^3/6,IF($F22<=2022,2/3-((($F22-2016)/3)-2)^2-0.5*((($F22-2016)/3)-2)^3,IF($F22<=2025,2/3-((($F22-2016)/3)-2)^2+0.5*((($F22-2016)/3)-2)^3,IF($F22<=2028,(4-(($F22-2016)/3))^3/6,0))))) -> 0
F23: 2011 | H23: =SUMPRODUCT(K23:U23,$K$5:$U$5) -> -4.3545071 | I23: =EXP(H23) -> 0.012848771 | J23: Projected | K23: =IF($F23<=1986,0,IF($F23<=1989,(($F23-1986)/3)^3/6,IF($F23<=1992,2/3-((($F23-1986)/3)-2)^2-0.5*((($F23-1986)/3)-2)^3,IF($F23<=1995,2/3-((($F23-1986)/3)-2)^2+0.5*((($F23-1986)/3)-2)^3,IF($F23<=1998,(4-(($F23-1986)/3))^3/6,0))))) -> 0 | L23: =IF($F23<=1989,0,IF($F23<=1992,(($F23-1989)/3)^3/6,IF($F23<=1995,2/3-((($F23-1989)/3)-2)^2-0.5*((($F23-1989)/3)-2)^3,IF($F23<=1998,2/3-((($F23-1989)/3)-2)^2+0.5*((($F23-1989)/3)-2)^3,IF($F23<=2001,(4-(($F23-1989)/3))^3/6,0))))) -> 0 | M23: =IF($F23<=1992,0,IF($F23<=1995,(($F23-1992)/3)^3/6,IF($F23<=1998,2/3-((($F23-1992)/3)-2)^2-0.5*((($F23-1992)/3)-2)^3,IF($F23<=2001,2/3-((($F23-1992)/3)-2)^2+0.5*((($F23-1992)/3)-2)^3,IF($F23<=2004,(4-(($F23-1992)/3))^3/6,0))))) -> 0 | N23: =IF($F23<=1995,0,IF($F23<=1998,(($F23-1995)/3)^3/6,IF($F23<=2001,2/3-((($F23-1995)/3)-2)^2-0.5*((($F23-1995)/3)-2)^3,IF($F23<=2004,2/3-((($F23-1995)/3)-2)^2+0.5*((($F23-1995)/3)-2)^3,IF($F23<=2007,(4-(($F23-1995)/3))^3/6,0))))) -> 0 | O23: =IF($F23<=1998,0,IF($F23<=2001,(($F23-1998)/3)^3/6,IF($F23<=2004,2/3-((($F23-1998)/3)-2)^2-0.5*((($F23-1998)/3)-2)^3,IF($F23<=2007,2/3-((($F23-1998)/3)-2)^2+0.5*((($F23-1998)/3)-2)^3,IF($F23<=2010,(4-(($F23-1998)/3))^3/6,0))))) -> 0 | P23: =IF($F23<=2001,0,IF($F23<=2004,(($F23-2001)/3)^3/6,IF($F23<=2007,2/3-((($F23-2001)/3)-2)^2-0.5*((($F23-2001)/3)-2)^3,IF($F23<=2010,2/3-((($F23-2001)/3)-2)^2+0.5*((($F23-2001)/3)-2)^3,IF($F23<=2013,(4-(($F23-2001)/3))^3/6,0))))) -> 0.049382716 | Q23: =IF($F23<=2004,0,IF($F23<=2007,(($F23-2004)/3)^3/6,IF($F23<=2010,2/3-((($F23-2004)/3)-2)^2-0.5*((($F23-2004)/3)-2)^3,IF($F23<=2013,2/3-((($F23-2004)/3)-2)^2+0.5*((($F23-2004)/3)-2)^3,IF($F23<=2016,(4-(($F23-2004)/3))^3/6,0))))) -> 0.57407407 | R23: =IF($F23<=2007,0,IF($F23<=2010,(($F23-2007)/3)^3/6,IF($F23<=2013,2/3-((($F23-2007)/3)-2)^2-0.5*((($F23-2007)/3)-2)^3,IF($F23<=2016,2/3-((($F23-2007)/3)-2)^2+0.5*((($F23-2007)/3)-2)^3,IF($F23<=2019,(4-(($F23-2007)/3))^3/6,0))))) -> 0.37037037 | S23: =IF($F23<=2010,0,IF($F23<=2013,(($F23-2010)/3)^3/6,IF($F23<=2016,2/3-((($F23-2010)/3)-2)^2-0.5*((($F23-2010)/3)-2)^3,IF($F23<=2019,2/3-((($F23-2010)/3)-2)^2+0.5*((($F23-2010)/3)-2)^3,IF($F23<=2022,(4-(($F23-2010)/3))^3/6,0))))) -> 0.0061728395 | T23: =IF($F23<=2013,0,IF($F23<=2016,(($F23-2013)/3)^3/6,IF($F23<=2019,2/3-((($F23-2013)/3)-2)^2-0.5*((($F23-2013)/3)-2)^3,IF($F23<=2022,2/3-((($F23-2013)/3)-2)^2+0.5*((($F23-2013)/3)-2)^3,IF($F23<=2025,(4-(($F23-2013)/3))^3/6,0))))) -> 0 | U23: =IF($F23<=2016,0,IF($F23<=2019,(($F23-2016)/3)^3/6,IF($F23<=2022,2/3-((($F23-2016)/3)-2)^2-0.5*((($F23-2016)/3)-2)^3,IF($F23<=2025,2/3-((($F23-2016)/3)-2)^2+0.5*((($F23-2016)/3)-2)^3,IF($F23<=2028,(4-(($F23-2016)/3))^3/6,0))))) -> 0
F24: 2012 | H24: =SUMPRODUCT(K24:U24,$K$5:$U$5) -> -4.3902999 | I24: =EXP(H24) -> 0.01239701 | J24: Projected | K24: =IF($F24<=1986,0,IF($F24<=1989,(($F24-1986)/3)^3/6,IF($F24<=1992,2/3-((($F24-1986)/3)-2)^2-0.5*((($F24-1986)/3)-2)^3,IF($F24<=1995,2/3-((($F24-1986)/3)-2)^2+0.5*((($F24-1986)/3)-2)^3,IF($F24<=1998,(4-(($F24-1986)/3))^3/6,0))))) -> 0 | L24: =IF($F24<=1989,0,IF($F24<=1992,(($F24-1989)/3)^3/6,IF($F24<=1995,2/3-((($F24-1989)/3)-2)^2-0.5*((($F24-1989)/3)-2)^3,IF($F24<=1998,2/3-((($F24-1989)/3)-2)^2+0.5*((($F24-1989)/3)-2)^3,IF($F24<=2001,(4-(($F24-1989)/3))^3/6,0))))) -> 0 | M24: =IF($F24<=1992,0,IF($F24<=1995,(($F24-1992)/3)^3/6,IF($F24<=1998,2/3-((($F24-1992)/3)-2)^2-0.5*((($F24-1992)/3)-2)^3,IF($F24<=2001,2/3-((($F24-1992)/3)-2)^2+0.5*((($F24-1992)/3)-2)^3,IF($F24<=2004,(4-(($F24-1992)/3))^3/6,0))))) -> 0 | N24: =IF($F24<=1995,0,IF($F24<=1998,(($F24-1995)/3)^3/6,IF($F24<=2001,2/3-((($F24-1995)/3)-2)^2-0.5*((($F24-1995)/3)-2)^3,IF($F24<=2004,2/3-((($F24-1995)/3)-2)^2+0.5*((($F24-1995)/3)-2)^3,IF($F24<=2007,(4-(($F24-1995)/3))^3/6,0))))) -> 0 | O24: =IF($F24<=1998,0,IF($F24<=2001,(($F24-1998)/3)^3/6,IF($F24<=2004,2/3-((($F24-1998)/3)-2)^2-0.5*((($F24-1998)/3)-2)^3,IF($F24<=2007,2/3-((($F24-1998)/3)-2)^2+0.5*((($F24-1998)/3)-2)^3,IF($F24<=2010,(4-(($F24-1998)/3))^3/6,0))))) -> 0 | P24: =IF($F24<=2001,0,IF($F24<=2004,(($F24-2001)/3)^3/6,IF($F24<=2007,2/3-((($F24-2001)/3)-2)^2-0.5*((($F24-2001)/3)-2)^3,IF($F24<=2010,2/3-((($F24-2001)/3)-2)^2+0.5*((($F24-2001)/3)-2)^3,IF($F24<=2013,(4-(($F24-2001)/3))^3/6,0))))) -> 0.0061728395 | Q24: =IF($F24<=2004,0,IF($F24<=2007,(($F24-2004)/3)^3/6,IF($F24<=2010,2/3-((($F24-2004)/3)-2)^2-0.5*((($F24-2004)/3)-2)^3,IF($F24<=2013,2/3-((($F24-2004)/3)-2)^2+0.5*((($F24-2004)/3)-2)^3,IF($F24<=2016,(4-(($F24-2004)/3))^3/6,0))))) -> 0.37037037 | R24: =IF($F24<=2007,0,IF($F24<=2010,(($F24-2007)/3)^3/6,IF($F24<=2013,2/3-((($F24-2007)/3)-2)^2-0.5*((($F24-2007)/3)-2)^3,IF($F24<=2016,2/3-((($F24-2007)/3)-2)^2+0.5*((($F24-2007)/3)-2)^3,IF($F24<=2019,(4-(($F24-2007)/3))^3/6,0))))) -> 0.57407407 | S24: =IF($F24<=2010,0,IF($F24<=2013,(($F24-2010)/3)^3/6,IF($F24<=2016,2/3-((($F24-2010)/3)-2)^2-0.5*((($F24-2010)/3)-2)^3,IF($F24<=2019,2/3-((($F24-2010)/3)-2)^2+0.5*((($F24-2010)/3)-2)^3,IF($F24<=2022,(4-(($F24-2010)/3))^3/6,0))))) -> 0.049382716 | T24: =IF($F24<=2013,0,IF($F24<=2016,(($F24-2013)/3)^3/6,IF($F24<=2019,2/3-((($F24-2013)/3)-2)^2-0.5*((($F24-2013)/3)-2)^3,IF($F24<=2022,2/3-((($F24-2013)/3)-2)^2+0.5*((($F24-2013)/3)-2)^3,IF($F24<=2025,(4-(($F24-2013)/3))^3/6,0))))) -> 0 | U24: =IF($F24<=2016,0,IF($F24<=2019,(($F24-2016)/3)^3/6,IF($F24<=2022,2/3-((($F24-2016)/3)-2)^2-0.5*((($F24-2016)/3)-2)^3,IF($F24<=2025,2/3-((($F24-2016)/3)-2)^2+0.5*((($F24-2016)/3)-2)^3,IF($F24<=2028,(4-(($F24-2016)/3))^3/6,0))))) -> 0
F25: 2013 | H25: =SUMPRODUCT(K25:U25,$K$5:$U$5) -> -4.4260927 | I25: =EXP(H25) -> 0.011961134 | J25: Projected | K25: =IF($F25<=1986,0,IF($F25<=1989,(($F25-1986)/3)^3/6,IF($F25<=1992,2/3-((($F25-1986)/3)-2)^2-0.5*((($F25-1986)/3)-2)^3,IF($F25<=1995,2/3-((($F25-1986)/3)-2)^2+0.5*((($F25-1986)/3)-2)^3,IF($F25<=1998,(4-(($F25-1986)/3))^3/6,0))))) -> 0 | L25: =IF($F25<=1989,0,IF($F25<=1992,(($F25-1989)/3)^3/6,IF($F25<=1995,2/3-((($F25-1989)/3)-2)^2-0.5*((($F25-1989)/3)-2)^3,IF($F25<=1998,2/3-((($F25-1989)/3)-2)^2+0.5*((($F25-1989)/3)-2)^3,IF($F25<=2001,(4-(($F25-1989)/3))^3/6,0))))) -> 0 | M25: =IF($F25<=1992,0,IF($F25<=1995,(($F25-1992)/3)^3/6,IF($F25<=1998,2/3-((($F25-1992)/3)-2)^2-0.5*((($F25-1992)/3)-2)^3,IF($F25<=2001,2/3-((($F25-1992)/3)-2)^2+0.5*((($F25-1992)/3)-2)^3,IF($F25<=2004,(4-(($F25-1992)/3))^3/6,0))))) -> 0 | N25: =IF($F25<=1995,0,IF($F25<=1998,(($F25-1995)/3)^3/6,IF($F25<=2001,2/3-((($F25-1995)/3)-2)^2-0.5*((($F25-1995)/3)-2)^3,IF($F25<=2004,2/3-((($F25-1995)/3)-2)^2+0.5*((($F25-1995)/3)-2)^3,IF($F25<=2007,(4-(($F25-1995)/3))^3/6,0))))) -> 0 | O25: =IF($F25<=1998,0,IF($F25<=2001,(($F25-1998)/3)^3/6,IF($F25<=2004,2/3-((($F25-1998)/3)-2)^2-0.5*((($F25-1998)/3)-2)^3,IF($F25<=2007,2/3-((($F25-1998)/3)-2)^2+0.5*((($F25-1998)/3)-2)^3,IF($F25<=2010,(4-(($F25-1998)/3))^3/6,0))))) -> 0 | P25: =IF($F25<=2001,0,IF($F25<=2004,(($F25-2001)/3)^3/6,IF($F25<=2007,2/3-((($F25-2001)/3)-2)^2-0.5*((($F25-2001)/3)-2)^3,IF($F25<=2010,2/3-((($F25-2001)/3)-2)^2+0.5*((($F25-2001)/3)-2)^3,IF($F25<=2013,(4-(($F25-2001)/3))^3/6,0))))) -> 0 | Q25: =IF($F25<=2004,0,IF($F25<=2007,(($F25-2004)/3)^3/6,IF($F25<=2010,2/3-((($F25-2004)/3)-2)^2-0.5*((($F25-2004)/3)-2)^3,IF($F25<=2013,2/3-((($F25-2004)/3)-2)^2+0.5*((($F25-2004)/3)-2)^3,IF($F25<=2016,(4-(($F25-2004)/3))^3/6,0))))) -> 0.16666667 | R25: =IF($F25<=2007,0,IF($F25<=2010,(($F25-2007)/3)^3/6,IF($F25<=2013,2/3-((($F25-2007)/3)-2)^2-0.5*((($F25-2007)/3)-2)^3,IF($F25<=2016,2/3-((($F25-2007)/3)-2)^2+0.5*((($F25-2007)/3)-2)^3,IF($F25<=2019,(4-(($F25-2007)/3))^3/6,0))))) -> 0.66666667 | S25: =IF($F25<=2010,0,IF($F25<=2013,(($F25-2010)/3)^3/6,IF($F25<=2016,2/3-((($F25-2010)/3)-2)^2-0.5*((($F25-2010)/3)-2)^3,IF($F25<=2019,2/3-((($F25-2010)/3)-2)^2+0.5*((($F25-2010)/3)-2)^3,IF($F25<=2022,(4-(($F25-2010)/3))^3/6,0))))) -> 0.16666667 | T25: =IF($F25<=2013,0,IF($F25<=2016,(($F25-2013)/3)^3/6,IF($F25<=2019,2/3-((($F25-2013)/3)-2)^2-0.5*((($F25-2013)/3)-2)^3,IF($F25<=2022,2/3-((($F25-2013)/3)-2)^2+0.5*((($F25-2013)/3)-2)^3,IF($F25<=2025,(4-(($F25-2013)/3))^3/6,0))))) -> 0 | U25: =IF($F25<=2016,0,IF($F25<=2019,(($F25-2016)/3)^3/6,IF($F25<=2022,2/3-((($F25-2016)/3)-2)^2-0.5*((($F25-2016)/3)-2)^3,IF($F25<=2025,2/3-((($F25-2016)/3)-2)^2+0.5*((($F25-2016)/3)-2)^3,IF($F25<=2028,(4-(($F25-2016)/3))^3/6,0))))) -> 0
F26: 2014 | H26: =SUMPRODUCT(K26:U26,$K$5:$U$5) -> -4.4618855 | I26: =EXP(H26) -> 0.011540583 | J26: Projected | K26: =IF($F26<=1986,0,IF($F26<=1989,(($F26-1986)/3)^3/6,IF($F26<=1992,2/3-((($F26-1986)/3)-2)^2-0.5*((($F26-1986)/3)-2)^3,IF($F26<=1995,2/3-((($F26-1986)/3)-2)^2+0.5*((($F26-1986)/3)-2)^3,IF($F26<=1998,(4-(($F26-1986)/3))^3/6,0))))) -> 0 | L26: =IF($F26<=1989,0,IF($F26<=1992,(($F26-1989)/3)^3/6,IF($F26<=1995,2/3-((($F26-1989)/3)-2)^2-0.5*((($F26-1989)/3)-2)^3,IF($F26<=1998,2/3-((($F26-1989)/3)-2)^2+0.5*((($F26-1989)/3)-2)^3,IF($F26<=2001,(4-(($F26-1989)/3))^3/6,0))))) -> 0 | M26: =IF($F26<=1992,0,IF($F26<=1995,(($F26-1992)/3)^3/6,IF($F26<=1998,2/3-((($F26-1992)/3)-2)^2-0.5*((($F26-1992)/3)-2)^3,IF($F26<=2001,2/3-((($F26-1992)/3)-2)^2+0.5*((($F26-1992)/3)-2)^3,IF($F26<=2004,(4-(($F26-1992)/3))^3/6,0))))) -> 0 | N26: =IF($F26<=1995,0,IF($F26<=1998,(($F26-1995)/3)^3/6,IF($F26<=2001,2/3-((($F26-1995)/3)-2)^2-0.5*((($F26-1995)/3)-2)^3,IF($F26<=2004,2/3-((($F26-1995)/3)-2)^2+0.5*((($F26-1995)/3)-2)^3,IF($F26<=2007,(4-(($F26-1995)/3))^3/6,0))))) -> 0 | O26: =IF($F26<=1998,0,IF($F26<=2001,(($F26-1998)/3)^3/6,IF($F26<=2004,2/3-((($F26-1998)/3)-2)^2-0.5*((($F26-1998)/3)-2)^3,IF($F26<=2007,2/3-((($F26-1998)/3)-2)^2+0.5*((($F26-1998)/3)-2)^3,IF($F26<=2010,(4-(($F26-1998)/3))^3/6,0))))) -> 0 | P26: =IF($F26<=2001,0,IF($F26<=2004,(($F26-2001)/3)^3/6,IF($F26<=2007,2/3-((($F26-2001)/3)-2)^2-0.5*((($F26-2001)/3)-2)^3,IF($F26<=2010,2/3-((($F26-2001)/3)-2)^2+0.5*((($F26-2001)/3)-2)^3,IF($F26<=2013,(4-(($F26-2001)/3))^3/6,0))))) -> 0 | Q26: =IF($F26<=2004,0,IF($F26<=2007,(($F26-2004)/3)^3/6,IF($F26<=2010,2/3-((($F26-2004)/3)-2)^2-0.5*((($F26-2004)/3)-2)^3,IF($F26<=2013,2/3-((($F26-2004)/3)-2)^2+0.5*((($F26-2004)/3)-2)^3,IF($F26<=2016,(4-(($F26-2004)/3))^3/6,0))))) -> 0.049382716 | R26: =IF($F26<=2007,0,IF($F26<=2010,(($F26-2007)/3)^3/6,IF($F26<=2013,2/3-((($F26-2007)/3)-2)^2-0.5*((($F26-2007)/3)-2)^3,IF($F26<=2016,2/3-((($F26-2007)/3)-2)^2+0.5*((($F26-2007)/3)-2)^3,IF($F26<=2019,(4-(($F26-2007)/3))^3/6,0))))) -> 0.57407407 | S26: =IF($F26<=2010,0,IF($F26<=2013,(($F26-2010)/3)^3/6,IF($F26<=2016,2/3-((($F26-2010)/3)-2)^2-0.5*((($F26-2010)/3)-2)^3,IF($F26<=2019,2/3-((($F26-2010)/3)-2)^2+0.5*((($F26-2010)/3)-2)^3,IF($F26<=2022,(4-(($F26-2010)/3))^3/6,0))))) -> 0.37037037 | T26: =IF($F26<=2013,0,IF($F26<=2016,(($F26-2013)/3)^3/6,IF($F26<=2019,2/3-((($F26-2013)/3)-2)^2-0.5*((($F26-2013)/3)-2)^3,IF($F26<=2022,2/3-((($F26-2013)/3)-2)^2+0.5*((($F26-2013)/3)-2)^3,IF($F26<=2025,(4-(($F26-2013)/3))^3/6,0))))) -> 0.0061728395 | U26: =IF($F26<=2016,0,IF($F26<=2019,(($F26-2016)/3)^3/6,IF($F26<=2022,2/3-((($F26-2016)/3)-2)^2-0.5*((($F26-2016)/3)-2)^3,IF($F26<=2025,2/3-((($F26-2016)/3)-2)^2+0.5*((($F26-2016)/3)-2)^3,IF($F26<=2028,(4-(($F26-2016)/3))^3/6,0))))) -> 0
F27: 2015 | H27: =SUMPRODUCT(K27:U27,$K$5:$U$5) -> -4.4976783 | I27: =EXP(H27) -> 0.011134818 | J27: Projected | K27: =IF($F27<=1986,0,IF($F27<=1989,(($F27-1986)/3)^3/6,IF($F27<=1992,2/3-((($F27-1986)/3)-2)^2-0.5*((($F27-1986)/3)-2)^3,IF($F27<=1995,2/3-((($F27-1986)/3)-2)^2+0.5*((($F27-1986)/3)-2)^3,IF($F27<=1998,(4-(($F27-1986)/3))^3/6,0))))) -> 0 | L27: =IF($F27<=1989,0,IF($F27<=1992,(($F27-1989)/3)^3/6,IF($F27<=1995,2/3-((($F27-1989)/3)-2)^2-0.5*((($F27-1989)/3)-2)^3,IF($F27<=1998,2/3-((($F27-1989)/3)-2)^2+0.5*((($F27-1989)/3)-2)^3,IF($F27<=2001,(4-(($F27-1989)/3))^3/6,0))))) -> 0 | M27: =IF($F27<=1992,0,IF($F27<=1995,(($F27-1992)/3)^3/6,IF($F27<=1998,2/3-((($F27-1992)/3)-2)^2-0.5*((($F27-1992)/3)-2)^3,IF($F27<=2001,2/3-((($F27-1992)/3)-2)^2+0.5*((($F27-1992)/3)-2)^3,IF($F27<=2004,(4-(($F27-1992)/3))^3/6,0))))) -> 0 | N27: =IF($F27<=1995,0,IF($F27<=1998,(($F27-1995)/3)^3/6,IF($F27<=2001,2/3-((($F27-1995)/3)-2)^2-0.5*((($F27-1995)/3)-2)^3,IF($F27<=2004,2/3-((($F27-1995)/3)-2)^2+0.5*((($F27-1995)/3)-2)^3,IF($F27<=2007,(4-(($F27-1995)/3))^3/6,0))))) -> 0 | O27: =IF($F27<=1998,0,IF($F27<=2001,(($F27-1998)/3)^3/6,IF($F27<=2004,2/3-((($F27-1998)/3)-2)^2-0.5*((($F27-1998)/3)-2)^3,IF($F27<=2007,2/3-((($F27-1998)/3)-2)^2+0.5*((($F27-1998)/3)-2)^3,IF($F27<=2010,(4-(($F27-1998)/3))^3/6,0))))) -> 0 | P27: =IF($F27<=2001,0,IF($F27<=2004,(($F27-2001)/3)^3/6,IF($F27<=2007,2/3-((($F27-2001)/3)-2)^2-0.5*((($F27-2001)/3)-2)^3,IF($F27<=2010,2/3-((($F27-2001)/3)-2)^2+0.5*((($F27-2001)/3)-2)^3,IF($F27<=2013,(4-(($F27-2001)/3))^3/6,0))))) -> 0 | Q27: =IF($F27<=2004,0,IF($F27<=2007,(($F27-2004)/3)^3/6,IF($F27<=2010,2/3-((($F27-2004)/3)-2)^2-0.5*((($F27-2004)/3)-2)^3,IF($F27<=2013,2/3-((($F27-2004)/3)-2)^2+0.5*((($F27-2004)/3)-2)^3,IF($F27<=2016,(4-(($F27-2004)/3))^3/6,0))))) -> 0.0061728395 | R27: =IF($F27<=2007,0,IF($F27<=2010,(($F27-2007)/3)^3/6,IF($F27<=2013,2/3-((($F27-2007)/3)-2)^2-0.5*((($F27-2007)/3)-2)^3,IF($F27<=2016,2/3-((($F27-2007)/3)-2)^2+0.5*((($F27-2007)/3)-2)^3,IF($F27<=2019,(4-(($F27-2007)/3))^3/6,0))))) -> 0.37037037 | S27: =IF($F27<=2010,0,IF($F27<=2013,(($F27-2010)/3)^3/6,IF($F27<=2016,2/3-((($F27-2010)/3)-2)^2-0.5*((($F27-2010)/3)-2)^3,IF($F27<=2019,2/3-((($F27-2010)/3)-2)^2+0.5*((($F27-2010)/3)-2)^3,IF($F27<=2022,(4-(($F27-2010)/3))^3/6,0))))) -> 0.57407407 | T27: =IF($F27<=2013,0,IF($F27<=2016,(($F27-2013)/3)^3/6,IF($F27<=2019,2/3-((($F27-2013)/3)-2)^2-0.5*((($F27-2013)/3)-2)^3,IF($F27<=2022,2/3-((($F27-2013)/3)-2)^2+0.5*((($F27-2013)/3)-2)^3,IF($F27<=2025,(4-(($F27-2013)/3))^3/6,0))))) -> 0.049382716 | U27: =IF($F27<=2016,0,IF($F27<=2019,(($F27-2016)/3)^3/6,IF($F27<=2022,2/3-((($F27-2016)/3)-2)^2-0.5*((($F27-2016)/3)-2)^3,IF($F27<=2025,2/3-((($F27-2016)/3)-2)^2+0.5*((($F27-2016)/3)-2)^3,IF($F27<=2028,(4-(($F27-2016)/3))^3/6,0))))) -> 0
F28: 2016 | H28: =SUMPRODUCT(K28:U28,$K$5:$U$5) -> -4.5334711 | I28: =EXP(H28) -> 0.01074332 | J28: Projected | K28: =IF($F28<=1986,0,IF($F28<=1989,(($F28-1986)/3)^3/6,IF($F28<=1992,2/3-((($F28-1986)/3)-2)^2-0.5*((($F28-1986)/3)-2)^3,IF($F28<=1995,2/3-((($F28-1986)/3)-2)^2+0.5*((($F28-1986)/3)-2)^3,IF($F28<=1998,(4-(($F28-1986)/3))^3/6,0))))) -> 0 | L28: =IF($F28<=1989,0,IF($F28<=1992,(($F28-1989)/3)^3/6,IF($F28<=1995,2/3-((($F28-1989)/3)-2)^2-0.5*((($F28-1989)/3)-2)^3,IF($F28<=1998,2/3-((($F28-1989)/3)-2)^2+0.5*((($F28-1989)/3)-2)^3,IF($F28<=2001,(4-(($F28-1989)/3))^3/6,0))))) -> 0 | M28: =IF($F28<=1992,0,IF($F28<=1995,(($F28-1992)/3)^3/6,IF($F28<=1998,2/3-((($F28-1992)/3)-2)^2-0.5*((($F28-1992)/3)-2)^3,IF($F28<=2001,2/3-((($F28-1992)/3)-2)^2+0.5*((($F28-1992)/3)-2)^3,IF($F28<=2004,(4-(($F28-1992)/3))^3/6,0))))) -> 0 | N28: =IF($F28<=1995,0,IF($F28<=1998,(($F28-1995)/3)^3/6,IF($F28<=2001,2/3-((($F28-1995)/3)-2)^2-0.5*((($F28-1995)/3)-2)^3,IF($F28<=2004,2/3-((($F28-1995)/3)-2)^2+0.5*((($F28-1995)/3)-2)^3,IF($F28<=2007,(4-(($F28-1995)/3))^3/6,0))))) -> 0 | O28: =IF($F28<=1998,0,IF($F28<=2001,(($F28-1998)/3)^3/6,IF($F28<=2004,2/3-((($F28-1998)/3)-2)^2-0.5*((($F28-1998)/3)-2)^3,IF($F28<=2007,2/3-((($F28-1998)/3)-2)^2+0.5*((($F28-1998)/3)-2)^3,IF($F28<=2010,(4-(($F28-1998)/3))^3/6,0))))) -> 0 | P28: =IF($F28<=2001,0,IF($F28<=2004,(($F28-2001)/3)^3/6,IF($F28<=2007,2/3-((($F28-2001)/3)-2)^2-0.5*((($F28-2001)/3)-2)^3,IF($F28<=2010,2/3-((($F28-2001)/3)-2)^2+0.5*((($F28-2001)/3)-2)^3,IF($F28<=2013,(4-(($F28-2001)/3))^3/6,0))))) -> 0 | Q28: =IF($F28<=2004,0,IF($F28<=2007,(($F28-2004)/3)^3/6,IF($F28<=2010,2/3-((($F28-2004)/3)-2)^2-0.5*((($F28-2004)/3)-2)^3,IF($F28<=2013,2/3-((($F28-2004)/3)-2)^2+0.5*((($F28-2004)/3)-2)^3,IF($F28<=2016,(4-(($F28-2004)/3))^3/6,0))))) -> 0 | R28: =IF($F28<=2007,0,IF($F28<=2010,(($F28-2007)/3)^3/6,IF($F28<=2013,2/3-((($F28-2007)/3)-2)^2-0.5*((($F28-2007)/3)-2)^3,IF($F28<=2016,2/3-((($F28-2007)/3)-2)^2+0.5*((($F28-2007)/3)-2)^3,IF($F28<=2019,(4-(($F28-2007)/3))^3/6,0))))) -> 0.16666667 | S28: =IF($F28<=2010,0,IF($F28<=2013,(($F28-2010)/3)^3/6,IF($F28<=2016,2/3-((($F28-2010)/3)-2)^2-0.5*((($F28-2010)/3)-2)^3,IF($F28<=2019,2/3-((($F28-2010)/3)-2)^2+0.5*((($F28-2010)/3)-2)^3,IF($F28<=2022,(4-(($F28-2010)/3))^3/6,0))))) -> 0.66666667 | T28: =IF($F28<=2013,0,IF($F28<=2016,(($F28-2013)/3)^3/6,IF($F28<=2019,2/3-((($F28-2013)/3)-2)^2-0.5*((($F28-2013)/3)-2)^3,IF($F28<=2022,2/3-((($F28-2013)/3)-2)^2+0.5*((($F28-2013)/3)-2)^3,IF($F28<=2025,(4-(($F28-2013)/3))^3/6,0))))) -> 0.16666667 | U28: =IF($F28<=2016,0,IF($F28<=2019,(($F28-2016)/3)^3/6,IF($F28<=2022,2/3-((($F28-2016)/3)-2)^2-0.5*((($F28-2016)/3)-2)^3,IF($F28<=2025,2/3-((($F28-2016)/3)-2)^2+0.5*((($F28-2016)/3)-2)^3,IF($F28<=2028,(4-(($F28-2016)/3))^3/6,0))))) -> 0
F29: 2017 | H29: =SUMPRODUCT(K29:U29,$K$5:$U$5) -> -4.5692639 | I29: =EXP(H29) -> 0.010365587 | J29: Projected | K29: =IF($F29<=1986,0,IF($F29<=1989,(($F29-1986)/3)^3/6,IF($F29<=1992,2/3-((($F29-1986)/3)-2)^2-0.5*((($F29-1986)/3)-2)^3,IF($F29<=1995,2/3-((($F29-1986)/3)-2)^2+0.5*((($F29-1986)/3)-2)^3,IF($F29<=1998,(4-(($F29-1986)/3))^3/6,0))))) -> 0 | L29: =IF($F29<=1989,0,IF($F29<=1992,(($F29-1989)/3)^3/6,IF($F29<=1995,2/3-((($F29-1989)/3)-2)^2-0.5*((($F29-1989)/3)-2)^3,IF($F29<=1998,2/3-((($F29-1989)/3)-2)^2+0.5*((($F29-1989)/3)-2)^3,IF($F29<=2001,(4-(($F29-1989)/3))^3/6,0))))) -> 0 | M29: =IF($F29<=1992,0,IF($F29<=1995,(($F29-1992)/3)^3/6,IF($F29<=1998,2/3-((($F29-1992)/3)-2)^2-0.5*((($F29-1992)/3)-2)^3,IF($F29<=2001,2/3-((($F29-1992)/3)-2)^2+0.5*((($F29-1992)/3)-2)^3,IF($F29<=2004,(4-(($F29-1992)/3))^3/6,0))))) -> 0 | N29: =IF($F29<=1995,0,IF($F29<=1998,(($F29-1995)/3)^3/6,IF($F29<=2001,2/3-((($F29-1995)/3)-2)^2-0.5*((($F29-1995)/3)-2)^3,IF($F29<=2004,2/3-((($F29-1995)/3)-2)^2+0.5*((($F29-1995)/3)-2)^3,IF($F29<=2007,(4-(($F29-1995)/3))^3/6,0))))) -> 0 | O29: =IF($F29<=1998,0,IF($F29<=2001,(($F29-1998)/3)^3/6,IF($F29<=2004,2/3-((($F29-1998)/3)-2)^2-0.5*((($F29-1998)/3)-2)^3,IF($F29<=2007,2/3-((($F29-1998)/3)-2)^2+0.5*((($F29-1998)/3)-2)^3,IF($F29<=2010,(4-(($F29-1998)/3))^3/6,0))))) -> 0 | P29: =IF($F29<=2001,0,IF($F29<=2004,(($F29-2001)/3)^3/6,IF($F29<=2007,2/3-((($F29-2001)/3)-2)^2-0.5*((($F29-2001)/3)-2)^3,IF($F29<=2010,2/3-((($F29-2001)/3)-2)^2+0.5*((($F29-2001)/3)-2)^3,IF($F29<=2013,(4-(($F29-2001)/3))^3/6,0))))) -> 0 | Q29: =IF($F29<=2004,0,IF($F29<=2007,(($F29-2004)/3)^3/6,IF($F29<=2010,2/3-((($F29-2004)/3)-2)^2-0.5*((($F29-2004)/3)-2)^3,IF($F29<=2013,2/3-((($F29-2004)/3)-2)^2+0.5*((($F29-2004)/3)-2)^3,IF($F29<=2016,(4-(($F29-2004)/3))^3/6,0))))) -> 0 | R29: =IF($F29<=2007,0,IF($F29<=2010,(($F29-2007)/3)^3/6,IF($F29<=2013,2/3-((($F29-2007)/3)-2)^2-0.5*((($F29-2007)/3)-2)^3,IF($F29<=2016,2/3-((($F29-2007)/3)-2)^2+0.5*((($F29-2007)/3)-2)^3,IF($F29<=2019,(4-(($F29-2007)/3))^3/6,0))))) -> 0.049382716 | S29: =IF($F29<=2010,0,IF($F29<=2013,(($F29-2010)/3)^3/6,IF($F29<=2016,2/3-((($F29-2010)/3)-2)^2-0.5*((($F29-2010)/3)-2)^3,IF($F29<=2019,2/3-((($F29-2010)/3)-2)^2+0.5*((($F29-2010)/3)-2)^3,IF($F29<=2022,(4-(($F29-2010)/3))^3/6,0))))) -> 0.57407407 | T29: =IF($F29<=2013,0,IF($F29<=2016,(($F29-2013)/3)^3/6,IF($F29<=2019,2/3-((($F29-2013)/3)-2)^2-0.5*((($F29-2013)/3)-2)^3,IF($F29<=2022,2/3-((($F29-2013)/3)-2)^2+0.5*((($F29-2013)/3)-2)^3,IF($F29<=2025,(4-(($F29-2013)/3))^3/6,0))))) -> 0.37037037 | U29: =IF($F29<=2016,0,IF($F29<=2019,(($F29-2016)/3)^3/6,IF($F29<=2022,2/3-((($F29-2016)/3)-2)^2-0.5*((($F29-2016)/3)-2)^3,IF($F29<=2025,2/3-((($F29-2016)/3)-2)^2+0.5*((($F29-2016)/3)-2)^3,IF($F29<=2028,(4-(($F29-2016)/3))^3/6,0))))) -> 0.0061728395
... F31: 2019 | H31: =SUMPRODUCT(K31:U31,$K$5:$U$5) -> -4.6408495 | I31: =EXP(H31) -> 0.0096494969 | J31: Projected | K31: =IF($F31<=1986,0,IF($F31<=1989,(($F31-1986)/3)^3/6,IF($F31<=1992,2/3-((($F31-1986)/3)-2)^2-0.5*((($F31-1986)/3)-2)^3,IF($F31<=1995,2/3-((($F31-1986)/3)-2)^2+0.5*((($F31-1986)/3)-2)^3,IF($F31<=1998,(4-(($F31-1986)/3))^3/6,0))))) -> 0 | L31: =IF($F31<=1989,0,IF($F31<=1992,(($F31-1989)/3)^3/6,IF($F31<=1995,2/3-((($F31-1989)/3)-2)^2-0.5*((($F31-1989)/3)-2)^3,IF($F31<=1998,2/3-((($F31-1989)/3)-2)^2+0.5*((($F31-1989)/3)-2)^3,IF($F31<=2001,(4-(($F31-1989)/3))^3/6,0))))) -> 0 | M31: =IF($F31<=1992,0,IF($F31<=1995,(($F31-1992)/3)^3/6,IF($F31<=1998,2/3-((($F31-1992)/3)-2)^2-0.5*((($F31-1992)/3)-2)^3,IF($F31<=2001,2/3-((($F31-1992)/3)-2)^2+0.5*((($F31-1992)/3)-2)^3,IF($F31<=2004,(4-(($F31-1992)/3))^3/6,0))))) -> 0 | N31: =IF($F31<=1995,0,IF($F31<=1998,(($F31-1995)/3)^3/6,IF($F31<=2001,2/3-((($F31-1995)/3)-2)^2-0.5*((($F31-1995)/3)-2)^3,IF($F31<=2004,2/3-((($F31-1995)/3)-2)^2+0.5*((($F31-1995)/3)-2)^3,IF($F31<=2007,(4-(($F31-1995)/3))^3/6,0))))) -> 0 | O31: =IF($F31<=1998,0,IF($F31<=2001,(($F31-1998)/3)^3/6,IF($F31<=2004,2/3-((($F31-1998)/3)-2)^2-0.5*((($F31-1998)/3)-2)^3,IF($F31<=2007,2/3-((($F31-1998)/3)-2)^2+0.5*((($F31-1998)/3)-2)^3,IF($F31<=2010,(4-(($F31-1998)/3))^3/6,0))))) -> 0 | P31: =IF($F31<=2001,0,IF($F31<=2004,(($F31-2001)/3)^3/6,IF($F31<=2007,2/3-((($F31-2001)/3)-2)^2-0.5*((($F31-2001)/3)-2)^3,IF($F31<=2010,2/3-((($F31-2001)/3)-2)^2+0.5*((($F31-2001)/3)-2)^3,IF($F31<=2013,(4-(($F31-2001)/3))^3/6,0))))) -> 0 | Q31: =IF($F31<=2004,0,IF($F31<=2007,(($F31-2004)/3)^3/6,IF($F31<=2010,2/3-((($F31-2004)/3)-2)^2-0.5*((($F31-2004)/3)-2)^3,IF($F31<=2013,2/3-((($F31-2004)/3)-2)^2+0.5*((($F31-2004)/3)-2)^3,IF($F31<=2016,(4-(($F31-2004)/3))^3/6,0))))) -> 0 | R31: =IF($F31<=2007,0,IF($F31<=2010,(($F31-2007)/3)^3/6,IF($F31<=2013,2/3-((($F31-2007)/3)-2)^2-0.5*((($F31-2007)/3)-2)^3,IF($F31<=2016,2/3-((($F31-2007)/3)-2)^2+0.5*((($F31-2007)/3)-2)^3,IF($F31<=2019,(4-(($F31-2007)/3))^3/6,0))))) -> 0 | S31: =IF($F31<=2010,0,IF($F31<=2013,(($F31-2010)/3)^3/6,IF($F31<=2016,2/3-((($F31-2010)/3)-2)^2-0.5*((($F31-2010)/3)-2)^3,IF($F31<=2019,2/3-((($F31-2010)/3)-2)^2+0.5*((($F31-2010)/3)-2)^3,IF($F31<=2022,(4-(($F31-2010)/3))^3/6,0))))) -> 0.16666667 | T31: =IF($F31<=2013,0,IF($F31<=2016,(($F31-2013)/3)^3/6,IF($F31<=2019,2/3-((($F31-2013)/3)-2)^2-0.5*((($F31-2013)/3)-2)^3,IF($F31<=2022,2/3-((($F31-2013)/3)-2)^2+0.5*((($F31-2013)/3)-2)^3,IF($F31<=2025,(4-(($F31-2013)/3))^3/6,0))))) -> 0.66666667 | U31: =IF($F31<=2016,0,IF($F31<=2019,(($F31-2016)/3)^3/6,IF($F31<=2022,2/3-((($F31-2016)/3)-2)^2-0.5*((($F31-2016)/3)-2)^3,IF($F31<=2025,2/3-((($F31-2016)/3)-2)^2+0.5*((($F31-2016)/3)-2)^3,IF($F31<=2028,(4-(($F31-2016)/3))^3/6,0))))) -> 0.16666667
A37: Requested forecast years
A39: Year | B39: Mortality projection
A40: 2007 | B40: =INDEX($I$7:$I$31,MATCH(A40,$F$7:$F$31,0)) -> 0.014826547
A41: 2010 | B41: =INDEX($I$7:$I$31,MATCH(A41,$F$7:$F$31,0)) -> 0.013316994
A42: 2013 | B42: =INDEX($I$7:$I$31,MATCH(A42,$F$7:$F$31,0)) -> 0.011961134
A43: 2016 | B43: =INDEX($I$7:$I$31,MATCH(A43,$F$7:$F$31,0)) -> 0.01074332
A44: 2019 | B44: =INDEX($I$7:$I$31,MATCH(A44,$F$7:$F$31,0)) -> 0.0096494969

Sheet Q2(c)_M1
A1: Q2(c)_M1 — Week 11 fitting layout
A2: Fourth-order B-splines; fit LN(m). Coefficients are numeric Solver decision cells, as in Week11_Q1sol.xlsx. All basis functions, fitted values, differences, errors and objective calculations are Excel formulas.
A3: Part (b) uses only the four assignment observations. Part (c) refits M1 and M2 independently on M_70_t observations for 1995–2004, following the instructor correction.
D6: 1986 | E6: 1989 | F6: 1992 | G6: 1995 | H6: 1998 | I6: 2001
A7: Year | B7: Observed mortality m | C7: LN(m) | D7: B_1986,4(t) | E7: B_1989,4(t) | F7: B_1992,4(t) | G7: B_1995,4(t) | H7: B_1998,4(t) | I7: B_2001,4(t) | J7: Fitted LN(m) | K7: Log residual | L7: Squared log error
A8: 1995 | B8: ='M_70_t'!B2 -> 0.00085662921 | C8: =LN(B8) -> -7.0625054 | D8: =IF($A8<=1986,0,IF($A8<=1989,(($A8-1986)/3)^3/6,IF($A8<=1992,2/3-((($A8-1986)/3)-2)^2-0.5*((($A8-1986)/3)-2)^3,IF($A8<=1995,2/3-((($A8-1986)/3)-2)^2+0.5*((($A8-1986)/3)-2)^3,IF($A8<=1998,(4-(($A8-1986)/3))^3/6,0))))) -> 0.16666667 | E8: =IF($A8<=1989,0,IF($A8<=1992,(($A8-1989)/3)^3/6,IF($A8<=1995,2/3-((($A8-1989)/3)-2)^2-0.5*((($A8-1989)/3)-2)^3,IF($A8<=1998,2/3-((($A8-1989)/3)-2)^2+0.5*((($A8-1989)/3)-2)^3,IF($A8<=2001,(4-(($A8-1989)/3))^3/6,0))))) -> 0.66666667 | F8: =IF($A8<=1992,0,IF($A8<=1995,(($A8-1992)/3)^3/6,IF($A8<=1998,2/3-((($A8-1992)/3)-2)^2-0.5*((($A8-1992)/3)-2)^3,IF($A8<=2001,2/3-((($A8-1992)/3)-2)^2+0.5*((($A8-1992)/3)-2)^3,IF($A8<=2004,(4-(($A8-1992)/3))^3/6,0))))) -> 0.16666667 | G8: =IF($A8<=1995,0,IF($A8<=1998,(($A8-1995)/3)^3/6,IF($A8<=2001,2/3-((($A8-1995)/3)-2)^2-0.5*((($A8-1995)/3)-2)^3,IF($A8<=2004,2/3-((($A8-1995)/3)-2)^2+0.5*((($A8-1995)/3)-2)^3,IF($A8<=2007,(4-(($A8-1995)/3))^3/6,0))))) -> 0 | H8: =IF($A8<=1998,0,IF($A8<=2001,(($A8-1998)/3)^3/6,IF($A8<=2004,2/3-((($A8-1998)/3)-2)^2-0.5*((($A8-1998)/3)-2)^3,IF($A8<=2007,2/3-((($A8-1998)/3)-2)^2+0.5*((($A8-1998)/3)-2)^3,IF($A8<=2010,(4-(($A8-1998)/3))^3/6,0))))) -> 0 | I8: =IF($A8<=2001,0,IF($A8<=2004,(($A8-2001)/3)^3/6,IF($A8<=2007,2/3-((($A8-2001)/3)-2)^2-0.5*((($A8-2001)/3)-2)^3,IF($A8<=2010,2/3-((($A8-2001)/3)-2)^2+0.5*((($A8-2001)/3)-2)^3,IF($A8<=2013,(4-(($A8-2001)/3))^3/6,0))))) -> 0 | J8: =SUMPRODUCT(D8:I8,$B$24:$G$24) -> -7.0463028 | K8: =C8-J8 -> -0.016202608 | L8: =K8^2 -> 0.0002625245
A9: 1996 | B9: ='M_70_t'!B3 -> 0.00082999933 | C9: =LN(B9) -> -7.0940857 | D9: =IF($A9<=1986,0,IF($A9<=1989,(($A9-1986)/3)^3/6,IF($A9<=1992,2/3-((($A9-1986)/3)-2)^2-0.5*((($A9-1986)/3)-2)^3,IF($A9<=1995,2/3-((($A9-1986)/3)-2)^2+0.5*((($A9-1986)/3)-2)^3,IF($A9<=1998,(4-(($A9-1986)/3))^3/6,0))))) -> 0.049382716 | E9: =IF($A9<=1989,0,IF($A9<=1992,(($A9-1989)/3)^3/6,IF($A9<=1995,2/3-((($A9-1989)/3)-2)^2-0.5*((($A9-1989)/3)-2)^3,IF($A9<=1998,2/3-((($A9-1989)/3)-2)^2+0.5*((($A9-1989)/3)-2)^3,IF($A9<=2001,(4-(($A9-1989)/3))^3/6,0))))) -> 0.57407407 | F9: =IF($A9<=1992,0,IF($A9<=1995,(($A9-1992)/3)^3/6,IF($A9<=1998,2/3-((($A9-1992)/3)-2)^2-0.5*((($A9-1992)/3)-2)^3,IF($A9<=2001,2/3-((($A9-1992)/3)-2)^2+0.5*((($A9-1992)/3)-2)^3,IF($A9<=2004,(4-(($A9-1992)/3))^3/6,0))))) -> 0.37037037 | G9: =IF($A9<=1995,0,IF($A9<=1998,(($A9-1995)/3)^3/6,IF($A9<=2001,2/3-((($A9-1995)/3)-2)^2-0.5*((($A9-1995)/3)-2)^3,IF($A9<=2004,2/3-((($A9-1995)/3)-2)^2+0.5*((($A9-1995)/3)-2)^3,IF($A9<=2007,(4-(($A9-1995)/3))^3/6,0))))) -> 0.0061728395 | H9: =IF($A9<=1998,0,IF($A9<=2001,(($A9-1998)/3)^3/6,IF($A9<=2004,2/3-((($A9-1998)/3)-2)^2-0.5*((($A9-1998)/3)-2)^3,IF($A9<=2007,2/3-((($A9-1998)/3)-2)^2+0.5*((($A9-1998)/3)-2)^3,IF($A9<=2010,(4-(($A9-1998)/3))^3/6,0))))) -> 0 | I9: =IF($A9<=2001,0,IF($A9<=2004,(($A9-2001)/3)^3/6,IF($A9<=2007,2/3-((($A9-2001)/3)-2)^2-0.5*((($A9-2001)/3)-2)^3,IF($A9<=2010,2/3-((($A9-2001)/3)-2)^2+0.5*((($A9-2001)/3)-2)^3,IF($A9<=2013,(4-(($A9-2001)/3))^3/6,0))))) -> 0 | J9: =SUMPRODUCT(D9:I9,$B$24:$G$24) -> -7.0436233 | K9: =C9-J9 -> -0.050462327 | L9: =K9^2 -> 0.0025464465
A10: 1997 | B10: ='M_70_t'!B4 -> 0.00080999953 | C10: =LN(B10) -> -7.1184769 | D10: =IF($A10<=1986,0,IF($A10<=1989,(($A10-1986)/3)^3/6,IF($A10<=1992,2/3-((($A10-1986)/3)-2)^2-0.5*((($A10-1986)/3)-2)^3,IF($A10<=1995,2/3-((($A10-1986)/3)-2)^2+0.5*((($A10-1986)/3)-2)^3,IF($A10<=1998,(4-(($A10-1986)/3))^3/6,0))))) -> 0.0061728395 | E10: =IF($A10<=1989,0,IF($A10<=1992,(($A10-1989)/3)^3/6,IF($A10<=1995,2/3-((($A10-1989)/3)-2)^2-0.5*((($A10-1989)/3)-2)^3,IF($A10<=1998,2/3-((($A10-1989)/3)-2)^2+0.5*((($A10-1989)/3)-2)^3,IF($A10<=2001,(4-(($A10-1989)/3))^3/6,0))))) -> 0.37037037 | F10: =IF($A10<=1992,0,IF($A10<=1995,(($A10-1992)/3)^3/6,IF($A10<=1998,2/3-((($A10-1992)/3)-2)^2-0.5*((($A10-1992)/3)-2)^3,IF($A10<=2001,2/3-((($A10-1992)/3)-2)^2+0.5*((($A10-1992)/3)-2)^3,IF($A10<=2004,(4-(($A10-1992)/3))^3/6,0))))) -> 0.57407407 | G10: =IF($A10<=1995,0,IF($A10<=1998,(($A10-1995)/3)^3/6,IF($A10<=2001,2/3-((($A10-1995)/3)-2)^2-0.5*((($A10-1995)/3)-2)^3,IF($A10<=2004,2/3-((($A10-1995)/3)-2)^2+0.5*((($A10-1995)/3)-2)^3,IF($A10<=2007,(4-(($A10-1995)/3))^3/6,0))))) -> 0.049382716 | H10: =IF($A10<=1998,0,IF($A10<=2001,(($A10-1998)/3)^3/6,IF($A10<=2004,2/3-((($A10-1998)/3)-2)^2-0.5*((($A10-1998)/3)-2)^3,IF($A10<=2007,2/3-((($A10-1998)/3)-2)^2+0.5*((($A10-1998)/3)-2)^3,IF($A10<=2010,(4-(($A10-1998)/3))^3/6,0))))) -> 0 | I10: =IF($A10<=2001,0,IF($A10<=2004,(($A10-2001)/3)^3/6,IF($A10<=2007,2/3-((($A10-2001)/3)-2)^2-0.5*((($A10-2001)/3)-2)^3,IF($A10<=2010,2/3-((($A10-2001)/3)-2)^2+0.5*((($A10-2001)/3)-2)^3,IF($A10<=2013,(4-(($A10-2001)/3))^3/6,0))))) -> 0 | J10: =SUMPRODUCT(D10:I10,$B$24:$G$24) -> -7.0461144 | K10: =C10-J10 -> -0.072362526 | L10: =K10^2 -> 0.0052363351
A11: 1998 | B11: ='M_70_t'!B5 -> 0.00097750974 | C11: =LN(B11) -> -6.9305023 | D11: =IF($A11<=1986,0,IF($A11<=1989,(($A11-1986)/3)^3/6,IF($A11<=1992,2/3-((($A11-1986)/3)-2)^2-0.5*((($A11-1986)/3)-2)^3,IF($A11<=1995,2/3-((($A11-1986)/3)-2)^2+0.5*((($A11-1986)/3)-2)^3,IF($A11<=1998,(4-(($A11-1986)/3))^3/6,0))))) -> 0 | E11: =IF($A11<=1989,0,IF($A11<=1992,(($A11-1989)/3)^3/6,IF($A11<=1995,2/3-((($A11-1989)/3)-2)^2-0.5*((($A11-1989)/3)-2)^3,IF($A11<=1998,2/3-((($A11-1989)/3)-2)^2+0.5*((($A11-1989)/3)-2)^3,IF($A11<=2001,(4-(($A11-1989)/3))^3/6,0))))) -> 0.16666667 | F11: =IF($A11<=1992,0,IF($A11<=1995,(($A11-1992)/3)^3/6,IF($A11<=1998,2/3-((($A11-1992)/3)-2)^2-0.5*((($A11-1992)/3)-2)^3,IF($A11<=2001,2/3-((($A11-1992)/3)-2)^2+0.5*((($A11-1992)/3)-2)^3,IF($A11<=2004,(4-(($A11-1992)/3))^3/6,0))))) -> 0.66666667 | G11: =IF($A11<=1995,0,IF($A11<=1998,(($A11-1995)/3)^3/6,IF($A11<=2001,2/3-((($A11-1995)/3)-2)^2-0.5*((($A11-1995)/3)-2)^3,IF($A11<=2004,2/3-((($A11-1995)/3)-2)^2+0.5*((($A11-1995)/3)-2)^3,IF($A11<=2007,(4-(($A11-1995)/3))^3/6,0))))) -> 0.16666667 | H11: =IF($A11<=1998,0,IF($A11<=2001,(($A11-1998)/3)^3/6,IF($A11<=2004,2/3-((($A11-1998)/3)-2)^2-0.5*((($A11-1998)/3)-2)^3,IF($A11<=2007,2/3-((($A11-1998)/3)-2)^2+0.5*((($A11-1998)/3)-2)^3,IF($A11<=2010,(4-(($A11-1998)/3))^3/6,0))))) -> 0 | I11: =IF($A11<=2001,0,IF($A11<=2004,(($A11-2001)/3)^3/6,IF($A11<=2007,2/3-((($A11-2001)/3)-2)^2-0.5*((($A11-2001)/3)-2)^3,IF($A11<=2010,2/3-((($A11-2001)/3)-2)^2+0.5*((($A11-2001)/3)-2)^3,IF($A11<=2013,(4-(($A11-2001)/3))^3/6,0))))) -> 0 | J11: =SUMPRODUCT(D11:I11,$B$24:$G$24) -> -7.0576932 | K11: =C11-J11 -> 0.12719087 | L11: =K11^2 -> 0.016177517
A12: 1999 | B12: ='M_70_t'!B6 -> 0.00078849179 | C12: =LN(B12) -> -7.1453886 | D12: =IF($A12<=1986,0,IF($A12<=1989,(($A12-1986)/3)^3/6,IF($A12<=1992,2/3-((($A12-1986)/3)-2)^2-0.5*((($A12-1986)/3)-2)^3,IF($A12<=1995,2/3-((($A12-1986)/3)-2)^2+0.5*((($A12-1986)/3)-2)^3,IF($A12<=1998,(4-(($A12-1986)/3))^3/6,0))))) -> 0 | E12: =IF($A12<=1989,0,IF($A12<=1992,(($A12-1989)/3)^3/6,IF($A12<=1995,2/3-((($A12-1989)/3)-2)^2-0.5*((($A12-1989)/3)-2)^3,IF($A12<=1998,2/3-((($A12-1989)/3)-2)^2+0.5*((($A12-1989)/3)-2)^3,IF($A12<=2001,(4-(($A12-1989)/3))^3/6,0))))) -> 0.049382716 | F12: =IF($A12<=1992,0,IF($A12<=1995,(($A12-1992)/3)^3/6,IF($A12<=1998,2/3-((($A12-1992)/3)-2)^2-0.5*((($A12-1992)/3)-2)^3,IF($A12<=2001,2/3-((($A12-1992)/3)-2)^2+0.5*((($A12-1992)/3)-2)^3,IF($A12<=2004,(4-(($A12-1992)/3))^3/6,0))))) -> 0.57407407 | G12: =IF($A12<=1995,0,IF($A12<=1998,(($A12-1995)/3)^3/6,IF($A12<=2001,2/3-((($A12-1995)/3)-2)^2-0.5*((($A12-1995)/3)-2)^3,IF($A12<=2004,2/3-((($A12-1995)/3)-2)^2+0.5*((($A12-1995)/3)-2)^3,IF($A12<=2007,(4-(($A12-1995)/3))^3/6,0))))) -> 0.37037037 | H12: =IF($A12<=1998,0,IF($A12<=2001,(($A12-1998)/3)^3/6,IF($A12<=2004,2/3-((($A12-1998)/3)-2)^2-0.5*((($A12-1998)/3)-2)^3,IF($A12<=2007,2/3-((($A12-1998)/3)-2)^2+0.5*((($A12-1998)/3)-2)^3,IF($A12<=2010,(4-(($A12-1998)/3))^3/6,0))))) -> 0.0061728395 | I12: =IF($A12<=2001,0,IF($A12<=2004,(($A12-2001)/3)^3/6,IF($A12<=2007,2/3-((($A12-2001)/3)-2)^2-0.5*((($A12-2001)/3)-2)^3,IF($A12<=2010,2/3-((($A12-2001)/3)-2)^2+0.5*((($A12-2001)/3)-2)^3,IF($A12<=2013,(4-(($A12-2001)/3))^3/6,0))))) -> 0 | J12: =SUMPRODUCT(D12:I12,$B$24:$G$24) -> -7.0815902 | K12: =C12-J12 -> -0.063798354 | L12: =K12^2 -> 0.00407023
A13: 2000 | B13: ='M_70_t'!B7 -> 0.00099667191 | C13: =LN(B13) -> -6.9110889 | D13: =IF($A13<=1986,0,IF($A13<=1989,(($A13-1986)/3)^3/6,IF($A13<=1992,2/3-((($A13-1986)/3)-2)^2-0.5*((($A13-1986)/3)-2)^3,IF($A13<=1995,2/3-((($A13-1986)/3)-2)^2+0.5*((($A13-1986)/3)-2)^3,IF($A13<=1998,(4-(($A13-1986)/3))^3/6,0))))) -> 0 | E13: =IF($A13<=1989,0,IF($A13<=1992,(($A13-1989)/3)^3/6,IF($A13<=1995,2/3-((($A13-1989)/3)-2)^2-0.5*((($A13-1989)/3)-2)^3,IF($A13<=1998,2/3-((($A13-1989)/3)-2)^2+0.5*((($A13-1989)/3)-2)^3,IF($A13<=2001,(4-(($A13-1989)/3))^3/6,0))))) -> 0.0061728395 | F13: =IF($A13<=1992,0,IF($A13<=1995,(($A13-1992)/3)^3/6,IF($A13<=1998,2/3-((($A13-1992)/3)-2)^2-0.5*((($A13-1992)/3)-2)^3,IF($A13<=2001,2/3-((($A13-1992)/3)-2)^2+0.5*((($A13-1992)/3)-2)^3,IF($A13<=2004,(4-(($A13-1992)/3))^3/6,0))))) -> 0.37037037 | G13: =IF($A13<=1995,0,IF($A13<=1998,(($A13-1995)/3)^3/6,IF($A13<=2001,2/3-((($A13-1995)/3)-2)^2-0.5*((($A13-1995)/3)-2)^3,IF($A13<=2004,2/3-((($A13-1995)/3)-2)^2+0.5*((($A13-1995)/3)-2)^3,IF($A13<=2007,(4-(($A13-1995)/3))^3/6,0))))) -> 0.57407407 | H13: =IF($A13<=1998,0,IF($A13<=2001,(($A13-1998)/3)^3/6,IF($A13<=2004,2/3-((($A13-1998)/3)-2)^2-0.5*((($A13-1998)/3)-2)^3,IF($A13<=2007,2/3-((($A13-1998)/3)-2)^2+0.5*((($A13-1998)/3)-2)^3,IF($A13<=2010,(4-(($A13-1998)/3))^3/6,0))))) -> 0.049382716 | I13: =IF($A13<=2001,0,IF($A13<=2004,(($A13-2001)/3)^3/6,IF($A13<=2007,2/3-((($A13-2001)/3)-2)^2-0.5*((($A13-2001)/3)-2)^3,IF($A13<=2010,2/3-((($A13-2001)/3)-2)^2+0.5*((($A13-2001)/3)-2)^3,IF($A13<=2013,(4-(($A13-2001)/3))^3/6,0))))) -> 0 | J13: =SUMPRODUCT(D13:I13,$B$24:$G$24) -> -7.1182885 | K13: =C13-J13 -> 0.20719954 | L13: =K13^2 -> 0.042931648
A14: 2001 | B14: ='M_70_t'!B8 -> 0.00075112818 | C14: =LN(B14) -> -7.1939342 | D14: =IF($A14<=1986,0,IF($A14<=1989,(($A14-1986)/3)^3/6,IF($A14<=1992,2/3-((($A14-1986)/3)-2)^2-0.5*((($A14-1986)/3)-2)^3,IF($A14<=1995,2/3-((($A14-1986)/3)-2)^2+0.5*((($A14-1986)/3)-2)^3,IF($A14<=1998,(4-(($A14-1986)/3))^3/6,0))))) -> 0 | E14: =IF($A14<=1989,0,IF($A14<=1992,(($A14-1989)/3)^3/6,IF($A14<=1995,2/3-((($A14-1989)/3)-2)^2-0.5*((($A14-1989)/3)-2)^3,IF($A14<=1998,2/3-((($A14-1989)/3)-2)^2+0.5*((($A14-1989)/3)-2)^3,IF($A14<=2001,(4-(($A14-1989)/3))^3/6,0))))) -> 0 | F14: =IF($A14<=1992,0,IF($A14<=1995,(($A14-1992)/3)^3/6,IF($A14<=1998,2/3-((($A14-1992)/3)-2)^2-0.5*((($A14-1992)/3)-2)^3,IF($A14<=2001,2/3-((($A14-1992)/3)-2)^2+0.5*((($A14-1992)/3)-2)^3,IF($A14<=2004,(4-(($A14-1992)/3))^3/6,0))))) -> 0.16666667 | G14: =IF($A14<=1995,0,IF($A14<=1998,(($A14-1995)/3)^3/6,IF($A14<=2001,2/3-((($A14-1995)/3)-2)^2-0.5*((($A14-1995)/3)-2)^3,IF($A14<=2004,2/3-((($A14-1995)/3)-2)^2+0.5*((($A14-1995)/3)-2)^3,IF($A14<=2007,(4-(($A14-1995)/3))^3/6,0))))) -> 0.66666667 | H14: =IF($A14<=1998,0,IF($A14<=2001,(($A14-1998)/3)^3/6,IF($A14<=2004,2/3-((($A14-1998)/3)-2)^2-0.5*((($A14-1998)/3)-2)^3,IF($A14<=2007,2/3-((($A14-1998)/3)-2)^2+0.5*((($A14-1998)/3)-2)^3,IF($A14<=2010,(4-(($A14-1998)/3))^3/6,0))))) -> 0.16666667 | I14: =IF($A14<=2001,0,IF($A14<=2004,(($A14-2001)/3)^3/6,IF($A14<=2007,2/3-((($A14-2001)/3)-2)^2-0.5*((($A14-2001)/3)-2)^3,IF($A14<=2010,2/3-((($A14-2001)/3)-2)^2+0.5*((($A14-2001)/3)-2)^3,IF($A14<=2013,(4-(($A14-2001)/3))^3/6,0))))) -> 0 | J14: =SUMPRODUCT(D14:I14,$B$24:$G$24) -> -7.167584 | K14: =C14-J14 -> -0.026350255 | L14: =K14^2 -> 0.00069433592
A15: 2002 | B15: ='M_70_t'!B9 -> 0.0007042875 | C15: =LN(B15) -> -7.2583239 | D15: =IF($A15<=1986,0,IF($A15<=1989,(($A15-1986)/3)^3/6,IF($A15<=1992,2/3-((($A15-1986)/3)-2)^2-0.5*((($A15-1986)/3)-2)^3,IF($A15<=1995,2/3-((($A15-1986)/3)-2)^2+0.5*((($A15-1986)/3)-2)^3,IF($A15<=1998,(4-(($A15-1986)/3))^3/6,0))))) -> 0 | E15: =IF($A15<=1989,0,IF($A15<=1992,(($A15-1989)/3)^3/6,IF($A15<=1995,2/3-((($A15-1989)/3)-2)^2-0.5*((($A15-1989)/3)-2)^3,IF($A15<=1998,2/3-((($A15-1989)/3)-2)^2+0.5*((($A15-1989)/3)-2)^3,IF($A15<=2001,(4-(($A15-1989)/3))^3/6,0))))) -> 0 | F15: =IF($A15<=1992,0,IF($A15<=1995,(($A15-1992)/3)^3/6,IF($A15<=1998,2/3-((($A15-1992)/3)-2)^2-0.5*((($A15-1992)/3)-2)^3,IF($A15<=2001,2/3-((($A15-1992)/3)-2)^2+0.5*((($A15-1992)/3)-2)^3,IF($A15<=2004,(4-(($A15-1992)/3))^3/6,0))))) -> 0.049382716 | G15: =IF($A15<=1995,0,IF($A15<=1998,(($A15-1995)/3)^3/6,IF($A15<=2001,2/3-((($A15-1995)/3)-2)^2-0.5*((($A15-1995)/3)-2)^3,IF($A15<=2004,2/3-((($A15-1995)/3)-2)^2+0.5*((($A15-1995)/3)-2)^3,IF($A15<=2007,(4-(($A15-1995)/3))^3/6,0))))) -> 0.57407407 | H15: =IF($A15<=1998,0,IF($A15<=2001,(($A15-1998)/3)^3/6,IF($A15<=2004,2/3-((($A15-1998)/3)-2)^2-0.5*((($A15-1998)/3)-2)^3,IF($A15<=2007,2/3-((($A15-1998)/3)-2)^2+0.5*((($A15-1998)/3)-2)^3,IF($A15<=2010,(4-(($A15-1998)/3))^3/6,0))))) -> 0.37037037 | I15: =IF($A15<=2001,0,IF($A15<=2004,(($A15-2001)/3)^3/6,IF($A15<=2007,2/3-((($A15-2001)/3)-2)^2-0.5*((($A15-2001)/3)-2)^3,IF($A15<=2010,2/3-((($A15-2001)/3)-2)^2+0.5*((($A15-2001)/3)-2)^3,IF($A15<=2013,(4-(($A15-2001)/3))^3/6,0))))) -> 0.0061728395 | J15: =SUMPRODUCT(D15:I15,$B$24:$G$24) -> -7.2286624 | K15: =C15-J15 -> -0.029661505 | L15: =K15^2 -> 0.00087980489
A16: 2003 | B16: ='M_70_t'!B10 -> 0.00062560882 | C16: =LN(B16) -> -7.3767853 | D16: =IF($A16<=1986,0,IF($A16<=1989,(($A16-1986)/3)^3/6,IF($A16<=1992,2/3-((($A16-1986)/3)-2)^2-0.5*((($A16-1986)/3)-2)^3,IF($A16<=1995,2/3-((($A16-1986)/3)-2)^2+0.5*((($A16-1986)/3)-2)^3,IF($A16<=1998,(4-(($A16-1986)/3))^3/6,0))))) -> 0 | E16: =IF($A16<=1989,0,IF($A16<=1992,(($A16-1989)/3)^3/6,IF($A16<=1995,2/3-((($A16-1989)/3)-2)^2-0.5*((($A16-1989)/3)-2)^3,IF($A16<=1998,2/3-((($A16-1989)/3)-2)^2+0.5*((($A16-1989)/3)-2)^3,IF($A16<=2001,(4-(($A16-1989)/3))^3/6,0))))) -> 0 | F16: =IF($A16<=1992,0,IF($A16<=1995,(($A16-1992)/3)^3/6,IF($A16<=1998,2/3-((($A16-1992)/3)-2)^2-0.5*((($A16-1992)/3)-2)^3,IF($A16<=2001,2/3-((($A16-1992)/3)-2)^2+0.5*((($A16-1992)/3)-2)^3,IF($A16<=2004,(4-(($A16-1992)/3))^3/6,0))))) -> 0.0061728395 | G16: =IF($A16<=1995,0,IF($A16<=1998,(($A16-1995)/3)^3/6,IF($A16<=2001,2/3-((($A16-1995)/3)-2)^2-0.5*((($A16-1995)/3)-2)^3,IF($A16<=2004,2/3-((($A16-1995)/3)-2)^2+0.5*((($A16-1995)/3)-2)^3,IF($A16<=2007,(4-(($A16-1995)/3))^3/6,0))))) -> 0.37037037 | H16: =IF($A16<=1998,0,IF($A16<=2001,(($A16-1998)/3)^3/6,IF($A16<=2004,2/3-((($A16-1998)/3)-2)^2-0.5*((($A16-1998)/3)-2)^3,IF($A16<=2007,2/3-((($A16-1998)/3)-2)^2+0.5*((($A16-1998)/3)-2)^3,IF($A16<=2010,(4-(($A16-1998)/3))^3/6,0))))) -> 0.57407407 | I16: =IF($A16<=2001,0,IF($A16<=2004,(($A16-2001)/3)^3/6,IF($A16<=2007,2/3-((($A16-2001)/3)-2)^2-0.5*((($A16-2001)/3)-2)^3,IF($A16<=2010,2/3-((($A16-2001)/3)-2)^2+0.5*((($A16-2001)/3)-2)^3,IF($A16<=2013,(4-(($A16-2001)/3))^3/6,0))))) -> 0.049382716 | J16: =SUMPRODUCT(D16:I16,$B$24:$G$24) -> -7.2982672 | K16: =C16-J16 -> -0.078518041 | L16: =K16^2 -> 0.0061650828
A17: 2004 | B17: ='M_70_t'!B11 -> 0.00063014139 | C17: =LN(B17) -> -7.3695663 | D17: =IF($A17<=1986,0,IF($A17<=1989,(($A17-1986)/3)^3/6,IF($A17<=1992,2/3-((($A17-1986)/3)-2)^2-0.5*((($A17-1986)/3)-2)^3,IF($A17<=1995,2/3-((($A17-1986)/3)-2)^2+0.5*((($A17-1986)/3)-2)^3,IF($A17<=1998,(4-(($A17-1986)/3))^3/6,0))))) -> 0 | E17: =IF($A17<=1989,0,IF($A17<=1992,(($A17-1989)/3)^3/6,IF($A17<=1995,2/3-((($A17-1989)/3)-2)^2-0.5*((($A17-1989)/3)-2)^3,IF($A17<=1998,2/3-((($A17-1989)/3)-2)^2+0.5*((($A17-1989)/3)-2)^3,IF($A17<=2001,(4-(($A17-1989)/3))^3/6,0))))) -> 0 | F17: =IF($A17<=1992,0,IF($A17<=1995,(($A17-1992)/3)^3/6,IF($A17<=1998,2/3-((($A17-1992)/3)-2)^2-0.5*((($A17-1992)/3)-2)^3,IF($A17<=2001,2/3-((($A17-1992)/3)-2)^2+0.5*((($A17-1992)/3)-2)^3,IF($A17<=2004,(4-(($A17-1992)/3))^3/6,0))))) -> 0 | G17: =IF($A17<=1995,0,IF($A17<=1998,(($A17-1995)/3)^3/6,IF($A17<=2001,2/3-((($A17-1995)/3)-2)^2-0.5*((($A17-1995)/3)-2)^3,IF($A17<=2004,2/3-((($A17-1995)/3)-2)^2+0.5*((($A17-1995)/3)-2)^3,IF($A17<=2007,(4-(($A17-1995)/3))^3/6,0))))) -> 0.16666667 | H17: =IF($A17<=1998,0,IF($A17<=2001,(($A17-1998)/3)^3/6,IF($A17<=2004,2/3-((($A17-1998)/3)-2)^2-0.5*((($A17-1998)/3)-2)^3,IF($A17<=2007,2/3-((($A17-1998)/3)-2)^2+0.5*((($A17-1998)/3)-2)^3,IF($A17<=2010,(4-(($A17-1998)/3))^3/6,0))))) -> 0.66666667 | I17: =IF($A17<=2001,0,IF($A17<=2004,(($A17-2001)/3)^3/6,IF($A17<=2007,2/3-((($A17-2001)/3)-2)^2-0.5*((($A17-2001)/3)-2)^3,IF($A17<=2010,2/3-((($A17-2001)/3)-2)^2+0.5*((($A17-2001)/3)-2)^3,IF($A17<=2013,(4-(($A17-2001)/3))^3/6,0))))) -> 0.16666667 | J17: =SUMPRODUCT(D17:I17,$B$24:$G$24) -> -7.3725315 | K17: =C17-J17 -> 0.0029652113 | L17: =K17^2 -> 8.7924778e-06
A23: Coefficient knot year | B23: 1986 | C23: 1989 | D23: 1992 | E23: 1995 | F23: 1998 | G23: 2001
A24: theta (Solver values) | B24: -7.0619388 | C24: -7.0444231 | D24: -7.0381855 | E24: -7.1489939 | F24: -7.3713428 | G24: -7.6008243
A25: First difference | B25: =C24-B24 -> 0.017515755 | C25: =D24-C24 -> 0.0062375875 | D25: =E24-D24 -> -0.11080842 | E25: =F24-E24 -> -0.22234885 | F25: =G24-F24 -> -0.2294815
A26: Second difference | B26: =C25-B25 -> -0.011278167 | C26: =D25-C25 -> -0.11704601 | D26: =E25-D25 -> -0.11154043 | E26: =F25-E25 -> -0.0071326559
A27: Squared second difference | B27: =B26^2 -> 0.00012719706 | C27: =C26^2 -> 0.013699768 | D27: =D26^2 -> 0.012441267 | E27: =E26^2 -> 5.087478e-05
A31: Total SSE | B31: =SUM(L8:L17) -> 0.078972717
A32: Penalty (unweighted) | B32: =SUM(B27:E27) -> 0.026319106
A33: lambda | B33: 1
A34: Objective L | B34: =B31+B33/2*B32 -> 0.09213227
A37: Solver: minimise $B$34 by changing $B$24:$G$24. Method: GRG Nonlinear; no constraints; disable nonnegative-variable option; enable automatic scaling. lambda=$B$33=1. Decision cells already contain the fitted coefficient values and can be rerun directly.
A39: The numeric coefficient values were obtained by numerical minimisation of the displayed objective and checked against its normal equations. Microsoft Excel Solver was not executed in this environment; its reproducible settings are saved in this sheet.
A41: Forecast worksheet: Q2(c)_M1_Forecast. Forward coefficient differences are computed exactly as in Week 11, using h=3 year(s); projected second differences are zero. No extra smoothing parameter search or positivity constraints are added.

Sheet Q2(c)_M1_Forecast
A1: Q2(c)_M1_Forecast — Week 11 forecasting layout
A2: Coefficient forecasts: theta_new=2*theta_previous−theta_two_periods_back, so added second differences are zero. Fit/forecast LN(m) with SUMPRODUCT; apply EXP to return to mortality rates. No observed data after 2004 enter estimation.
K5: =B7 -> -7.0619388 | L5: =B8 -> -7.0444231 | M5: =B9 -> -7.0381855 | N5: =B10 -> -7.1489939 | O5: =B11 -> -7.3713428 | P5: =B12 -> -7.6008243 | Q5: =B13 -> -7.8303058 | R5: =B14 -> -8.0597873 | S5: =B15 -> -8.2892688 | T5: =B16 -> -8.5187503 | U5: =B17 -> -8.7482318
A6: Coefficient knot year | B6: theta | C6: First difference | D6: Second difference | F6: Year | G6: Observed mortality | H6: Fitted / forecast LN(m) | I6: Fitted / forecast m | J6: Period | K6: 1986 | L6: 1989 | M6: 1992 | N6: 1995 | O6: 1998 | P6: 2001 | Q6: 2004 | R6: 2007 | S6: 2010 | T6: 2013 | U6: 2016
A7: 1986 | B7: ='Q2(c)_M1'!B24 -> -7.0619388 | F7: 1995 | G7: ='M_70_t'!B2 -> 0.00085662921 | H7: =SUMPRODUCT(K7:U7,$K$5:$U$5) -> -7.0463028 | I7: =EXP(H7) -> 0.0008706219 | J7: Fitted | K7: =IF($F7<=1986,0,IF($F7<=1989,(($F7-1986)/3)^3/6,IF($F7<=1992,2/3-((($F7-1986)/3)-2)^2-0.5*((($F7-1986)/3)-2)^3,IF($F7<=1995,2/3-((($F7-1986)/3)-2)^2+0.5*((($F7-1986)/3)-2)^3,IF($F7<=1998,(4-(($F7-1986)/3))^3/6,0))))) -> 0.16666667 | L7: =IF($F7<=1989,0,IF($F7<=1992,(($F7-1989)/3)^3/6,IF($F7<=1995,2/3-((($F7-1989)/3)-2)^2-0.5*((($F7-1989)/3)-2)^3,IF($F7<=1998,2/3-((($F7-1989)/3)-2)^2+0.5*((($F7-1989)/3)-2)^3,IF($F7<=2001,(4-(($F7-1989)/3))^3/6,0))))) -> 0.66666667 | M7: =IF($F7<=1992,0,IF($F7<=1995,(($F7-1992)/3)^3/6,IF($F7<=1998,2/3-((($F7-1992)/3)-2)^2-0.5*((($F7-1992)/3)-2)^3,IF($F7<=2001,2/3-((($F7-1992)/3)-2)^2+0.5*((($F7-1992)/3)-2)^3,IF($F7<=2004,(4-(($F7-1992)/3))^3/6,0))))) -> 0.16666667 | N7: =IF($F7<=1995,0,IF($F7<=1998,(($F7-1995)/3)^3/6,IF($F7<=2001,2/3-((($F7-1995)/3)-2)^2-0.5*((($F7-1995)/3)-2)^3,IF($F7<=2004,2/3-((($F7-1995)/3)-2)^2+0.5*((($F7-1995)/3)-2)^3,IF($F7<=2007,(4-(($F7-1995)/3))^3/6,0))))) -> 0 | O7: =IF($F7<=1998,0,IF($F7<=2001,(($F7-1998)/3)^3/6,IF($F7<=2004,2/3-((($F7-1998)/3)-2)^2-0.5*((($F7-1998)/3)-2)^3,IF($F7<=2007,2/3-((($F7-1998)/3)-2)^2+0.5*((($F7-1998)/3)-2)^3,IF($F7<=2010,(4-(($F7-1998)/3))^3/6,0))))) -> 0 | P7: =IF($F7<=2001,0,IF($F7<=2004,(($F7-2001)/3)^3/6,IF($F7<=2007,2/3-((($F7-2001)/3)-2)^2-0.5*((($F7-2001)/3)-2)^3,IF($F7<=2010,2/3-((($F7-2001)/3)-2)^2+0.5*((($F7-2001)/3)-2)^3,IF($F7<=2013,(4-(($F7-2001)/3))^3/6,0))))) -> 0 | Q7: =IF($F7<=2004,0,IF($F7<=2007,(($F7-2004)/3)^3/6,IF($F7<=2010,2/3-((($F7-2004)/3)-2)^2-0.5*((($F7-2004)/3)-2)^3,IF($F7<=2013,2/3-((($F7-2004)/3)-2)^2+0.5*((($F7-2004)/3)-2)^3,IF($F7<=2016,(4-(($F7-2004)/3))^3/6,0))))) -> 0 | R7: =IF($F7<=2007,0,IF($F7<=2010,(($F7-2007)/3)^3/6,IF($F7<=2013,2/3-((($F7-2007)/3)-2)^2-0.5*((($F7-2007)/3)-2)^3,IF($F7<=2016,2/3-((($F7-2007)/3)-2)^2+0.5*((($F7-2007)/3)-2)^3,IF($F7<=2019,(4-(($F7-2007)/3))^3/6,0))))) -> 0 | S7: =IF($F7<=2010,0,IF($F7<=2013,(($F7-2010)/3)^3/6,IF($F7<=2016,2/3-((($F7-2010)/3)-2)^2-0.5*((($F7-2010)/3)-2)^3,IF($F7<=2019,2/3-((($F7-2010)/3)-2)^2+0.5*((($F7-2010)/3)-2)^3,IF($F7<=2022,(4-(($F7-2010)/3))^3/6,0))))) -> 0 | T7: =IF($F7<=2013,0,IF($F7<=2016,(($F7-2013)/3)^3/6,IF($F7<=2019,2/3-((($F7-2013)/3)-2)^2-0.5*((($F7-2013)/3)-2)^3,IF($F7<=2022,2/3-((($F7-2013)/3)-2)^2+0.5*((($F7-2013)/3)-2)^3,IF($F7<=2025,(4-(($F7-2013)/3))^3/6,0))))) -> 0 | U7: =IF($F7<=2016,0,IF($F7<=2019,(($F7-2016)/3)^3/6,IF($F7<=2022,2/3-((($F7-2016)/3)-2)^2-0.5*((($F7-2016)/3)-2)^3,IF($F7<=2025,2/3-((($F7-2016)/3)-2)^2+0.5*((($F7-2016)/3)-2)^3,IF($F7<=2028,(4-(($F7-2016)/3))^3/6,0))))) -> 0
A8: 1989 | B8: ='Q2(c)_M1'!C24 -> -7.0444231 | C8: =B8-B7 -> 0.017515755 | F8: 1996 | G8: ='M_70_t'!B3 -> 0.00082999933 | H8: =SUMPRODUCT(K8:U8,$K$5:$U$5) -> -7.0436233 | I8: =EXP(H8) -> 0.0008729578 | J8: Fitted | K8: =IF($F8<=1986,0,IF($F8<=1989,(($F8-1986)/3)^3/6,IF($F8<=1992,2/3-((($F8-1986)/3)-2)^2-0.5*((($F8-1986)/3)-2)^3,IF($F8<=1995,2/3-((($F8-1986)/3)-2)^2+0.5*((($F8-1986)/3)-2)^3,IF($F8<=1998,(4-(($F8-1986)/3))^3/6,0))))) -> 0.049382716 | L8: =IF($F8<=1989,0,IF($F8<=1992,(($F8-1989)/3)^3/6,IF($F8<=1995,2/3-((($F8-1989)/3)-2)^2-0.5*((($F8-1989)/3)-2)^3,IF($F8<=1998,2/3-((($F8-1989)/3)-2)^2+0.5*((($F8-1989)/3)-2)^3,IF($F8<=2001,(4-(($F8-1989)/3))^3/6,0))))) -> 0.57407407 | M8: =IF($F8<=1992,0,IF($F8<=1995,(($F8-1992)/3)^3/6,IF($F8<=1998,2/3-((($F8-1992)/3)-2)^2-0.5*((($F8-1992)/3)-2)^3,IF($F8<=2001,2/3-((($F8-1992)/3)-2)^2+0.5*((($F8-1992)/3)-2)^3,IF($F8<=2004,(4-(($F8-1992)/3))^3/6,0))))) -> 0.37037037 | N8: =IF($F8<=1995,0,IF($F8<=1998,(($F8-1995)/3)^3/6,IF($F8<=2001,2/3-((($F8-1995)/3)-2)^2-0.5*((($F8-1995)/3)-2)^3,IF($F8<=2004,2/3-((($F8-1995)/3)-2)^2+0.5*((($F8-1995)/3)-2)^3,IF($F8<=2007,(4-(($F8-1995)/3))^3/6,0))))) -> 0.0061728395 | O8: =IF($F8<=1998,0,IF($F8<=2001,(($F8-1998)/3)^3/6,IF($F8<=2004,2/3-((($F8-1998)/3)-2)^2-0.5*((($F8-1998)/3)-2)^3,IF($F8<=2007,2/3-((($F8-1998)/3)-2)^2+0.5*((($F8-1998)/3)-2)^3,IF($F8<=2010,(4-(($F8-1998)/3))^3/6,0))))) -> 0 | P8: =IF($F8<=2001,0,IF($F8<=2004,(($F8-2001)/3)^3/6,IF($F8<=2007,2/3-((($F8-2001)/3)-2)^2-0.5*((($F8-2001)/3)-2)^3,IF($F8<=2010,2/3-((($F8-2001)/3)-2)^2+0.5*((($F8-2001)/3)-2)^3,IF($F8<=2013,(4-(($F8-2001)/3))^3/6,0))))) -> 0 | Q8: =IF($F8<=2004,0,IF($F8<=2007,(($F8-2004)/3)^3/6,IF($F8<=2010,2/3-((($F8-2004)/3)-2)^2-0.5*((($F8-2004)/3)-2)^3,IF($F8<=2013,2/3-((($F8-2004)/3)-2)^2+0.5*((($F8-2004)/3)-2)^3,IF($F8<=2016,(4-(($F8-2004)/3))^3/6,0))))) -> 0 | R8: =IF($F8<=2007,0,IF($F8<=2010,(($F8-2007)/3)^3/6,IF($F8<=2013,2/3-((($F8-2007)/3)-2)^2-0.5*((($F8-2007)/3)-2)^3,IF($F8<=2016,2/3-((($F8-2007)/3)-2)^2+0.5*((($F8-2007)/3)-2)^3,IF($F8<=2019,(4-(($F8-2007)/3))^3/6,0))))) -> 0 | S8: =IF($F8<=2010,0,IF($F8<=2013,(($F8-2010)/3)^3/6,IF($F8<=2016,2/3-((($F8-2010)/3)-2)^2-0.5*((($F8-2010)/3)-2)^3,IF($F8<=2019,2/3-((($F8-2010)/3)-2)^2+0.5*((($F8-2010)/3)-2)^3,IF($F8<=2022,(4-(($F8-2010)/3))^3/6,0))))) -> 0 | T8: =IF($F8<=2013,0,IF($F8<=2016,(($F8-2013)/3)^3/6,IF($F8<=2019,2/3-((($F8-2013)/3)-2)^2-0.5*((($F8-2013)/3)-2)^3,IF($F8<=2022,2/3-((($F8-2013)/3)-2)^2+0.5*((($F8-2013)/3)-2)^3,IF($F8<=2025,(4-(($F8-2013)/3))^3/6,0))))) -> 0 | U8: =IF($F8<=2016,0,IF($F8<=2019,(($F8-2016)/3)^3/6,IF($F8<=2022,2/3-((($F8-2016)/3)-2)^2-0.5*((($F8-2016)/3)-2)^3,IF($F8<=2025,2/3-((($F8-2016)/3)-2)^2+0.5*((($F8-2016)/3)-2)^3,IF($F8<=2028,(4-(($F8-2016)/3))^3/6,0))))) -> 0
A9: 1992 | B9: ='Q2(c)_M1'!D24 -> -7.0381855 | C9: =B9-B8 -> 0.0062375875 | D9: =C9-C8 -> -0.011278167 | F9: 1997 | G9: ='M_70_t'!B4 -> 0.00080999953 | H9: =SUMPRODUCT(K9:U9,$K$5:$U$5) -> -7.0461144 | I9: =EXP(H9) -> 0.00087078595 | J9: Fitted | K9: =IF($F9<=1986,0,IF($F9<=1989,(($F9-1986)/3)^3/6,IF($F9<=1992,2/3-((($F9-1986)/3)-2)^2-0.5*((($F9-1986)/3)-2)^3,IF($F9<=1995,2/3-((($F9-1986)/3)-2)^2+0.5*((($F9-1986)/3)-2)^3,IF($F9<=1998,(4-(($F9-1986)/3))^3/6,0))))) -> 0.0061728395 | L9: =IF($F9<=1989,0,IF($F9<=1992,(($F9-1989)/3)^3/6,IF($F9<=1995,2/3-((($F9-1989)/3)-2)^2-0.5*((($F9-1989)/3)-2)^3,IF($F9<=1998,2/3-((($F9-1989)/3)-2)^2+0.5*((($F9-1989)/3)-2)^3,IF($F9<=2001,(4-(($F9-1989)/3))^3/6,0))))) -> 0.37037037 | M9: =IF($F9<=1992,0,IF($F9<=1995,(($F9-1992)/3)^3/6,IF($F9<=1998,2/3-((($F9-1992)/3)-2)^2-0.5*((($F9-1992)/3)-2)^3,IF($F9<=2001,2/3-((($F9-1992)/3)-2)^2+0.5*((($F9-1992)/3)-2)^3,IF($F9<=2004,(4-(($F9-1992)/3))^3/6,0))))) -> 0.57407407 | N9: =IF($F9<=1995,0,IF($F9<=1998,(($F9-1995)/3)^3/6,IF($F9<=2001,2/3-((($F9-1995)/3)-2)^2-0.5*((($F9-1995)/3)-2)^3,IF($F9<=2004,2/3-((($F9-1995)/3)-2)^2+0.5*((($F9-1995)/3)-2)^3,IF($F9<=2007,(4-(($F9-1995)/3))^3/6,0))))) -> 0.049382716 | O9: =IF($F9<=1998,0,IF($F9<=2001,(($F9-1998)/3)^3/6,IF($F9<=2004,2/3-((($F9-1998)/3)-2)^2-0.5*((($F9-1998)/3)-2)^3,IF($F9<=2007,2/3-((($F9-1998)/3)-2)^2+0.5*((($F9-1998)/3)-2)^3,IF($F9<=2010,(4-(($F9-1998)/3))^3/6,0))))) -> 0 | P9: =IF($F9<=2001,0,IF($F9<=2004,(($F9-2001)/3)^3/6,IF($F9<=2007,2/3-((($F9-2001)/3)-2)^2-0.5*((($F9-2001)/3)-2)^3,IF($F9<=2010,2/3-((($F9-2001)/3)-2)^2+0.5*((($F9-2001)/3)-2)^3,IF($F9<=2013,(4-(($F9-2001)/3))^3/6,0))))) -> 0 | Q9: =IF($F9<=2004,0,IF($F9<=2007,(($F9-2004)/3)^3/6,IF($F9<=2010,2/3-((($F9-2004)/3)-2)^2-0.5*((($F9-2004)/3)-2)^3,IF($F9<=2013,2/3-((($F9-2004)/3)-2)^2+0.5*((($F9-2004)/3)-2)^3,IF($F9<=2016,(4-(($F9-2004)/3))^3/6,0))))) -> 0 | R9: =IF($F9<=2007,0,IF($F9<=2010,(($F9-2007)/3)^3/6,IF($F9<=2013,2/3-((($F9-2007)/3)-2)^2-0.5*((($F9-2007)/3)-2)^3,IF($F9<=2016,2/3-((($F9-2007)/3)-2)^2+0.5*((($F9-2007)/3)-2)^3,IF($F9<=2019,(4-(($F9-2007)/3))^3/6,0))))) -> 0 | S9: =IF($F9<=2010,0,IF($F9<=2013,(($F9-2010)/3)^3/6,IF($F9<=2016,2/3-((($F9-2010)/3)-2)^2-0.5*((($F9-2010)/3)-2)^3,IF($F9<=2019,2/3-((($F9-2010)/3)-2)^2+0.5*((($F9-2010)/3)-2)^3,IF($F9<=2022,(4-(($F9-2010)/3))^3/6,0))))) -> 0 | T9: =IF($F9<=2013,0,IF($F9<=2016,(($F9-2013)/3)^3/6,IF($F9<=2019,2/3-((($F9-2013)/3)-2)^2-0.5*((($F9-2013)/3)-2)^3,IF($F9<=2022,2/3-((($F9-2013)/3)-2)^2+0.5*((($F9-2013)/3)-2)^3,IF($F9<=2025,(4-(($F9-2013)/3))^3/6,0))))) -> 0 | U9: =IF($F9<=2016,0,IF($F9<=2019,(($F9-2016)/3)^3/6,IF($F9<=2022,2/3-((($F9-2016)/3)-2)^2-0.5*((($F9-2016)/3)-2)^3,IF($F9<=2025,2/3-((($F9-2016)/3)-2)^2+0.5*((($F9-2016)/3)-2)^3,IF($F9<=2028,(4-(($F9-2016)/3))^3/6,0))))) -> 0
A10: 1995 | B10: ='Q2(c)_M1'!E24 -> -7.1489939 | C10: =B10-B9 -> -0.11080842 | D10: =C10-C9 -> -0.11704601 | F10: 1998 | G10: ='M_70_t'!B5 -> 0.00097750974 | H10: =SUMPRODUCT(K10:U10,$K$5:$U$5) -> -7.0576932 | I10: =EXP(H10) -> 0.00086076144 | J10: Fitted | K10: =IF($F10<=1986,0,IF($F10<=1989,(($F10-1986)/3)^3/6,IF($F10<=1992,2/3-((($F10-1986)/3)-2)^2-0.5*((($F10-1986)/3)-2)^3,IF($F10<=1995,2/3-((($F10-1986)/3)-2)^2+0.5*((($F10-1986)/3)-2)^3,IF($F10<=1998,(4-(($F10-1986)/3))^3/6,0))))) -> 0 | L10: =IF($F10<=1989,0,IF($F10<=1992,(($F10-1989)/3)^3/6,IF($F10<=1995,2/3-((($F10-1989)/3)-2)^2-0.5*((($F10-1989)/3)-2)^3,IF($F10<=1998,2/3-((($F10-1989)/3)-2)^2+0.5*((($F10-1989)/3)-2)^3,IF($F10<=2001,(4-(($F10-1989)/3))^3/6,0))))) -> 0.16666667 | M10: =IF($F10<=1992,0,IF($F10<=1995,(($F10-1992)/3)^3/6,IF($F10<=1998,2/3-((($F10-1992)/3)-2)^2-0.5*((($F10-1992)/3)-2)^3,IF($F10<=2001,2/3-((($F10-1992)/3)-2)^2+0.5*((($F10-1992)/3)-2)^3,IF($F10<=2004,(4-(($F10-1992)/3))^3/6,0))))) -> 0.66666667 | N10: =IF($F10<=1995,0,IF($F10<=1998,(($F10-1995)/3)^3/6,IF($F10<=2001,2/3-((($F10-1995)/3)-2)^2-0.5*((($F10-1995)/3)-2)^3,IF($F10<=2004,2/3-((($F10-1995)/3)-2)^2+0.5*((($F10-1995)/3)-2)^3,IF($F10<=2007,(4-(($F10-1995)/3))^3/6,0))))) -> 0.16666667 | O10: =IF($F10<=1998,0,IF($F10<=2001,(($F10-1998)/3)^3/6,IF($F10<=2004,2/3-((($F10-1998)/3)-2)^2-0.5*((($F10-1998)/3)-2)^3,IF($F10<=2007,2/3-((($F10-1998)/3)-2)^2+0.5*((($F10-1998)/3)-2)^3,IF($F10<=2010,(4-(($F10-1998)/3))^3/6,0))))) -> 0 | P10: =IF($F10<=2001,0,IF($F10<=2004,(($F10-2001)/3)^3/6,IF($F10<=2007,2/3-((($F10-2001)/3)-2)^2-0.5*((($F10-2001)/3)-2)^3,IF($F10<=2010,2/3-((($F10-2001)/3)-2)^2+0.5*((($F10-2001)/3)-2)^3,IF($F10<=2013,(4-(($F10-2001)/3))^3/6,0))))) -> 0 | Q10: =IF($F10<=2004,0,IF($F10<=2007,(($F10-2004)/3)^3/6,IF($F10<=2010,2/3-((($F10-2004)/3)-2)^2-0.5*((($F10-2004)/3)-2)^3,IF($F10<=2013,2/3-((($F10-2004)/3)-2)^2+0.5*((($F10-2004)/3)-2)^3,IF($F10<=2016,(4-(($F10-2004)/3))^3/6,0))))) -> 0 | R10: =IF($F10<=2007,0,IF($F10<=2010,(($F10-2007)/3)^3/6,IF($F10<=2013,2/3-((($F10-2007)/3)-2)^2-0.5*((($F10-2007)/3)-2)^3,IF($F10<=2016,2/3-((($F10-2007)/3)-2)^2+0.5*((($F10-2007)/3)-2)^3,IF($F10<=2019,(4-(($F10-2007)/3))^3/6,0))))) -> 0 | S10: =IF($F10<=2010,0,IF($F10<=2013,(($F10-2010)/3)^3/6,IF($F10<=2016,2/3-((($F10-2010)/3)-2)^2-0.5*((($F10-2010)/3)-2)^3,IF($F10<=2019,2/3-((($F10-2010)/3)-2)^2+0.5*((($F10-2010)/3)-2)^3,IF($F10<=2022,(4-(($F10-2010)/3))^3/6,0))))) -> 0 | T10: =IF($F10<=2013,0,IF($F10<=2016,(($F10-2013)/3)^3/6,IF($F10<=2019,2/3-((($F10-2013)/3)-2)^2-0.5*((($F10-2013)/3)-2)^3,IF($F10<=2022,2/3-((($F10-2013)/3)-2)^2+0.5*((($F10-2013)/3)-2)^3,IF($F10<=2025,(4-(($F10-2013)/3))^3/6,0))))) -> 0 | U10: =IF($F10<=2016,0,IF($F10<=2019,(($F10-2016)/3)^3/6,IF($F10<=2022,2/3-((($F10-2016)/3)-2)^2-0.5*((($F10-2016)/3)-2)^3,IF($F10<=2025,2/3-((($F10-2016)/3)-2)^2+0.5*((($F10-2016)/3)-2)^3,IF($F10<=2028,(4-(($F10-2016)/3))^3/6,0))))) -> 0
A11: 1998 | B11: ='Q2(c)_M1'!F24 -> -7.3713428 | C11: =B11-B10 -> -0.22234885 | D11: =C11-C10 -> -0.11154043 | F11: 1999 | G11: ='M_70_t'!B6 -> 0.00078849179 | H11: =SUMPRODUCT(K11:U11,$K$5:$U$5) -> -7.0815902 | I11: =EXP(H11) -> 0.00084043562 | J11: Fitted | K11: =IF($F11<=1986,0,IF($F11<=1989,(($F11-1986)/3)^3/6,IF($F11<=1992,2/3-((($F11-1986)/3)-2)^2-0.5*((($F11-1986)/3)-2)^3,IF($F11<=1995,2/3-((($F11-1986)/3)-2)^2+0.5*((($F11-1986)/3)-2)^3,IF($F11<=1998,(4-(($F11-1986)/3))^3/6,0))))) -> 0 | L11: =IF($F11<=1989,0,IF($F11<=1992,(($F11-1989)/3)^3/6,IF($F11<=1995,2/3-((($F11-1989)/3)-2)^2-0.5*((($F11-1989)/3)-2)^3,IF($F11<=1998,2/3-((($F11-1989)/3)-2)^2+0.5*((($F11-1989)/3)-2)^3,IF($F11<=2001,(4-(($F11-1989)/3))^3/6,0))))) -> 0.049382716 | M11: =IF($F11<=1992,0,IF($F11<=1995,(($F11-1992)/3)^3/6,IF($F11<=1998,2/3-((($F11-1992)/3)-2)^2-0.5*((($F11-1992)/3)-2)^3,IF($F11<=2001,2/3-((($F11-1992)/3)-2)^2+0.5*((($F11-1992)/3)-2)^3,IF($F11<=2004,(4-(($F11-1992)/3))^3/6,0))))) -> 0.57407407 | N11: =IF($F11<=1995,0,IF($F11<=1998,(($F11-1995)/3)^3/6,IF($F11<=2001,2/3-((($F11-1995)/3)-2)^2-0.5*((($F11-1995)/3)-2)^3,IF($F11<=2004,2/3-((($F11-1995)/3)-2)^2+0.5*((($F11-1995)/3)-2)^3,IF($F11<=2007,(4-(($F11-1995)/3))^3/6,0))))) -> 0.37037037 | O11: =IF($F11<=1998,0,IF($F11<=2001,(($F11-1998)/3)^3/6,IF($F11<=2004,2/3-((($F11-1998)/3)-2)^2-0.5*((($F11-1998)/3)-2)^3,IF($F11<=2007,2/3-((($F11-1998)/3)-2)^2+0.5*((($F11-1998)/3)-2)^3,IF($F11<=2010,(4-(($F11-1998)/3))^3/6,0))))) -> 0.0061728395 | P11: =IF($F11<=2001,0,IF($F11<=2004,(($F11-2001)/3)^3/6,IF($F11<=2007,2/3-((($F11-2001)/3)-2)^2-0.5*((($F11-2001)/3)-2)^3,IF($F11<=2010,2/3-((($F11-2001)/3)-2)^2+0.5*((($F11-2001)/3)-2)^3,IF($F11<=2013,(4-(($F11-2001)/3))^3/6,0))))) -> 0 | Q11: =IF($F11<=2004,0,IF($F11<=2007,(($F11-2004)/3)^3/6,IF($F11<=2010,2/3-((($F11-2004)/3)-2)^2-0.5*((($F11-2004)/3)-2)^3,IF($F11<=2013,2/3-((($F11-2004)/3)-2)^2+0.5*((($F11-2004)/3)-2)^3,IF($F11<=2016,(4-(($F11-2004)/3))^3/6,0))))) -> 0 | R11: =IF($F11<=2007,0,IF($F11<=2010,(($F11-2007)/3)^3/6,IF($F11<=2013,2/3-((($F11-2007)/3)-2)^2-0.5*((($F11-2007)/3)-2)^3,IF($F11<=2016,2/3-((($F11-2007)/3)-2)^2+0.5*((($F11-2007)/3)-2)^3,IF($F11<=2019,(4-(($F11-2007)/3))^3/6,0))))) -> 0 | S11: =IF($F11<=2010,0,IF($F11<=2013,(($F11-2010)/3)^3/6,IF($F11<=2016,2/3-((($F11-2010)/3)-2)^2-0.5*((($F11-2010)/3)-2)^3,IF($F11<=2019,2/3-((($F11-2010)/3)-2)^2+0.5*((($F11-2010)/3)-2)^3,IF($F11<=2022,(4-(($F11-2010)/3))^3/6,0))))) -> 0 | T11: =IF($F11<=2013,0,IF($F11<=2016,(($F11-2013)/3)^3/6,IF($F11<=2019,2/3-((($F11-2013)/3)-2)^2-0.5*((($F11-2013)/3)-2)^3,IF($F11<=2022,2/3-((($F11-2013)/3)-2)^2+0.5*((($F11-2013)/3)-2)^3,IF($F11<=2025,(4-(($F11-2013)/3))^3/6,0))))) -> 0 | U11: =IF($F11<=2016,0,IF($F11<=2019,(($F11-2016)/3)^3/6,IF($F11<=2022,2/3-((($F11-2016)/3)-2)^2-0.5*((($F11-2016)/3)-2)^3,IF($F11<=2025,2/3-((($F11-2016)/3)-2)^2+0.5*((($F11-2016)/3)-2)^3,IF($F11<=2028,(4-(($F11-2016)/3))^3/6,0))))) -> 0
A12: 2001 | B12: ='Q2(c)_M1'!G24 -> -7.6008243 | C12: =B12-B11 -> -0.2294815 | D12: =C12-C11 -> -0.0071326559 | F12: 2000 | G12: ='M_70_t'!B7 -> 0.00099667191 | H12: =SUMPRODUCT(K12:U12,$K$5:$U$5) -> -7.1182885 | I12: =EXP(H12) -> 0.00081015218 | J12: Fitted | K12: =IF($F12<=1986,0,IF($F12<=1989,(($F12-1986)/3)^3/6,IF($F12<=1992,2/3-((($F12-1986)/3)-2)^2-0.5*((($F12-1986)/3)-2)^3,IF($F12<=1995,2/3-((($F12-1986)/3)-2)^2+0.5*((($F12-1986)/3)-2)^3,IF($F12<=1998,(4-(($F12-1986)/3))^3/6,0))))) -> 0 | L12: =IF($F12<=1989,0,IF($F12<=1992,(($F12-1989)/3)^3/6,IF($F12<=1995,2/3-((($F12-1989)/3)-2)^2-0.5*((($F12-1989)/3)-2)^3,IF($F12<=1998,2/3-((($F12-1989)/3)-2)^2+0.5*((($F12-1989)/3)-2)^3,IF($F12<=2001,(4-(($F12-1989)/3))^3/6,0))))) -> 0.0061728395 | M12: =IF($F12<=1992,0,IF($F12<=1995,(($F12-1992)/3)^3/6,IF($F12<=1998,2/3-((($F12-1992)/3)-2)^2-0.5*((($F12-1992)/3)-2)^3,IF($F12<=2001,2/3-((($F12-1992)/3)-2)^2+0.5*((($F12-1992)/3)-2)^3,IF($F12<=2004,(4-(($F12-1992)/3))^3/6,0))))) -> 0.37037037 | N12: =IF($F12<=1995,0,IF($F12<=1998,(($F12-1995)/3)^3/6,IF($F12<=2001,2/3-((($F12-1995)/3)-2)^2-0.5*((($F12-1995)/3)-2)^3,IF($F12<=2004,2/3-((($F12-1995)/3)-2)^2+0.5*((($F12-1995)/3)-2)^3,IF($F12<=2007,(4-(($F12-1995)/3))^3/6,0))))) -> 0.57407407 | O12: =IF($F12<=1998,0,IF($F12<=2001,(($F12-1998)/3)^3/6,IF($F12<=2004,2/3-((($F12-1998)/3)-2)^2-0.5*((($F12-1998)/3)-2)^3,IF($F12<=2007,2/3-((($F12-1998)/3)-2)^2+0.5*((($F12-1998)/3)-2)^3,IF($F12<=2010,(4-(($F12-1998)/3))^3/6,0))))) -> 0.049382716 | P12: =IF($F12<=2001,0,IF($F12<=2004,(($F12-2001)/3)^3/6,IF($F12<=2007,2/3-((($F12-2001)/3)-2)^2-0.5*((($F12-2001)/3)-2)^3,IF($F12<=2010,2/3-((($F12-2001)/3)-2)^2+0.5*((($F12-2001)/3)-2)^3,IF($F12<=2013,(4-(($F12-2001)/3))^3/6,0))))) -> 0 | Q12: =IF($F12<=2004,0,IF($F12<=2007,(($F12-2004)/3)^3/6,IF($F12<=2010,2/3-((($F12-2004)/3)-2)^2-0.5*((($F12-2004)/3)-2)^3,IF($F12<=2013,2/3-((($F12-2004)/3)-2)^2+0.5*((($F12-2004)/3)-2)^3,IF($F12<=2016,(4-(($F12-2004)/3))^3/6,0))))) -> 0 | R12: =IF($F12<=2007,0,IF($F12<=2010,(($F12-2007)/3)^3/6,IF($F12<=2013,2/3-((($F12-2007)/3)-2)^2-0.5*((($F12-2007)/3)-2)^3,IF($F12<=2016,2/3-((($F12-2007)/3)-2)^2+0.5*((($F12-2007)/3)-2)^3,IF($F12<=2019,(4-(($F12-2007)/3))^3/6,0))))) -> 0 | S12: =IF($F12<=2010,0,IF($F12<=2013,(($F12-2010)/3)^3/6,IF($F12<=2016,2/3-((($F12-2010)/3)-2)^2-0.5*((($F12-2010)/3)-2)^3,IF($F12<=2019,2/3-((($F12-2010)/3)-2)^2+0.5*((($F12-2010)/3)-2)^3,IF($F12<=2022,(4-(($F12-2010)/3))^3/6,0))))) -> 0 | T12: =IF($F12<=2013,0,IF($F12<=2016,(($F12-2013)/3)^3/6,IF($F12<=2019,2/3-((($F12-2013)/3)-2)^2-0.5*((($F12-2013)/3)-2)^3,IF($F12<=2022,2/3-((($F12-2013)/3)-2)^2+0.5*((($F12-2013)/3)-2)^3,IF($F12<=2025,(4-(($F12-2013)/3))^3/6,0))))) -> 0 | U12: =IF($F12<=2016,0,IF($F12<=2019,(($F12-2016)/3)^3/6,IF($F12<=2022,2/3-((($F12-2016)/3)-2)^2-0.5*((($F12-2016)/3)-2)^3,IF($F12<=2025,2/3-((($F12-2016)/3)-2)^2+0.5*((($F12-2016)/3)-2)^3,IF($F12<=2028,(4-(($F12-2016)/3))^3/6,0))))) -> 0
A13: 2004 | B13: =2*B12-B11 -> -7.8303058 | C13: =B13-B12 -> -0.2294815 | D13: =C13-C12 -> 0 | F13: 2001 | G13: ='M_70_t'!B8 -> 0.00075112818 | H13: =SUMPRODUCT(K13:U13,$K$5:$U$5) -> -7.167584 | I13: =EXP(H13) -> 0.00077118367 | J13: Fitted | K13: =IF($F13<=1986,0,IF($F13<=1989,(($F13-1986)/3)^3/6,IF($F13<=1992,2/3-((($F13-1986)/3)-2)^2-0.5*((($F13-1986)/3)-2)^3,IF($F13<=1995,2/3-((($F13-1986)/3)-2)^2+0.5*((($F13-1986)/3)-2)^3,IF($F13<=1998,(4-(($F13-1986)/3))^3/6,0))))) -> 0 | L13: =IF($F13<=1989,0,IF($F13<=1992,(($F13-1989)/3)^3/6,IF($F13<=1995,2/3-((($F13-1989)/3)-2)^2-0.5*((($F13-1989)/3)-2)^3,IF($F13<=1998,2/3-((($F13-1989)/3)-2)^2+0.5*((($F13-1989)/3)-2)^3,IF($F13<=2001,(4-(($F13-1989)/3))^3/6,0))))) -> 0 | M13: =IF($F13<=1992,0,IF($F13<=1995,(($F13-1992)/3)^3/6,IF($F13<=1998,2/3-((($F13-1992)/3)-2)^2-0.5*((($F13-1992)/3)-2)^3,IF($F13<=2001,2/3-((($F13-1992)/3)-2)^2+0.5*((($F13-1992)/3)-2)^3,IF($F13<=2004,(4-(($F13-1992)/3))^3/6,0))))) -> 0.16666667 | N13: =IF($F13<=1995,0,IF($F13<=1998,(($F13-1995)/3)^3/6,IF($F13<=2001,2/3-((($F13-1995)/3)-2)^2-0.5*((($F13-1995)/3)-2)^3,IF($F13<=2004,2/3-((($F13-1995)/3)-2)^2+0.5*((($F13-1995)/3)-2)^3,IF($F13<=2007,(4-(($F13-1995)/3))^3/6,0))))) -> 0.66666667 | O13: =IF($F13<=1998,0,IF($F13<=2001,(($F13-1998)/3)^3/6,IF($F13<=2004,2/3-((($F13-1998)/3)-2)^2-0.5*((($F13-1998)/3)-2)^3,IF($F13<=2007,2/3-((($F13-1998)/3)-2)^2+0.5*((($F13-1998)/3)-2)^3,IF($F13<=2010,(4-(($F13-1998)/3))^3/6,0))))) -> 0.16666667 | P13: =IF($F13<=2001,0,IF($F13<=2004,(($F13-2001)/3)^3/6,IF($F13<=2007,2/3-((($F13-2001)/3)-2)^2-0.5*((($F13-2001)/3)-2)^3,IF($F13<=2010,2/3-((($F13-2001)/3)-2)^2+0.5*((($F13-2001)/3)-2)^3,IF($F13<=2013,(4-(($F13-2001)/3))^3/6,0))))) -> 0 | Q13: =IF($F13<=2004,0,IF($F13<=2007,(($F13-2004)/3)^3/6,IF($F13<=2010,2/3-((($F13-2004)/3)-2)^2-0.5*((($F13-2004)/3)-2)^3,IF($F13<=2013,2/3-((($F13-2004)/3)-2)^2+0.5*((($F13-2004)/3)-2)^3,IF($F13<=2016,(4-(($F13-2004)/3))^3/6,0))))) -> 0 | R13: =IF($F13<=2007,0,IF($F13<=2010,(($F13-2007)/3)^3/6,IF($F13<=2013,2/3-((($F13-2007)/3)-2)^2-0.5*((($F13-2007)/3)-2)^3,IF($F13<=2016,2/3-((($F13-2007)/3)-2)^2+0.5*((($F13-2007)/3)-2)^3,IF($F13<=2019,(4-(($F13-2007)/3))^3/6,0))))) -> 0 | S13: =IF($F13<=2010,0,IF($F13<=2013,(($F13-2010)/3)^3/6,IF($F13<=2016,2/3-((($F13-2010)/3)-2)^2-0.5*((($F13-2010)/3)-2)^3,IF($F13<=2019,2/3-((($F13-2010)/3)-2)^2+0.5*((($F13-2010)/3)-2)^3,IF($F13<=2022,(4-(($F13-2010)/3))^3/6,0))))) -> 0 | T13: =IF($F13<=2013,0,IF($F13<=2016,(($F13-2013)/3)^3/6,IF($F13<=2019,2/3-((($F13-2013)/3)-2)^2-0.5*((($F13-2013)/3)-2)^3,IF($F13<=2022,2/3-((($F13-2013)/3)-2)^2+0.5*((($F13-2013)/3)-2)^3,IF($F13<=2025,(4-(($F13-2013)/3))^3/6,0))))) -> 0 | U13: =IF($F13<=2016,0,IF($F13<=2019,(($F13-2016)/3)^3/6,IF($F13<=2022,2/3-((($F13-2016)/3)-2)^2-0.5*((($F13-2016)/3)-2)^3,IF($F13<=2025,2/3-((($F13-2016)/3)-2)^2+0.5*((($F13-2016)/3)-2)^3,IF($F13<=2028,(4-(($F13-2016)/3))^3/6,0))))) -> 0
A14: 2007 | B14: =2*B13-B12 -> -8.0597873 | C14: =B14-B13 -> -0.2294815 | D14: =C14-C13 -> -8.8817842e-16 | F14: 2002 | G14: ='M_70_t'!B9 -> 0.0007042875 | H14: =SUMPRODUCT(K14:U14,$K$5:$U$5) -> -7.2286624 | I14: =EXP(H14) -> 0.00072549063 | J14: Fitted | K14: =IF($F14<=1986,0,IF($F14<=1989,(($F14-1986)/3)^3/6,IF($F14<=1992,2/3-((($F14-1986)/3)-2)^2-0.5*((($F14-1986)/3)-2)^3,IF($F14<=1995,2/3-((($F14-1986)/3)-2)^2+0.5*((($F14-1986)/3)-2)^3,IF($F14<=1998,(4-(($F14-1986)/3))^3/6,0))))) -> 0 | L14: =IF($F14<=1989,0,IF($F14<=1992,(($F14-1989)/3)^3/6,IF($F14<=1995,2/3-((($F14-1989)/3)-2)^2-0.5*((($F14-1989)/3)-2)^3,IF($F14<=1998,2/3-((($F14-1989)/3)-2)^2+0.5*((($F14-1989)/3)-2)^3,IF($F14<=2001,(4-(($F14-1989)/3))^3/6,0))))) -> 0 | M14: =IF($F14<=1992,0,IF($F14<=1995,(($F14-1992)/3)^3/6,IF($F14<=1998,2/3-((($F14-1992)/3)-2)^2-0.5*((($F14-1992)/3)-2)^3,IF($F14<=2001,2/3-((($F14-1992)/3)-2)^2+0.5*((($F14-1992)/3)-2)^3,IF($F14<=2004,(4-(($F14-1992)/3))^3/6,0))))) -> 0.049382716 | N14: =IF($F14<=1995,0,IF($F14<=1998,(($F14-1995)/3)^3/6,IF($F14<=2001,2/3-((($F14-1995)/3)-2)^2-0.5*((($F14-1995)/3)-2)^3,IF($F14<=2004,2/3-((($F14-1995)/3)-2)^2+0.5*((($F14-1995)/3)-2)^3,IF($F14<=2007,(4-(($F14-1995)/3))^3/6,0))))) -> 0.57407407 | O14: =IF($F14<=1998,0,IF($F14<=2001,(($F14-1998)/3)^3/6,IF($F14<=2004,2/3-((($F14-1998)/3)-2)^2-0.5*((($F14-1998)/3)-2)^3,IF($F14<=2007,2/3-((($F14-1998)/3)-2)^2+0.5*((($F14-1998)/3)-2)^3,IF($F14<=2010,(4-(($F14-1998)/3))^3/6,0))))) -> 0.37037037 | P14: =IF($F14<=2001,0,IF($F14<=2004,(($F14-2001)/3)^3/6,IF($F14<=2007,2/3-((($F14-2001)/3)-2)^2-0.5*((($F14-2001)/3)-2)^3,IF($F14<=2010,2/3-((($F14-2001)/3)-2)^2+0.5*((($F14-2001)/3)-2)^3,IF($F14<=2013,(4-(($F14-2001)/3))^3/6,0))))) -> 0.0061728395 | Q14: =IF($F14<=2004,0,IF($F14<=2007,(($F14-2004)/3)^3/6,IF($F14<=2010,2/3-((($F14-2004)/3)-2)^2-0.5*((($F14-2004)/3)-2)^3,IF($F14<=2013,2/3-((($F14-2004)/3)-2)^2+0.5*((($F14-2004)/3)-2)^3,IF($F14<=2016,(4-(($F14-2004)/3))^3/6,0))))) -> 0 | R14: =IF($F14<=2007,0,IF($F14<=2010,(($F14-2007)/3)^3/6,IF($F14<=2013,2/3-((($F14-2007)/3)-2)^2-0.5*((($F14-2007)/3)-2)^3,IF($F14<=2016,2/3-((($F14-2007)/3)-2)^2+0.5*((($F14-2007)/3)-2)^3,IF($F14<=2019,(4-(($F14-2007)/3))^3/6,0))))) -> 0 | S14: =IF($F14<=2010,0,IF($F14<=2013,(($F14-2010)/3)^3/6,IF($F14<=2016,2/3-((($F14-2010)/3)-2)^2-0.5*((($F14-2010)/3)-2)^3,IF($F14<=2019,2/3-((($F14-2010)/3)-2)^2+0.5*((($F14-2010)/3)-2)^3,IF($F14<=2022,(4-(($F14-2010)/3))^3/6,0))))) -> 0 | T14: =IF($F14<=2013,0,IF($F14<=2016,(($F14-2013)/3)^3/6,IF($F14<=2019,2/3-((($F14-2013)/3)-2)^2-0.5*((($F14-2013)/3)-2)^3,IF($F14<=2022,2/3-((($F14-2013)/3)-2)^2+0.5*((($F14-2013)/3)-2)^3,IF($F14<=2025,(4-(($F14-2013)/3))^3/6,0))))) -> 0 | U14: =IF($F14<=2016,0,IF($F14<=2019,(($F14-2016)/3)^3/6,IF($F14<=2022,2/3-((($F14-2016)/3)-2)^2-0.5*((($F14-2016)/3)-2)^3,IF($F14<=2025,2/3-((($F14-2016)/3)-2)^2+0.5*((($F14-2016)/3)-2)^3,IF($F14<=2028,(4-(($F14-2016)/3))^3/6,0))))) -> 0
A15: 2010 | B15: =2*B14-B13 -> -8.2892688 | C15: =B15-B14 -> -0.2294815 | D15: =C15-C14 -> 8.8817842e-16 | F15: 2003 | G15: ='M_70_t'!B10 -> 0.00062560882 | H15: =SUMPRODUCT(K15:U15,$K$5:$U$5) -> -7.2982672 | I15: =EXP(H15) -> 0.00067671034 | J15: Fitted | K15: =IF($F15<=1986,0,IF($F15<=1989,(($F15-1986)/3)^3/6,IF($F15<=1992,2/3-((($F15-1986)/3)-2)^2-0.5*((($F15-1986)/3)-2)^3,IF($F15<=1995,2/3-((($F15-1986)/3)-2)^2+0.5*((($F15-1986)/3)-2)^3,IF($F15<=1998,(4-(($F15-1986)/3))^3/6,0))))) -> 0 | L15: =IF($F15<=1989,0,IF($F15<=1992,(($F15-1989)/3)^3/6,IF($F15<=1995,2/3-((($F15-1989)/3)-2)^2-0.5*((($F15-1989)/3)-2)^3,IF($F15<=1998,2/3-((($F15-1989)/3)-2)^2+0.5*((($F15-1989)/3)-2)^3,IF($F15<=2001,(4-(($F15-1989)/3))^3/6,0))))) -> 0 | M15: =IF($F15<=1992,0,IF($F15<=1995,(($F15-1992)/3)^3/6,IF($F15<=1998,2/3-((($F15-1992)/3)-2)^2-0.5*((($F15-1992)/3)-2)^3,IF($F15<=2001,2/3-((($F15-1992)/3)-2)^2+0.5*((($F15-1992)/3)-2)^3,IF($F15<=2004,(4-(($F15-1992)/3))^3/6,0))))) -> 0.0061728395 | N15: =IF($F15<=1995,0,IF($F15<=1998,(($F15-1995)/3)^3/6,IF($F15<=2001,2/3-((($F15-1995)/3)-2)^2-0.5*((($F15-1995)/3)-2)^3,IF($F15<=2004,2/3-((($F15-1995)/3)-2)^2+0.5*((($F15-1995)/3)-2)^3,IF($F15<=2007,(4-(($F15-1995)/3))^3/6,0))))) -> 0.37037037 | O15: =IF($F15<=1998,0,IF($F15<=2001,(($F15-1998)/3)^3/6,IF($F15<=2004,2/3-((($F15-1998)/3)-2)^2-0.5*((($F15-1998)/3)-2)^3,IF($F15<=2007,2/3-((($F15-1998)/3)-2)^2+0.5*((($F15-1998)/3)-2)^3,IF($F15<=2010,(4-(($F15-1998)/3))^3/6,0))))) -> 0.57407407 | P15: =IF($F15<=2001,0,IF($F15<=2004,(($F15-2001)/3)^3/6,IF($F15<=2007,2/3-((($F15-2001)/3)-2)^2-0.5*((($F15-2001)/3)-2)^3,IF($F15<=2010,2/3-((($F15-2001)/3)-2)^2+0.5*((($F15-2001)/3)-2)^3,IF($F15<=2013,(4-(($F15-2001)/3))^3/6,0))))) -> 0.049382716 | Q15: =IF($F15<=2004,0,IF($F15<=2007,(($F15-2004)/3)^3/6,IF($F15<=2010,2/3-((($F15-2004)/3)-2)^2-0.5*((($F15-2004)/3)-2)^3,IF($F15<=2013,2/3-((($F15-2004)/3)-2)^2+0.5*((($F15-2004)/3)-2)^3,IF($F15<=2016,(4-(($F15-2004)/3))^3/6,0))))) -> 0 | R15: =IF($F15<=2007,0,IF($F15<=2010,(($F15-2007)/3)^3/6,IF($F15<=2013,2/3-((($F15-2007)/3)-2)^2-0.5*((($F15-2007)/3)-2)^3,IF($F15<=2016,2/3-((($F15-2007)/3)-2)^2+0.5*((($F15-2007)/3)-2)^3,IF($F15<=2019,(4-(($F15-2007)/3))^3/6,0))))) -> 0 | S15: =IF($F15<=2010,0,IF($F15<=2013,(($F15-2010)/3)^3/6,IF($F15<=2016,2/3-((($F15-2010)/3)-2)^2-0.5*((($F15-2010)/3)-2)^3,IF($F15<=2019,2/3-((($F15-2010)/3)-2)^2+0.5*((($F15-2010)/3)-2)^3,IF($F15<=2022,(4-(($F15-2010)/3))^3/6,0))))) -> 0 | T15: =IF($F15<=2013,0,IF($F15<=2016,(($F15-2013)/3)^3/6,IF($F15<=2019,2/3-((($F15-2013)/3)-2)^2-0.5*((($F15-2013)/3)-2)^3,IF($F15<=2022,2/3-((($F15-2013)/3)-2)^2+0.5*((($F15-2013)/3)-2)^3,IF($F15<=2025,(4-(($F15-2013)/3))^3/6,0))))) -> 0 | U15: =IF($F15<=2016,0,IF($F15<=2019,(($F15-2016)/3)^3/6,IF($F15<=2022,2/3-((($F15-2016)/3)-2)^2-0.5*((($F15-2016)/3)-2)^3,IF($F15<=2025,2/3-((($F15-2016)/3)-2)^2+0.5*((($F15-2016)/3)-2)^3,IF($F15<=2028,(4-(($F15-2016)/3))^3/6,0))))) -> 0
A16: 2013 | B16: =2*B15-B14 -> -8.5187503 | C16: =B16-B15 -> -0.2294815 | D16: =C16-C15 -> 0 | F16: 2004 | G16: ='M_70_t'!B11 -> 0.00063014139 | H16: =SUMPRODUCT(K16:U16,$K$5:$U$5) -> -7.3725315 | I16: =EXP(H16) -> 0.00062827566 | J16: Fitted | K16: =IF($F16<=1986,0,IF($F16<=1989,(($F16-1986)/3)^3/6,IF($F16<=1992,2/3-((($F16-1986)/3)-2)^2-0.5*((($F16-1986)/3)-2)^3,IF($F16<=1995,2/3-((($F16-1986)/3)-2)^2+0.5*((($F16-1986)/3)-2)^3,IF($F16<=1998,(4-(($F16-1986)/3))^3/6,0))))) -> 0 | L16: =IF($F16<=1989,0,IF($F16<=1992,(($F16-1989)/3)^3/6,IF($F16<=1995,2/3-((($F16-1989)/3)-2)^2-0.5*((($F16-1989)/3)-2)^3,IF($F16<=1998,2/3-((($F16-1989)/3)-2)^2+0.5*((($F16-1989)/3)-2)^3,IF($F16<=2001,(4-(($F16-1989)/3))^3/6,0))))) -> 0 | M16: =IF($F16<=1992,0,IF($F16<=1995,(($F16-1992)/3)^3/6,IF($F16<=1998,2/3-((($F16-1992)/3)-2)^2-0.5*((($F16-1992)/3)-2)^3,IF($F16<=2001,2/3-((($F16-1992)/3)-2)^2+0.5*((($F16-1992)/3)-2)^3,IF($F16<=2004,(4-(($F16-1992)/3))^3/6,0))))) -> 0 | N16: =IF($F16<=1995,0,IF($F16<=1998,(($F16-1995)/3)^3/6,IF($F16<=2001,2/3-((($F16-1995)/3)-2)^2-0.5*((($F16-1995)/3)-2)^3,IF($F16<=2004,2/3-((($F16-1995)/3)-2)^2+0.5*((($F16-1995)/3)-2)^3,IF($F16<=2007,(4-(($F16-1995)/3))^3/6,0))))) -> 0.16666667 | O16: =IF($F16<=1998,0,IF($F16<=2001,(($F16-1998)/3)^3/6,IF($F16<=2004,2/3-((($F16-1998)/3)-2)^2-0.5*((($F16-1998)/3)-2)^3,IF($F16<=2007,2/3-((($F16-1998)/3)-2)^2+0.5*((($F16-1998)/3)-2)^3,IF($F16<=2010,(4-(($F16-1998)/3))^3/6,0))))) -> 0.66666667 | P16: =IF($F16<=2001,0,IF($F16<=2004,(($F16-2001)/3)^3/6,IF($F16<=2007,2/3-((($F16-2001)/3)-2)^2-0.5*((($F16-2001)/3)-2)^3,IF($F16<=2010,2/3-((($F16-2001)/3)-2)^2+0.5*((($F16-2001)/3)-2)^3,IF($F16<=2013,(4-(($F16-2001)/3))^3/6,0))))) -> 0.16666667 | Q16: =IF($F16<=2004,0,IF($F16<=2007,(($F16-2004)/3)^3/6,IF($F16<=2010,2/3-((($F16-2004)/3)-2)^2-0.5*((($F16-2004)/3)-2)^3,IF($F16<=2013,2/3-((($F16-2004)/3)-2)^2+0.5*((($F16-2004)/3)-2)^3,IF($F16<=2016,(4-(($F16-2004)/3))^3/6,0))))) -> 0 | R16: =IF($F16<=2007,0,IF($F16<=2010,(($F16-2007)/3)^3/6,IF($F16<=2013,2/3-((($F16-2007)/3)-2)^2-0.5*((($F16-2007)/3)-2)^3,IF($F16<=2016,2/3-((($F16-2007)/3)-2)^2+0.5*((($F16-2007)/3)-2)^3,IF($F16<=2019,(4-(($F16-2007)/3))^3/6,0))))) -> 0 | S16: =IF($F16<=2010,0,IF($F16<=2013,(($F16-2010)/3)^3/6,IF($F16<=2016,2/3-((($F16-2010)/3)-2)^2-0.5*((($F16-2010)/3)-2)^3,IF($F16<=2019,2/3-((($F16-2010)/3)-2)^2+0.5*((($F16-2010)/3)-2)^3,IF($F16<=2022,(4-(($F16-2010)/3))^3/6,0))))) -> 0 | T16: =IF($F16<=2013,0,IF($F16<=2016,(($F16-2013)/3)^3/6,IF($F16<=2019,2/3-((($F16-2013)/3)-2)^2-0.5*((($F16-2013)/3)-2)^3,IF($F16<=2022,2/3-((($F16-2013)/3)-2)^2+0.5*((($F16-2013)/3)-2)^3,IF($F16<=2025,(4-(($F16-2013)/3))^3/6,0))))) -> 0 | U16: =IF($F16<=2016,0,IF($F16<=2019,(($F16-2016)/3)^3/6,IF($F16<=2022,2/3-((($F16-2016)/3)-2)^2-0.5*((($F16-2016)/3)-2)^3,IF($F16<=2025,2/3-((($F16-2016)/3)-2)^2+0.5*((($F16-2016)/3)-2)^3,IF($F16<=2028,(4-(($F16-2016)/3))^3/6,0))))) -> 0
A17: 2016 | B17: =2*B16-B15 -> -8.7482318 | C17: =B17-B16 -> -0.2294815 | D17: =C17-C16 -> 0 | F17: 2005 | G17: ='M_70_t'!B12 -> 0.00058383424 | H17: =SUMPRODUCT(K17:U17,$K$5:$U$5) -> -7.4481888 | I17: =EXP(H17) -> 0.00058249566 | J17: Projected | K17: =IF($F17<=1986,0,IF($F17<=1989,(($F17-1986)/3)^3/6,IF($F17<=1992,2/3-((($F17-1986)/3)-2)^2-0.5*((($F17-1986)/3)-2)^3,IF($F17<=1995,2/3-((($F17-1986)/3)-2)^2+0.5*((($F17-1986)/3)-2)^3,IF($F17<=1998,(4-(($F17-1986)/3))^3/6,0))))) -> 0 | L17: =IF($F17<=1989,0,IF($F17<=1992,(($F17-1989)/3)^3/6,IF($F17<=1995,2/3-((($F17-1989)/3)-2)^2-0.5*((($F17-1989)/3)-2)^3,IF($F17<=1998,2/3-((($F17-1989)/3)-2)^2+0.5*((($F17-1989)/3)-2)^3,IF($F17<=2001,(4-(($F17-1989)/3))^3/6,0))))) -> 0 | M17: =IF($F17<=1992,0,IF($F17<=1995,(($F17-1992)/3)^3/6,IF($F17<=1998,2/3-((($F17-1992)/3)-2)^2-0.5*((($F17-1992)/3)-2)^3,IF($F17<=2001,2/3-((($F17-1992)/3)-2)^2+0.5*((($F17-1992)/3)-2)^3,IF($F17<=2004,(4-(($F17-1992)/3))^3/6,0))))) -> 0 | N17: =IF($F17<=1995,0,IF($F17<=1998,(($F17-1995)/3)^3/6,IF($F17<=2001,2/3-((($F17-1995)/3)-2)^2-0.5*((($F17-1995)/3)-2)^3,IF($F17<=2004,2/3-((($F17-1995)/3)-2)^2+0.5*((($F17-1995)/3)-2)^3,IF($F17<=2007,(4-(($F17-1995)/3))^3/6,0))))) -> 0.049382716 | O17: =IF($F17<=1998,0,IF($F17<=2001,(($F17-1998)/3)^3/6,IF($F17<=2004,2/3-((($F17-1998)/3)-2)^2-0.5*((($F17-1998)/3)-2)^3,IF($F17<=2007,2/3-((($F17-1998)/3)-2)^2+0.5*((($F17-1998)/3)-2)^3,IF($F17<=2010,(4-(($F17-1998)/3))^3/6,0))))) -> 0.57407407 | P17: =IF($F17<=2001,0,IF($F17<=2004,(($F17-2001)/3)^3/6,IF($F17<=2007,2/3-((($F17-2001)/3)-2)^2-0.5*((($F17-2001)/3)-2)^3,IF($F17<=2010,2/3-((($F17-2001)/3)-2)^2+0.5*((($F17-2001)/3)-2)^3,IF($F17<=2013,(4-(($F17-2001)/3))^3/6,0))))) -> 0.37037037 | Q17: =IF($F17<=2004,0,IF($F17<=2007,(($F17-2004)/3)^3/6,IF($F17<=2010,2/3-((($F17-2004)/3)-2)^2-0.5*((($F17-2004)/3)-2)^3,IF($F17<=2013,2/3-((($F17-2004)/3)-2)^2+0.5*((($F17-2004)/3)-2)^3,IF($F17<=2016,(4-(($F17-2004)/3))^3/6,0))))) -> 0.0061728395 | R17: =IF($F17<=2007,0,IF($F17<=2010,(($F17-2007)/3)^3/6,IF($F17<=2013,2/3-((($F17-2007)/3)-2)^2-0.5*((($F17-2007)/3)-2)^3,IF($F17<=2016,2/3-((($F17-2007)/3)-2)^2+0.5*((($F17-2007)/3)-2)^3,IF($F17<=2019,(4-(($F17-2007)/3))^3/6,0))))) -> 0 | S17: =IF($F17<=2010,0,IF($F17<=2013,(($F17-2010)/3)^3/6,IF($F17<=2016,2/3-((($F17-2010)/3)-2)^2-0.5*((($F17-2010)/3)-2)^3,IF($F17<=2019,2/3-((($F17-2010)/3)-2)^2+0.5*((($F17-2010)/3)-2)^3,IF($F17<=2022,(4-(($F17-2010)/3))^3/6,0))))) -> 0 | T17: =IF($F17<=2013,0,IF($F17<=2016,(($F17-2013)/3)^3/6,IF($F17<=2019,2/3-((($F17-2013)/3)-2)^2-0.5*((($F17-2013)/3)-2)^3,IF($F17<=2022,2/3-((($F17-2013)/3)-2)^2+0.5*((($F17-2013)/3)-2)^3,IF($F17<=2025,(4-(($F17-2013)/3))^3/6,0))))) -> 0 | U17: =IF($F17<=2016,0,IF($F17<=2019,(($F17-2016)/3)^3/6,IF($F17<=2022,2/3-((($F17-2016)/3)-2)^2-0.5*((($F17-2016)/3)-2)^3,IF($F17<=2025,2/3-((($F17-2016)/3)-2)^2+0.5*((($F17-2016)/3)-2)^3,IF($F17<=2028,(4-(($F17-2016)/3))^3/6,0))))) -> 0
F18: 2006 | G18: ='M_70_t'!B13 -> 0.00049907285 | H18: =SUMPRODUCT(K18:U18,$K$5:$U$5) -> -7.5243745 | I18: =EXP(H18) -> 0.00053976621 | J18: Projected | K18: =IF($F18<=1986,0,IF($F18<=1989,(($F18-1986)/3)^3/6,IF($F18<=1992,2/3-((($F18-1986)/3)-2)^2-0.5*((($F18-1986)/3)-2)^3,IF($F18<=1995,2/3-((($F18-1986)/3)-2)^2+0.5*((($F18-1986)/3)-2)^3,IF($F18<=1998,(4-(($F18-1986)/3))^3/6,0))))) -> 0 | L18: =IF($F18<=1989,0,IF($F18<=1992,(($F18-1989)/3)^3/6,IF($F18<=1995,2/3-((($F18-1989)/3)-2)^2-0.5*((($F18-1989)/3)-2)^3,IF($F18<=1998,2/3-((($F18-1989)/3)-2)^2+0.5*((($F18-1989)/3)-2)^3,IF($F18<=2001,(4-(($F18-1989)/3))^3/6,0))))) -> 0 | M18: =IF($F18<=1992,0,IF($F18<=1995,(($F18-1992)/3)^3/6,IF($F18<=1998,2/3-((($F18-1992)/3)-2)^2-0.5*((($F18-1992)/3)-2)^3,IF($F18<=2001,2/3-((($F18-1992)/3)-2)^2+0.5*((($F18-1992)/3)-2)^3,IF($F18<=2004,(4-(($F18-1992)/3))^3/6,0))))) -> 0 | N18: =IF($F18<=1995,0,IF($F18<=1998,(($F18-1995)/3)^3/6,IF($F18<=2001,2/3-((($F18-1995)/3)-2)^2-0.5*((($F18-1995)/3)-2)^3,IF($F18<=2004,2/3-((($F18-1995)/3)-2)^2+0.5*((($F18-1995)/3)-2)^3,IF($F18<=2007,(4-(($F18-1995)/3))^3/6,0))))) -> 0.0061728395 | O18: =IF($F18<=1998,0,IF($F18<=2001,(($F18-1998)/3)^3/6,IF($F18<=2004,2/3-((($F18-1998)/3)-2)^2-0.5*((($F18-1998)/3)-2)^3,IF($F18<=2007,2/3-((($F18-1998)/3)-2)^2+0.5*((($F18-1998)/3)-2)^3,IF($F18<=2010,(4-(($F18-1998)/3))^3/6,0))))) -> 0.37037037 | P18: =IF($F18<=2001,0,IF($F18<=2004,(($F18-2001)/3)^3/6,IF($F18<=2007,2/3-((($F18-2001)/3)-2)^2-0.5*((($F18-2001)/3)-2)^3,IF($F18<=2010,2/3-((($F18-2001)/3)-2)^2+0.5*((($F18-2001)/3)-2)^3,IF($F18<=2013,(4-(($F18-2001)/3))^3/6,0))))) -> 0.57407407 | Q18: =IF($F18<=2004,0,IF($F18<=2007,(($F18-2004)/3)^3/6,IF($F18<=2010,2/3-((($F18-2004)/3)-2)^2-0.5*((($F18-2004)/3)-2)^3,IF($F18<=2013,2/3-((($F18-2004)/3)-2)^2+0.5*((($F18-2004)/3)-2)^3,IF($F18<=2016,(4-(($F18-2004)/3))^3/6,0))))) -> 0.049382716 | R18: =IF($F18<=2007,0,IF($F18<=2010,(($F18-2007)/3)^3/6,IF($F18<=2013,2/3-((($F18-2007)/3)-2)^2-0.5*((($F18-2007)/3)-2)^3,IF($F18<=2016,2/3-((($F18-2007)/3)-2)^2+0.5*((($F18-2007)/3)-2)^3,IF($F18<=2019,(4-(($F18-2007)/3))^3/6,0))))) -> 0 | S18: =IF($F18<=2010,0,IF($F18<=2013,(($F18-2010)/3)^3/6,IF($F18<=2016,2/3-((($F18-2010)/3)-2)^2-0.5*((($F18-2010)/3)-2)^3,IF($F18<=2019,2/3-((($F18-2010)/3)-2)^2+0.5*((($F18-2010)/3)-2)^3,IF($F18<=2022,(4-(($F18-2010)/3))^3/6,0))))) -> 0 | T18: =IF($F18<=2013,0,IF($F18<=2016,(($F18-2013)/3)^3/6,IF($F18<=2019,2/3-((($F18-2013)/3)-2)^2-0.5*((($F18-2013)/3)-2)^3,IF($F18<=2022,2/3-((($F18-2013)/3)-2)^2+0.5*((($F18-2013)/3)-2)^3,IF($F18<=2025,(4-(($F18-2013)/3))^3/6,0))))) -> 0 | U18: =IF($F18<=2016,0,IF($F18<=2019,(($F18-2016)/3)^3/6,IF($F18<=2022,2/3-((($F18-2016)/3)-2)^2-0.5*((($F18-2016)/3)-2)^3,IF($F18<=2025,2/3-((($F18-2016)/3)-2)^2+0.5*((($F18-2016)/3)-2)^3,IF($F18<=2028,(4-(($F18-2016)/3))^3/6,0))))) -> 0
F19: 2007 | G19: ='M_70_t'!B14 -> 0.0005624154 | H19: =SUMPRODUCT(K19:U19,$K$5:$U$5) -> -7.6008243 | I19: =EXP(H19) -> 0.0005000391 | J19: Projected | K19: =IF($F19<=1986,0,IF($F19<=1989,(($F19-1986)/3)^3/6,IF($F19<=1992,2/3-((($F19-1986)/3)-2)^2-0.5*((($F19-1986)/3)-2)^3,IF($F19<=1995,2/3-((($F19-1986)/3)-2)^2+0.5*((($F19-1986)/3)-2)^3,IF($F19<=1998,(4-(($F19-1986)/3))^3/6,0))))) -> 0 | L19: =IF($F19<=1989,0,IF($F19<=1992,(($F19-1989)/3)^3/6,IF($F19<=1995,2/3-((($F19-1989)/3)-2)^2-0.5*((($F19-1989)/3)-2)^3,IF($F19<=1998,2/3-((($F19-1989)/3)-2)^2+0.5*((($F19-1989)/3)-2)^3,IF($F19<=2001,(4-(($F19-1989)/3))^3/6,0))))) -> 0 | M19: =IF($F19<=1992,0,IF($F19<=1995,(($F19-1992)/3)^3/6,IF($F19<=1998,2/3-((($F19-1992)/3)-2)^2-0.5*((($F19-1992)/3)-2)^3,IF($F19<=2001,2/3-((($F19-1992)/3)-2)^2+0.5*((($F19-1992)/3)-2)^3,IF($F19<=2004,(4-(($F19-1992)/3))^3/6,0))))) -> 0 | N19: =IF($F19<=1995,0,IF($F19<=1998,(($F19-1995)/3)^3/6,IF($F19<=2001,2/3-((($F19-1995)/3)-2)^2-0.5*((($F19-1995)/3)-2)^3,IF($F19<=2004,2/3-((($F19-1995)/3)-2)^2+0.5*((($F19-1995)/3)-2)^3,IF($F19<=2007,(4-(($F19-1995)/3))^3/6,0))))) -> 0 | O19: =IF($F19<=1998,0,IF($F19<=2001,(($F19-1998)/3)^3/6,IF($F19<=2004,2/3-((($F19-1998)/3)-2)^2-0.5*((($F19-1998)/3)-2)^3,IF($F19<=2007,2/3-((($F19-1998)/3)-2)^2+0.5*((($F19-1998)/3)-2)^3,IF($F19<=2010,(4-(($F19-1998)/3))^3/6,0))))) -> 0.16666667 | P19: =IF($F19<=2001,0,IF($F19<=2004,(($F19-2001)/3)^3/6,IF($F19<=2007,2/3-((($F19-2001)/3)-2)^2-0.5*((($F19-2001)/3)-2)^3,IF($F19<=2010,2/3-((($F19-2001)/3)-2)^2+0.5*((($F19-2001)/3)-2)^3,IF($F19<=2013,(4-(($F19-2001)/3))^3/6,0))))) -> 0.66666667 | Q19: =IF($F19<=2004,0,IF($F19<=2007,(($F19-2004)/3)^3/6,IF($F19<=2010,2/3-((($F19-2004)/3)-2)^2-0.5*((($F19-2004)/3)-2)^3,IF($F19<=2013,2/3-((($F19-2004)/3)-2)^2+0.5*((($F19-2004)/3)-2)^3,IF($F19<=2016,(4-(($F19-2004)/3))^3/6,0))))) -> 0.16666667 | R19: =IF($F19<=2007,0,IF($F19<=2010,(($F19-2007)/3)^3/6,IF($F19<=2013,2/3-((($F19-2007)/3)-2)^2-0.5*((($F19-2007)/3)-2)^3,IF($F19<=2016,2/3-((($F19-2007)/3)-2)^2+0.5*((($F19-2007)/3)-2)^3,IF($F19<=2019,(4-(($F19-2007)/3))^3/6,0))))) -> 0 | S19: =IF($F19<=2010,0,IF($F19<=2013,(($F19-2010)/3)^3/6,IF($F19<=2016,2/3-((($F19-2010)/3)-2)^2-0.5*((($F19-2010)/3)-2)^3,IF($F19<=2019,2/3-((($F19-2010)/3)-2)^2+0.5*((($F19-2010)/3)-2)^3,IF($F19<=2022,(4-(($F19-2010)/3))^3/6,0))))) -> 0 | T19: =IF($F19<=2013,0,IF($F19<=2016,(($F19-2013)/3)^3/6,IF($F19<=2019,2/3-((($F19-2013)/3)-2)^2-0.5*((($F19-2013)/3)-2)^3,IF($F19<=2022,2/3-((($F19-2013)/3)-2)^2+0.5*((($F19-2013)/3)-2)^3,IF($F19<=2025,(4-(($F19-2013)/3))^3/6,0))))) -> 0 | U19: =IF($F19<=2016,0,IF($F19<=2019,(($F19-2016)/3)^3/6,IF($F19<=2022,2/3-((($F19-2016)/3)-2)^2-0.5*((($F19-2016)/3)-2)^3,IF($F19<=2025,2/3-((($F19-2016)/3)-2)^2+0.5*((($F19-2016)/3)-2)^3,IF($F19<=2028,(4-(($F19-2016)/3))^3/6,0))))) -> 0
F20: 2008 | G20: ='M_70_t'!B15 -> 0.00056619808 | H20: =SUMPRODUCT(K20:U20,$K$5:$U$5) -> -7.6773181 | I20: =EXP(H20) -> 0.00046321553 | J20: Projected | K20: =IF($F20<=1986,0,IF($F20<=1989,(($F20-1986)/3)^3/6,IF($F20<=1992,2/3-((($F20-1986)/3)-2)^2-0.5*((($F20-1986)/3)-2)^3,IF($F20<=1995,2/3-((($F20-1986)/3)-2)^2+0.5*((($F20-1986)/3)-2)^3,IF($F20<=1998,(4-(($F20-1986)/3))^3/6,0))))) -> 0 | L20: =IF($F20<=1989,0,IF($F20<=1992,(($F20-1989)/3)^3/6,IF($F20<=1995,2/3-((($F20-1989)/3)-2)^2-0.5*((($F20-1989)/3)-2)^3,IF($F20<=1998,2/3-((($F20-1989)/3)-2)^2+0.5*((($F20-1989)/3)-2)^3,IF($F20<=2001,(4-(($F20-1989)/3))^3/6,0))))) -> 0 | M20: =IF($F20<=1992,0,IF($F20<=1995,(($F20-1992)/3)^3/6,IF($F20<=1998,2/3-((($F20-1992)/3)-2)^2-0.5*((($F20-1992)/3)-2)^3,IF($F20<=2001,2/3-((($F20-1992)/3)-2)^2+0.5*((($F20-1992)/3)-2)^3,IF($F20<=2004,(4-(($F20-1992)/3))^3/6,0))))) -> 0 | N20: =IF($F20<=1995,0,IF($F20<=1998,(($F20-1995)/3)^3/6,IF($F20<=2001,2/3-((($F20-1995)/3)-2)^2-0.5*((($F20-1995)/3)-2)^3,IF($F20<=2004,2/3-((($F20-1995)/3)-2)^2+0.5*((($F20-1995)/3)-2)^3,IF($F20<=2007,(4-(($F20-1995)/3))^3/6,0))))) -> 0 | O20: =IF($F20<=1998,0,IF($F20<=2001,(($F20-1998)/3)^3/6,IF($F20<=2004,2/3-((($F20-1998)/3)-2)^2-0.5*((($F20-1998)/3)-2)^3,IF($F20<=2007,2/3-((($F20-1998)/3)-2)^2+0.5*((($F20-1998)/3)-2)^3,IF($F20<=2010,(4-(($F20-1998)/3))^3/6,0))))) -> 0.049382716 | P20: =IF($F20<=2001,0,IF($F20<=2004,(($F20-2001)/3)^3/6,IF($F20<=2007,2/3-((($F20-2001)/3)-2)^2-0.5*((($F20-2001)/3)-2)^3,IF($F20<=2010,2/3-((($F20-2001)/3)-2)^2+0.5*((($F20-2001)/3)-2)^3,IF($F20<=2013,(4-(($F20-2001)/3))^3/6,0))))) -> 0.57407407 | Q20: =IF($F20<=2004,0,IF($F20<=2007,(($F20-2004)/3)^3/6,IF($F20<=2010,2/3-((($F20-2004)/3)-2)^2-0.5*((($F20-2004)/3)-2)^3,IF($F20<=2013,2/3-((($F20-2004)/3)-2)^2+0.5*((($F20-2004)/3)-2)^3,IF($F20<=2016,(4-(($F20-2004)/3))^3/6,0))))) -> 0.37037037 | R20: =IF($F20<=2007,0,IF($F20<=2010,(($F20-2007)/3)^3/6,IF($F20<=2013,2/3-((($F20-2007)/3)-2)^2-0.5*((($F20-2007)/3)-2)^3,IF($F20<=2016,2/3-((($F20-2007)/3)-2)^2+0.5*((($F20-2007)/3)-2)^3,IF($F20<=2019,(4-(($F20-2007)/3))^3/6,0))))) -> 0.0061728395 | S20: =IF($F20<=2010,0,IF($F20<=2013,(($F20-2010)/3)^3/6,IF($F20<=2016,2/3-((($F20-2010)/3)-2)^2-0.5*((($F20-2010)/3)-2)^3,IF($F20<=2019,2/3-((($F20-2010)/3)-2)^2+0.5*((($F20-2010)/3)-2)^3,IF($F20<=2022,(4-(($F20-2010)/3))^3/6,0))))) -> 0 | T20: =IF($F20<=2013,0,IF($F20<=2016,(($F20-2013)/3)^3/6,IF($F20<=2019,2/3-((($F20-2013)/3)-2)^2-0.5*((($F20-2013)/3)-2)^3,IF($F20<=2022,2/3-((($F20-2013)/3)-2)^2+0.5*((($F20-2013)/3)-2)^3,IF($F20<=2025,(4-(($F20-2013)/3))^3/6,0))))) -> 0 | U20: =IF($F20<=2016,0,IF($F20<=2019,(($F20-2016)/3)^3/6,IF($F20<=2022,2/3-((($F20-2016)/3)-2)^2-0.5*((($F20-2016)/3)-2)^3,IF($F20<=2025,2/3-((($F20-2016)/3)-2)^2+0.5*((($F20-2016)/3)-2)^3,IF($F20<=2028,(4-(($F20-2016)/3))^3/6,0))))) -> 0
F21: 2009 | G21: ='M_70_t'!B16 -> 0.00054060672 | H21: =SUMPRODUCT(K21:U21,$K$5:$U$5) -> -7.7538119 | I21: =EXP(H21) -> 0.0004291037 | J21: Projected | K21: =IF($F21<=1986,0,IF($F21<=1989,(($F21-1986)/3)^3/6,IF($F21<=1992,2/3-((($F21-1986)/3)-2)^2-0.5*((($F21-1986)/3)-2)^3,IF($F21<=1995,2/3-((($F21-1986)/3)-2)^2+0.5*((($F21-1986)/3)-2)^3,IF($F21<=1998,(4-(($F21-1986)/3))^3/6,0))))) -> 0 | L21: =IF($F21<=1989,0,IF($F21<=1992,(($F21-1989)/3)^3/6,IF($F21<=1995,2/3-((($F21-1989)/3)-2)^2-0.5*((($F21-1989)/3)-2)^3,IF($F21<=1998,2/3-((($F21-1989)/3)-2)^2+0.5*((($F21-1989)/3)-2)^3,IF($F21<=2001,(4-(($F21-1989)/3))^3/6,0))))) -> 0 | M21: =IF($F21<=1992,0,IF($F21<=1995,(($F21-1992)/3)^3/6,IF($F21<=1998,2/3-((($F21-1992)/3)-2)^2-0.5*((($F21-1992)/3)-2)^3,IF($F21<=2001,2/3-((($F21-1992)/3)-2)^2+0.5*((($F21-1992)/3)-2)^3,IF($F21<=2004,(4-(($F21-1992)/3))^3/6,0))))) -> 0 | N21: =IF($F21<=1995,0,IF($F21<=1998,(($F21-1995)/3)^3/6,IF($F21<=2001,2/3-((($F21-1995)/3)-2)^2-0.5*((($F21-1995)/3)-2)^3,IF($F21<=2004,2/3-((($F21-1995)/3)-2)^2+0.5*((($F21-1995)/3)-2)^3,IF($F21<=2007,(4-(($F21-1995)/3))^3/6,0))))) -> 0 | O21: =IF($F21<=1998,0,IF($F21<=2001,(($F21-1998)/3)^3/6,IF($F21<=2004,2/3-((($F21-1998)/3)-2)^2-0.5*((($F21-1998)/3)-2)^3,IF($F21<=2007,2/3-((($F21-1998)/3)-2)^2+0.5*((($F21-1998)/3)-2)^3,IF($F21<=2010,(4-(($F21-1998)/3))^3/6,0))))) -> 0.0061728395 | P21: =IF($F21<=2001,0,IF($F21<=2004,(($F21-2001)/3)^3/6,IF($F21<=2007,2/3-((($F21-2001)/3)-2)^2-0.5*((($F21-2001)/3)-2)^3,IF($F21<=2010,2/3-((($F21-2001)/3)-2)^2+0.5*((($F21-2001)/3)-2)^3,IF($F21<=2013,(4-(($F21-2001)/3))^3/6,0))))) -> 0.37037037 | Q21: =IF($F21<=2004,0,IF($F21<=2007,(($F21-2004)/3)^3/6,IF($F21<=2010,2/3-((($F21-2004)/3)-2)^2-0.5*((($F21-2004)/3)-2)^3,IF($F21<=2013,2/3-((($F21-2004)/3)-2)^2+0.5*((($F21-2004)/3)-2)^3,IF($F21<=2016,(4-(($F21-2004)/3))^3/6,0))))) -> 0.57407407 | R21: =IF($F21<=2007,0,IF($F21<=2010,(($F21-2007)/3)^3/6,IF($F21<=2013,2/3-((($F21-2007)/3)-2)^2-0.5*((($F21-2007)/3)-2)^3,IF($F21<=2016,2/3-((($F21-2007)/3)-2)^2+0.5*((($F21-2007)/3)-2)^3,IF($F21<=2019,(4-(($F21-2007)/3))^3/6,0))))) -> 0.049382716 | S21: =IF($F21<=2010,0,IF($F21<=2013,(($F21-2010)/3)^3/6,IF($F21<=2016,2/3-((($F21-2010)/3)-2)^2-0.5*((($F21-2010)/3)-2)^3,IF($F21<=2019,2/3-((($F21-2010)/3)-2)^2+0.5*((($F21-2010)/3)-2)^3,IF($F21<=2022,(4-(($F21-2010)/3))^3/6,0))))) -> 0 | T21: =IF($F21<=2013,0,IF($F21<=2016,(($F21-2013)/3)^3/6,IF($F21<=2019,2/3-((($F21-2013)/3)-2)^2-0.5*((($F21-2013)/3)-2)^3,IF($F21<=2022,2/3-((($F21-2013)/3)-2)^2+0.5*((($F21-2013)/3)-2)^3,IF($F21<=2025,(4-(($F21-2013)/3))^3/6,0))))) -> 0 | U21: =IF($F21<=2016,0,IF($F21<=2019,(($F21-2016)/3)^3/6,IF($F21<=2022,2/3-((($F21-2016)/3)-2)^2-0.5*((($F21-2016)/3)-2)^3,IF($F21<=2025,2/3-((($F21-2016)/3)-2)^2+0.5*((($F21-2016)/3)-2)^3,IF($F21<=2028,(4-(($F21-2016)/3))^3/6,0))))) -> 0
F22: 2010 | G22: ='M_70_t'!B17 -> 0.00048500736 | H22: =SUMPRODUCT(K22:U22,$K$5:$U$5) -> -7.8303058 | I22: =EXP(H22) -> 0.00039750392 | J22: Projected | K22: =IF($F22<=1986,0,IF($F22<=1989,(($F22-1986)/3)^3/6,IF($F22<=1992,2/3-((($F22-1986)/3)-2)^2-0.5*((($F22-1986)/3)-2)^3,IF($F22<=1995,2/3-((($F22-1986)/3)-2)^2+0.5*((($F22-1986)/3)-2)^3,IF($F22<=1998,(4-(($F22-1986)/3))^3/6,0))))) -> 0 | L22: =IF($F22<=1989,0,IF($F22<=1992,(($F22-1989)/3)^3/6,IF($F22<=1995,2/3-((($F22-1989)/3)-2)^2-0.5*((($F22-1989)/3)-2)^3,IF($F22<=1998,2/3-((($F22-1989)/3)-2)^2+0.5*((($F22-1989)/3)-2)^3,IF($F22<=2001,(4-(($F22-1989)/3))^3/6,0))))) -> 0 | M22: =IF($F22<=1992,0,IF($F22<=1995,(($F22-1992)/3)^3/6,IF($F22<=1998,2/3-((($F22-1992)/3)-2)^2-0.5*((($F22-1992)/3)-2)^3,IF($F22<=2001,2/3-((($F22-1992)/3)-2)^2+0.5*((($F22-1992)/3)-2)^3,IF($F22<=2004,(4-(($F22-1992)/3))^3/6,0))))) -> 0 | N22: =IF($F22<=1995,0,IF($F22<=1998,(($F22-1995)/3)^3/6,IF($F22<=2001,2/3-((($F22-1995)/3)-2)^2-0.5*((($F22-1995)/3)-2)^3,IF($F22<=2004,2/3-((($F22-1995)/3)-2)^2+0.5*((($F22-1995)/3)-2)^3,IF($F22<=2007,(4-(($F22-1995)/3))^3/6,0))))) -> 0 | O22: =IF($F22<=1998,0,IF($F22<=2001,(($F22-1998)/3)^3/6,IF($F22<=2004,2/3-((($F22-1998)/3)-2)^2-0.5*((($F22-1998)/3)-2)^3,IF($F22<=2007,2/3-((($F22-1998)/3)-2)^2+0.5*((($F22-1998)/3)-2)^3,IF($F22<=2010,(4-(($F22-1998)/3))^3/6,0))))) -> 0 | P22: =IF($F22<=2001,0,IF($F22<=2004,(($F22-2001)/3)^3/6,IF($F22<=2007,2/3-((($F22-2001)/3)-2)^2-0.5*((($F22-2001)/3)-2)^3,IF($F22<=2010,2/3-((($F22-2001)/3)-2)^2+0.5*((($F22-2001)/3)-2)^3,IF($F22<=2013,(4-(($F22-2001)/3))^3/6,0))))) -> 0.16666667 | Q22: =IF($F22<=2004,0,IF($F22<=2007,(($F22-2004)/3)^3/6,IF($F22<=2010,2/3-((($F22-2004)/3)-2)^2-0.5*((($F22-2004)/3)-2)^3,IF($F22<=2013,2/3-((($F22-2004)/3)-2)^2+0.5*((($F22-2004)/3)-2)^3,IF($F22<=2016,(4-(($F22-2004)/3))^3/6,0))))) -> 0.66666667 | R22: =IF($F22<=2007,0,IF($F22<=2010,(($F22-2007)/3)^3/6,IF($F22<=2013,2/3-((($F22-2007)/3)-2)^2-0.5*((($F22-2007)/3)-2)^3,IF($F22<=2016,2/3-((($F22-2007)/3)-2)^2+0.5*((($F22-2007)/3)-2)^3,IF($F22<=2019,(4-(($F22-2007)/3))^3/6,0))))) -> 0.16666667 | S22: =IF($F22<=2010,0,IF($F22<=2013,(($F22-2010)/3)^3/6,IF($F22<=2016,2/3-((($F22-2010)/3)-2)^2-0.5*((($F22-2010)/3)-2)^3,IF($F22<=2019,2/3-((($F22-2010)/3)-2)^2+0.5*((($F22-2010)/3)-2)^3,IF($F22<=2022,(4-(($F22-2010)/3))^3/6,0))))) -> 0 | T22: =IF($F22<=2013,0,IF($F22<=2016,(($F22-2013)/3)^3/6,IF($F22<=2019,2/3-((($F22-2013)/3)-2)^2-0.5*((($F22-2013)/3)-2)^3,IF($F22<=2022,2/3-((($F22-2013)/3)-2)^2+0.5*((($F22-2013)/3)-2)^3,IF($F22<=2025,(4-(($F22-2013)/3))^3/6,0))))) -> 0 | U22: =IF($F22<=2016,0,IF($F22<=2019,(($F22-2016)/3)^3/6,IF($F22<=2022,2/3-((($F22-2016)/3)-2)^2-0.5*((($F22-2016)/3)-2)^3,IF($F22<=2025,2/3-((($F22-2016)/3)-2)^2+0.5*((($F22-2016)/3)-2)^3,IF($F22<=2028,(4-(($F22-2016)/3))^3/6,0))))) -> 0
F23: 2011 | G23: ='M_70_t'!B18 -> 0.00052495861 | H23: =SUMPRODUCT(K23:U23,$K$5:$U$5) -> -7.9067996 | I23: =EXP(H23) -> 0.00036823118 | J23: Projected | K23: =IF($F23<=1986,0,IF($F23<=1989,(($F23-1986)/3)^3/6,IF($F23<=1992,2/3-((($F23-1986)/3)-2)^2-0.5*((($F23-1986)/3)-2)^3,IF($F23<=1995,2/3-((($F23-1986)/3)-2)^2+0.5*((($F23-1986)/3)-2)^3,IF($F23<=1998,(4-(($F23-1986)/3))^3/6,0))))) -> 0 | L23: =IF($F23<=1989,0,IF($F23<=1992,(($F23-1989)/3)^3/6,IF($F23<=1995,2/3-((($F23-1989)/3)-2)^2-0.5*((($F23-1989)/3)-2)^3,IF($F23<=1998,2/3-((($F23-1989)/3)-2)^2+0.5*((($F23-1989)/3)-2)^3,IF($F23<=2001,(4-(($F23-1989)/3))^3/6,0))))) -> 0 | M23: =IF($F23<=1992,0,IF($F23<=1995,(($F23-1992)/3)^3/6,IF($F23<=1998,2/3-((($F23-1992)/3)-2)^2-0.5*((($F23-1992)/3)-2)^3,IF($F23<=2001,2/3-((($F23-1992)/3)-2)^2+0.5*((($F23-1992)/3)-2)^3,IF($F23<=2004,(4-(($F23-1992)/3))^3/6,0))))) -> 0 | N23: =IF($F23<=1995,0,IF($F23<=1998,(($F23-1995)/3)^3/6,IF($F23<=2001,2/3-((($F23-1995)/3)-2)^2-0.5*((($F23-1995)/3)-2)^3,IF($F23<=2004,2/3-((($F23-1995)/3)-2)^2+0.5*((($F23-1995)/3)-2)^3,IF($F23<=2007,(4-(($F23-1995)/3))^3/6,0))))) -> 0 | O23: =IF($F23<=1998,0,IF($F23<=2001,(($F23-1998)/3)^3/6,IF($F23<=2004,2/3-((($F23-1998)/3)-2)^2-0.5*((($F23-1998)/3)-2)^3,IF($F23<=2007,2/3-((($F23-1998)/3)-2)^2+0.5*((($F23-1998)/3)-2)^3,IF($F23<=2010,(4-(($F23-1998)/3))^3/6,0))))) -> 0 | P23: =IF($F23<=2001,0,IF($F23<=2004,(($F23-2001)/3)^3/6,IF($F23<=2007,2/3-((($F23-2001)/3)-2)^2-0.5*((($F23-2001)/3)-2)^3,IF($F23<=2010,2/3-((($F23-2001)/3)-2)^2+0.5*((($F23-2001)/3)-2)^3,IF($F23<=2013,(4-(($F23-2001)/3))^3/6,0))))) -> 0.049382716 | Q23: =IF($F23<=2004,0,IF($F23<=2007,(($F23-2004)/3)^3/6,IF($F23<=2010,2/3-((($F23-2004)/3)-2)^2-0.5*((($F23-2004)/3)-2)^3,IF($F23<=2013,2/3-((($F23-2004)/3)-2)^2+0.5*((($F23-2004)/3)-2)^3,IF($F23<=2016,(4-(($F23-2004)/3))^3/6,0))))) -> 0.57407407 | R23: =IF($F23<=2007,0,IF($F23<=2010,(($F23-2007)/3)^3/6,IF($F23<=2013,2/3-((($F23-2007)/3)-2)^2-0.5*((($F23-2007)/3)-2)^3,IF($F23<=2016,2/3-((($F23-2007)/3)-2)^2+0.5*((($F23-2007)/3)-2)^3,IF($F23<=2019,(4-(($F23-2007)/3))^3/6,0))))) -> 0.37037037 | S23: =IF($F23<=2010,0,IF($F23<=2013,(($F23-2010)/3)^3/6,IF($F23<=2016,2/3-((($F23-2010)/3)-2)^2-0.5*((($F23-2010)/3)-2)^3,IF($F23<=2019,2/3-((($F23-2010)/3)-2)^2+0.5*((($F23-2010)/3)-2)^3,IF($F23<=2022,(4-(($F23-2010)/3))^3/6,0))))) -> 0.0061728395 | T23: =IF($F23<=2013,0,IF($F23<=2016,(($F23-2013)/3)^3/6,IF($F23<=2019,2/3-((($F23-2013)/3)-2)^2-0.5*((($F23-2013)/3)-2)^3,IF($F23<=2022,2/3-((($F23-2013)/3)-2)^2+0.5*((($F23-2013)/3)-2)^3,IF($F23<=2025,(4-(($F23-2013)/3))^3/6,0))))) -> 0 | U23: =IF($F23<=2016,0,IF($F23<=2019,(($F23-2016)/3)^3/6,IF($F23<=2022,2/3-((($F23-2016)/3)-2)^2-0.5*((($F23-2016)/3)-2)^3,IF($F23<=2025,2/3-((($F23-2016)/3)-2)^2+0.5*((($F23-2016)/3)-2)^3,IF($F23<=2028,(4-(($F23-2016)/3))^3/6,0))))) -> 0
F24: 2012 | G24: ='M_70_t'!B19 -> 0.00044495933 | H24: =SUMPRODUCT(K24:U24,$K$5:$U$5) -> -7.9832934 | I24: =EXP(H24) -> 0.00034111413 | J24: Projected | K24: =IF($F24<=1986,0,IF($F24<=1989,(($F24-1986)/3)^3/6,IF($F24<=1992,2/3-((($F24-1986)/3)-2)^2-0.5*((($F24-1986)/3)-2)^3,IF($F24<=1995,2/3-((($F24-1986)/3)-2)^2+0.5*((($F24-1986)/3)-2)^3,IF($F24<=1998,(4-(($F24-1986)/3))^3/6,0))))) -> 0 | L24: =IF($F24<=1989,0,IF($F24<=1992,(($F24-1989)/3)^3/6,IF($F24<=1995,2/3-((($F24-1989)/3)-2)^2-0.5*((($F24-1989)/3)-2)^3,IF($F24<=1998,2/3-((($F24-1989)/3)-2)^2+0.5*((($F24-1989)/3)-2)^3,IF($F24<=2001,(4-(($F24-1989)/3))^3/6,0))))) -> 0 | M24: =IF($F24<=1992,0,IF($F24<=1995,(($F24-1992)/3)^3/6,IF($F24<=1998,2/3-((($F24-1992)/3)-2)^2-0.5*((($F24-1992)/3)-2)^3,IF($F24<=2001,2/3-((($F24-1992)/3)-2)^2+0.5*((($F24-1992)/3)-2)^3,IF($F24<=2004,(4-(($F24-1992)/3))^3/6,0))))) -> 0 | N24: =IF($F24<=1995,0,IF($F24<=1998,(($F24-1995)/3)^3/6,IF($F24<=2001,2/3-((($F24-1995)/3)-2)^2-0.5*((($F24-1995)/3)-2)^3,IF($F24<=2004,2/3-((($F24-1995)/3)-2)^2+0.5*((($F24-1995)/3)-2)^3,IF($F24<=2007,(4-(($F24-1995)/3))^3/6,0))))) -> 0 | O24: =IF($F24<=1998,0,IF($F24<=2001,(($F24-1998)/3)^3/6,IF($F24<=2004,2/3-((($F24-1998)/3)-2)^2-0.5*((($F24-1998)/3)-2)^3,IF($F24<=2007,2/3-((($F24-1998)/3)-2)^2+0.5*((($F24-1998)/3)-2)^3,IF($F24<=2010,(4-(($F24-1998)/3))^3/6,0))))) -> 0 | P24: =IF($F24<=2001,0,IF($F24<=2004,(($F24-2001)/3)^3/6,IF($F24<=2007,2/3-((($F24-2001)/3)-2)^2-0.5*((($F24-2001)/3)-2)^3,IF($F24<=2010,2/3-((($F24-2001)/3)-2)^2+0.5*((($F24-2001)/3)-2)^3,IF($F24<=2013,(4-(($F24-2001)/3))^3/6,0))))) -> 0.0061728395 | Q24: =IF($F24<=2004,0,IF($F24<=2007,(($F24-2004)/3)^3/6,IF($F24<=2010,2/3-((($F24-2004)/3)-2)^2-0.5*((($F24-2004)/3)-2)^3,IF($F24<=2013,2/3-((($F24-2004)/3)-2)^2+0.5*((($F24-2004)/3)-2)^3,IF($F24<=2016,(4-(($F24-2004)/3))^3/6,0))))) -> 0.37037037 | R24: =IF($F24<=2007,0,IF($F24<=2010,(($F24-2007)/3)^3/6,IF($F24<=2013,2/3-((($F24-2007)/3)-2)^2-0.5*((($F24-2007)/3)-2)^3,IF($F24<=2016,2/3-((($F24-2007)/3)-2)^2+0.5*((($F24-2007)/3)-2)^3,IF($F24<=2019,(4-(($F24-2007)/3))^3/6,0))))) -> 0.57407407 | S24: =IF($F24<=2010,0,IF($F24<=2013,(($F24-2010)/3)^3/6,IF($F24<=2016,2/3-((($F24-2010)/3)-2)^2-0.5*((($F24-2010)/3)-2)^3,IF($F24<=2019,2/3-((($F24-2010)/3)-2)^2+0.5*((($F24-2010)/3)-2)^3,IF($F24<=2022,(4-(($F24-2010)/3))^3/6,0))))) -> 0.049382716 | T24: =IF($F24<=2013,0,IF($F24<=2016,(($F24-2013)/3)^3/6,IF($F24<=2019,2/3-((($F24-2013)/3)-2)^2-0.5*((($F24-2013)/3)-2)^3,IF($F24<=2022,2/3-((($F24-2013)/3)-2)^2+0.5*((($F24-2013)/3)-2)^3,IF($F24<=2025,(4-(($F24-2013)/3))^3/6,0))))) -> 0 | U24: =IF($F24<=2016,0,IF($F24<=2019,(($F24-2016)/3)^3/6,IF($F24<=2022,2/3-((($F24-2016)/3)-2)^2-0.5*((($F24-2016)/3)-2)^3,IF($F24<=2025,2/3-((($F24-2016)/3)-2)^2+0.5*((($F24-2016)/3)-2)^3,IF($F24<=2028,(4-(($F24-2016)/3))^3/6,0))))) -> 0
F25: 2013 | G25: ='M_70_t'!B20 -> 0.00041112307 | H25: =SUMPRODUCT(K25:U25,$K$5:$U$5) -> -8.0597873 | I25: =EXP(H25) -> 0.00031599402 | J25: Projected | K25: =IF($F25<=1986,0,IF($F25<=1989,(($F25-1986)/3)^3/6,IF($F25<=1992,2/3-((($F25-1986)/3)-2)^2-0.5*((($F25-1986)/3)-2)^3,IF($F25<=1995,2/3-((($F25-1986)/3)-2)^2+0.5*((($F25-1986)/3)-2)^3,IF($F25<=1998,(4-(($F25-1986)/3))^3/6,0))))) -> 0 | L25: =IF($F25<=1989,0,IF($F25<=1992,(($F25-1989)/3)^3/6,IF($F25<=1995,2/3-((($F25-1989)/3)-2)^2-0.5*((($F25-1989)/3)-2)^3,IF($F25<=1998,2/3-((($F25-1989)/3)-2)^2+0.5*((($F25-1989)/3)-2)^3,IF($F25<=2001,(4-(($F25-1989)/3))^3/6,0))))) -> 0 | M25: =IF($F25<=1992,0,IF($F25<=1995,(($F25-1992)/3)^3/6,IF($F25<=1998,2/3-((($F25-1992)/3)-2)^2-0.5*((($F25-1992)/3)-2)^3,IF($F25<=2001,2/3-((($F25-1992)/3)-2)^2+0.5*((($F25-1992)/3)-2)^3,IF($F25<=2004,(4-(($F25-1992)/3))^3/6,0))))) -> 0 | N25: =IF($F25<=1995,0,IF($F25<=1998,(($F25-1995)/3)^3/6,IF($F25<=2001,2/3-((($F25-1995)/3)-2)^2-0.5*((($F25-1995)/3)-2)^3,IF($F25<=2004,2/3-((($F25-1995)/3)-2)^2+0.5*((($F25-1995)/3)-2)^3,IF($F25<=2007,(4-(($F25-1995)/3))^3/6,0))))) -> 0 | O25: =IF($F25<=1998,0,IF($F25<=2001,(($F25-1998)/3)^3/6,IF($F25<=2004,2/3-((($F25-1998)/3)-2)^2-0.5*((($F25-1998)/3)-2)^3,IF($F25<=2007,2/3-((($F25-1998)/3)-2)^2+0.5*((($F25-1998)/3)-2)^3,IF($F25<=2010,(4-(($F25-1998)/3))^3/6,0))))) -> 0 | P25: =IF($F25<=2001,0,IF($F25<=2004,(($F25-2001)/3)^3/6,IF($F25<=2007,2/3-((($F25-2001)/3)-2)^2-0.5*((($F25-2001)/3)-2)^3,IF($F25<=2010,2/3-((($F25-2001)/3)-2)^2+0.5*((($F25-2001)/3)-2)^3,IF($F25<=2013,(4-(($F25-2001)/3))^3/6,0))))) -> 0 | Q25: =IF($F25<=2004,0,IF($F25<=2007,(($F25-2004)/3)^3/6,IF($F25<=2010,2/3-((($F25-2004)/3)-2)^2-0.5*((($F25-2004)/3)-2)^3,IF($F25<=2013,2/3-((($F25-2004)/3)-2)^2+0.5*((($F25-2004)/3)-2)^3,IF($F25<=2016,(4-(($F25-2004)/3))^3/6,0))))) -> 0.16666667 | R25: =IF($F25<=2007,0,IF($F25<=2010,(($F25-2007)/3)^3/6,IF($F25<=2013,2/3-((($F25-2007)/3)-2)^2-0.5*((($F25-2007)/3)-2)^3,IF($F25<=2016,2/3-((($F25-2007)/3)-2)^2+0.5*((($F25-2007)/3)-2)^3,IF($F25<=2019,(4-(($F25-2007)/3))^3/6,0))))) -> 0.66666667 | S25: =IF($F25<=2010,0,IF($F25<=2013,(($F25-2010)/3)^3/6,IF($F25<=2016,2/3-((($F25-2010)/3)-2)^2-0.5*((($F25-2010)/3)-2)^3,IF($F25<=2019,2/3-((($F25-2010)/3)-2)^2+0.5*((($F25-2010)/3)-2)^3,IF($F25<=2022,(4-(($F25-2010)/3))^3/6,0))))) -> 0.16666667 | T25: =IF($F25<=2013,0,IF($F25<=2016,(($F25-2013)/3)^3/6,IF($F25<=2019,2/3-((($F25-2013)/3)-2)^2-0.5*((($F25-2013)/3)-2)^3,IF($F25<=2022,2/3-((($F25-2013)/3)-2)^2+0.5*((($F25-2013)/3)-2)^3,IF($F25<=2025,(4-(($F25-2013)/3))^3/6,0))))) -> 0 | U25: =IF($F25<=2016,0,IF($F25<=2019,(($F25-2016)/3)^3/6,IF($F25<=2022,2/3-((($F25-2016)/3)-2)^2-0.5*((($F25-2016)/3)-2)^3,IF($F25<=2025,2/3-((($F25-2016)/3)-2)^2+0.5*((($F25-2016)/3)-2)^3,IF($F25<=2028,(4-(($F25-2016)/3))^3/6,0))))) -> 0
F26: 2014 | G26: ='M_70_t'!B21 -> 0.00044881582 | H26: =SUMPRODUCT(K26:U26,$K$5:$U$5) -> -8.1362811 | I26: =EXP(H26) -> 0.00029272379 | J26: Projected | K26: =IF($F26<=1986,0,IF($F26<=1989,(($F26-1986)/3)^3/6,IF($F26<=1992,2/3-((($F26-1986)/3)-2)^2-0.5*((($F26-1986)/3)-2)^3,IF($F26<=1995,2/3-((($F26-1986)/3)-2)^2+0.5*((($F26-1986)/3)-2)^3,IF($F26<=1998,(4-(($F26-1986)/3))^3/6,0))))) -> 0 | L26: =IF($F26<=1989,0,IF($F26<=1992,(($F26-1989)/3)^3/6,IF($F26<=1995,2/3-((($F26-1989)/3)-2)^2-0.5*((($F26-1989)/3)-2)^3,IF($F26<=1998,2/3-((($F26-1989)/3)-2)^2+0.5*((($F26-1989)/3)-2)^3,IF($F26<=2001,(4-(($F26-1989)/3))^3/6,0))))) -> 0 | M26: =IF($F26<=1992,0,IF($F26<=1995,(($F26-1992)/3)^3/6,IF($F26<=1998,2/3-((($F26-1992)/3)-2)^2-0.5*((($F26-1992)/3)-2)^3,IF($F26<=2001,2/3-((($F26-1992)/3)-2)^2+0.5*((($F26-1992)/3)-2)^3,IF($F26<=2004,(4-(($F26-1992)/3))^3/6,0))))) -> 0 | N26: =IF($F26<=1995,0,IF($F26<=1998,(($F26-1995)/3)^3/6,IF($F26<=2001,2/3-((($F26-1995)/3)-2)^2-0.5*((($F26-1995)/3)-2)^3,IF($F26<=2004,2/3-((($F26-1995)/3)-2)^2+0.5*((($F26-1995)/3)-2)^3,IF($F26<=2007,(4-(($F26-1995)/3))^3/6,0))))) -> 0 | O26: =IF($F26<=1998,0,IF($F26<=2001,(($F26-1998)/3)^3/6,IF($F26<=2004,2/3-((($F26-1998)/3)-2)^2-0.5*((($F26-1998)/3)-2)^3,IF($F26<=2007,2/3-((($F26-1998)/3)-2)^2+0.5*((($F26-1998)/3)-2)^3,IF($F26<=2010,(4-(($F26-1998)/3))^3/6,0))))) -> 0 | P26: =IF($F26<=2001,0,IF($F26<=2004,(($F26-2001)/3)^3/6,IF($F26<=2007,2/3-((($F26-2001)/3)-2)^2-0.5*((($F26-2001)/3)-2)^3,IF($F26<=2010,2/3-((($F26-2001)/3)-2)^2+0.5*((($F26-2001)/3)-2)^3,IF($F26<=2013,(4-(($F26-2001)/3))^3/6,0))))) -> 0 | Q26: =IF($F26<=2004,0,IF($F26<=2007,(($F26-2004)/3)^3/6,IF($F26<=2010,2/3-((($F26-2004)/3)-2)^2-0.5*((($F26-2004)/3)-2)^3,IF($F26<=2013,2/3-((($F26-2004)/3)-2)^2+0.5*((($F26-2004)/3)-2)^3,IF($F26<=2016,(4-(($F26-2004)/3))^3/6,0))))) -> 0.049382716 | R26: =IF($F26<=2007,0,IF($F26<=2010,(($F26-2007)/3)^3/6,IF($F26<=2013,2/3-((($F26-2007)/3)-2)^2-0.5*((($F26-2007)/3)-2)^3,IF($F26<=2016,2/3-((($F26-2007)/3)-2)^2+0.5*((($F26-2007)/3)-2)^3,IF($F26<=2019,(4-(($F26-2007)/3))^3/6,0))))) -> 0.57407407 | S26: =IF($F26<=2010,0,IF($F26<=2013,(($F26-2010)/3)^3/6,IF($F26<=2016,2/3-((($F26-2010)/3)-2)^2-0.5*((($F26-2010)/3)-2)^3,IF($F26<=2019,2/3-((($F26-2010)/3)-2)^2+0.5*((($F26-2010)/3)-2)^3,IF($F26<=2022,(4-(($F26-2010)/3))^3/6,0))))) -> 0.37037037 | T26: =IF($F26<=2013,0,IF($F26<=2016,(($F26-2013)/3)^3/6,IF($F26<=2019,2/3-((($F26-2013)/3)-2)^2-0.5*((($F26-2013)/3)-2)^3,IF($F26<=2022,2/3-((($F26-2013)/3)-2)^2+0.5*((($F26-2013)/3)-2)^3,IF($F26<=2025,(4-(($F26-2013)/3))^3/6,0))))) -> 0.0061728395 | U26: =IF($F26<=2016,0,IF($F26<=2019,(($F26-2016)/3)^3/6,IF($F26<=2022,2/3-((($F26-2016)/3)-2)^2-0.5*((($F26-2016)/3)-2)^3,IF($F26<=2025,2/3-((($F26-2016)/3)-2)^2+0.5*((($F26-2016)/3)-2)^3,IF($F26<=2028,(4-(($F26-2016)/3))^3/6,0))))) -> 0
F27: 2015 | G27: ='M_70_t'!B22 -> 0.00040681103 | H27: =SUMPRODUCT(K27:U27,$K$5:$U$5) -> -8.2127749 | I27: =EXP(H27) -> 0.0002711672 | J27: Projected | K27: =IF($F27<=1986,0,IF($F27<=1989,(($F27-1986)/3)^3/6,IF($F27<=1992,2/3-((($F27-1986)/3)-2)^2-0.5*((($F27-1986)/3)-2)^3,IF($F27<=1995,2/3-((($F27-1986)/3)-2)^2+0.5*((($F27-1986)/3)-2)^3,IF($F27<=1998,(4-(($F27-1986)/3))^3/6,0))))) -> 0 | L27: =IF($F27<=1989,0,IF($F27<=1992,(($F27-1989)/3)^3/6,IF($F27<=1995,2/3-((($F27-1989)/3)-2)^2-0.5*((($F27-1989)/3)-2)^3,IF($F27<=1998,2/3-((($F27-1989)/3)-2)^2+0.5*((($F27-1989)/3)-2)^3,IF($F27<=2001,(4-(($F27-1989)/3))^3/6,0))))) -> 0 | M27: =IF($F27<=1992,0,IF($F27<=1995,(($F27-1992)/3)^3/6,IF($F27<=1998,2/3-((($F27-1992)/3)-2)^2-0.5*((($F27-1992)/3)-2)^3,IF($F27<=2001,2/3-((($F27-1992)/3)-2)^2+0.5*((($F27-1992)/3)-2)^3,IF($F27<=2004,(4-(($F27-1992)/3))^3/6,0))))) -> 0 | N27: =IF($F27<=1995,0,IF($F27<=1998,(($F27-1995)/3)^3/6,IF($F27<=2001,2/3-((($F27-1995)/3)-2)^2-0.5*((($F27-1995)/3)-2)^3,IF($F27<=2004,2/3-((($F27-1995)/3)-2)^2+0.5*((($F27-1995)/3)-2)^3,IF($F27<=2007,(4-(($F27-1995)/3))^3/6,0))))) -> 0 | O27: =IF($F27<=1998,0,IF($F27<=2001,(($F27-1998)/3)^3/6,IF($F27<=2004,2/3-((($F27-1998)/3)-2)^2-0.5*((($F27-1998)/3)-2)^3,IF($F27<=2007,2/3-((($F27-1998)/3)-2)^2+0.5*((($F27-1998)/3)-2)^3,IF($F27<=2010,(4-(($F27-1998)/3))^3/6,0))))) -> 0 | P27: =IF($F27<=2001,0,IF($F27<=2004,(($F27-2001)/3)^3/6,IF($F27<=2007,2/3-((($F27-2001)/3)-2)^2-0.5*((($F27-2001)/3)-2)^3,IF($F27<=2010,2/3-((($F27-2001)/3)-2)^2+0.5*((($F27-2001)/3)-2)^3,IF($F27<=2013,(4-(($F27-2001)/3))^3/6,0))))) -> 0 | Q27: =IF($F27<=2004,0,IF($F27<=2007,(($F27-2004)/3)^3/6,IF($F27<=2010,2/3-((($F27-2004)/3)-2)^2-0.5*((($F27-2004)/3)-2)^3,IF($F27<=2013,2/3-((($F27-2004)/3)-2)^2+0.5*((($F27-2004)/3)-2)^3,IF($F27<=2016,(4-(($F27-2004)/3))^3/6,0))))) -> 0.0061728395 | R27: =IF($F27<=2007,0,IF($F27<=2010,(($F27-2007)/3)^3/6,IF($F27<=2013,2/3-((($F27-2007)/3)-2)^2-0.5*((($F27-2007)/3)-2)^3,IF($F27<=2016,2/3-((($F27-2007)/3)-2)^2+0.5*((($F27-2007)/3)-2)^3,IF($F27<=2019,(4-(($F27-2007)/3))^3/6,0))))) -> 0.37037037 | S27: =IF($F27<=2010,0,IF($F27<=2013,(($F27-2010)/3)^3/6,IF($F27<=2016,2/3-((($F27-2010)/3)-2)^2-0.5*((($F27-2010)/3)-2)^3,IF($F27<=2019,2/3-((($F27-2010)/3)-2)^2+0.5*((($F27-2010)/3)-2)^3,IF($F27<=2022,(4-(($F27-2010)/3))^3/6,0))))) -> 0.57407407 | T27: =IF($F27<=2013,0,IF($F27<=2016,(($F27-2013)/3)^3/6,IF($F27<=2019,2/3-((($F27-2013)/3)-2)^2-0.5*((($F27-2013)/3)-2)^3,IF($F27<=2022,2/3-((($F27-2013)/3)-2)^2+0.5*((($F27-2013)/3)-2)^3,IF($F27<=2025,(4-(($F27-2013)/3))^3/6,0))))) -> 0.049382716 | U27: =IF($F27<=2016,0,IF($F27<=2019,(($F27-2016)/3)^3/6,IF($F27<=2022,2/3-((($F27-2016)/3)-2)^2-0.5*((($F27-2016)/3)-2)^3,IF($F27<=2025,2/3-((($F27-2016)/3)-2)^2+0.5*((($F27-2016)/3)-2)^3,IF($F27<=2028,(4-(($F27-2016)/3))^3/6,0))))) -> 0
F28: 2016 | G28: ='M_70_t'!B23 -> 0.00049105418 | H28: =SUMPRODUCT(K28:U28,$K$5:$U$5) -> -8.2892688 | I28: =EXP(H28) -> 0.00025119808 | J28: Projected | K28: =IF($F28<=1986,0,IF($F28<=1989,(($F28-1986)/3)^3/6,IF($F28<=1992,2/3-((($F28-1986)/3)-2)^2-0.5*((($F28-1986)/3)-2)^3,IF($F28<=1995,2/3-((($F28-1986)/3)-2)^2+0.5*((($F28-1986)/3)-2)^3,IF($F28<=1998,(4-(($F28-1986)/3))^3/6,0))))) -> 0 | L28: =IF($F28<=1989,0,IF($F28<=1992,(($F28-1989)/3)^3/6,IF($F28<=1995,2/3-((($F28-1989)/3)-2)^2-0.5*((($F28-1989)/3)-2)^3,IF($F28<=1998,2/3-((($F28-1989)/3)-2)^2+0.5*((($F28-1989)/3)-2)^3,IF($F28<=2001,(4-(($F28-1989)/3))^3/6,0))))) -> 0 | M28: =IF($F28<=1992,0,IF($F28<=1995,(($F28-1992)/3)^3/6,IF($F28<=1998,2/3-((($F28-1992)/3)-2)^2-0.5*((($F28-1992)/3)-2)^3,IF($F28<=2001,2/3-((($F28-1992)/3)-2)^2+0.5*((($F28-1992)/3)-2)^3,IF($F28<=2004,(4-(($F28-1992)/3))^3/6,0))))) -> 0 | N28: =IF($F28<=1995,0,IF($F28<=1998,(($F28-1995)/3)^3/6,IF($F28<=2001,2/3-((($F28-1995)/3)-2)^2-0.5*((($F28-1995)/3)-2)^3,IF($F28<=2004,2/3-((($F28-1995)/3)-2)^2+0.5*((($F28-1995)/3)-2)^3,IF($F28<=2007,(4-(($F28-1995)/3))^3/6,0))))) -> 0 | O28: =IF($F28<=1998,0,IF($F28<=2001,(($F28-1998)/3)^3/6,IF($F28<=2004,2/3-((($F28-1998)/3)-2)^2-0.5*((($F28-1998)/3)-2)^3,IF($F28<=2007,2/3-((($F28-1998)/3)-2)^2+0.5*((($F28-1998)/3)-2)^3,IF($F28<=2010,(4-(($F28-1998)/3))^3/6,0))))) -> 0 | P28: =IF($F28<=2001,0,IF($F28<=2004,(($F28-2001)/3)^3/6,IF($F28<=2007,2/3-((($F28-2001)/3)-2)^2-0.5*((($F28-2001)/3)-2)^3,IF($F28<=2010,2/3-((($F28-2001)/3)-2)^2+0.5*((($F28-2001)/3)-2)^3,IF($F28<=2013,(4-(($F28-2001)/3))^3/6,0))))) -> 0 | Q28: =IF($F28<=2004,0,IF($F28<=2007,(($F28-2004)/3)^3/6,IF($F28<=2010,2/3-((($F28-2004)/3)-2)^2-0.5*((($F28-2004)/3)-2)^3,IF($F28<=2013,2/3-((($F28-2004)/3)-2)^2+0.5*((($F28-2004)/3)-2)^3,IF($F28<=2016,(4-(($F28-2004)/3))^3/6,0))))) -> 0 | R28: =IF($F28<=2007,0,IF($F28<=2010,(($F28-2007)/3)^3/6,IF($F28<=2013,2/3-((($F28-2007)/3)-2)^2-0.5*((($F28-2007)/3)-2)^3,IF($F28<=2016,2/3-((($F28-2007)/3)-2)^2+0.5*((($F28-2007)/3)-2)^3,IF($F28<=2019,(4-(($F28-2007)/3))^3/6,0))))) -> 0.16666667 | S28: =IF($F28<=2010,0,IF($F28<=2013,(($F28-2010)/3)^3/6,IF($F28<=2016,2/3-((($F28-2010)/3)-2)^2-0.5*((($F28-2010)/3)-2)^3,IF($F28<=2019,2/3-((($F28-2010)/3)-2)^2+0.5*((($F28-2010)/3)-2)^3,IF($F28<=2022,(4-(($F28-2010)/3))^3/6,0))))) -> 0.66666667 | T28: =IF($F28<=2013,0,IF($F28<=2016,(($F28-2013)/3)^3/6,IF($F28<=2019,2/3-((($F28-2013)/3)-2)^2-0.5*((($F28-2013)/3)-2)^3,IF($F28<=2022,2/3-((($F28-2013)/3)-2)^2+0.5*((($F28-2013)/3)-2)^3,IF($F28<=2025,(4-(($F28-2013)/3))^3/6,0))))) -> 0.16666667 | U28: =IF($F28<=2016,0,IF($F28<=2019,(($F28-2016)/3)^3/6,IF($F28<=2022,2/3-((($F28-2016)/3)-2)^2-0.5*((($F28-2016)/3)-2)^3,IF($F28<=2025,2/3-((($F28-2016)/3)-2)^2+0.5*((($F28-2016)/3)-2)^3,IF($F28<=2028,(4-(($F28-2016)/3))^3/6,0))))) -> 0
F29: 2017 | G29: ='M_70_t'!B24 -> 0.00046002433 | H29: =SUMPRODUCT(K29:U29,$K$5:$U$5) -> -8.3657626 | I29: =EXP(H29) -> 0.00023269951 | J29: Projected | K29: =IF($F29<=1986,0,IF($F29<=1989,(($F29-1986)/3)^3/6,IF($F29<=1992,2/3-((($F29-1986)/3)-2)^2-0.5*((($F29-1986)/3)-2)^3,IF($F29<=1995,2/3-((($F29-1986)/3)-2)^2+0.5*((($F29-1986)/3)-2)^3,IF($F29<=1998,(4-(($F29-1986)/3))^3/6,0))))) -> 0 | L29: =IF($F29<=1989,0,IF($F29<=1992,(($F29-1989)/3)^3/6,IF($F29<=1995,2/3-((($F29-1989)/3)-2)^2-0.5*((($F29-1989)/3)-2)^3,IF($F29<=1998,2/3-((($F29-1989)/3)-2)^2+0.5*((($F29-1989)/3)-2)^3,IF($F29<=2001,(4-(($F29-1989)/3))^3/6,0))))) -> 0 | M29: =IF($F29<=1992,0,IF($F29<=1995,(($F29-1992)/3)^3/6,IF($F29<=1998,2/3-((($F29-1992)/3)-2)^2-0.5*((($F29-1992)/3)-2)^3,IF($F29<=2001,2/3-((($F29-1992)/3)-2)^2+0.5*((($F29-1992)/3)-2)^3,IF($F29<=2004,(4-(($F29-1992)/3))^3/6,0))))) -> 0 | N29: =IF($F29<=1995,0,IF($F29<=1998,(($F29-1995)/3)^3/6,IF($F29<=2001,2/3-((($F29-1995)/3)-2)^2-0.5*((($F29-1995)/3)-2)^3,IF($F29<=2004,2/3-((($F29-1995)/3)-2)^2+0.5*((($F29-1995)/3)-2)^3,IF($F29<=2007,(4-(($F29-1995)/3))^3/6,0))))) -> 0 | O29: =IF($F29<=1998,0,IF($F29<=2001,(($F29-1998)/3)^3/6,IF($F29<=2004,2/3-((($F29-1998)/3)-2)^2-0.5*((($F29-1998)/3)-2)^3,IF($F29<=2007,2/3-((($F29-1998)/3)-2)^2+0.5*((($F29-1998)/3)-2)^3,IF($F29<=2010,(4-(($F29-1998)/3))^3/6,0))))) -> 0 | P29: =IF($F29<=2001,0,IF($F29<=2004,(($F29-2001)/3)^3/6,IF($F29<=2007,2/3-((($F29-2001)/3)-2)^2-0.5*((($F29-2001)/3)-2)^3,IF($F29<=2010,2/3-((($F29-2001)/3)-2)^2+0.5*((($F29-2001)/3)-2)^3,IF($F29<=2013,(4-(($F29-2001)/3))^3/6,0))))) -> 0 | Q29: =IF($F29<=2004,0,IF($F29<=2007,(($F29-2004)/3)^3/6,IF($F29<=2010,2/3-((($F29-2004)/3)-2)^2-0.5*((($F29-2004)/3)-2)^3,IF($F29<=2013,2/3-((($F29-2004)/3)-2)^2+0.5*((($F29-2004)/3)-2)^3,IF($F29<=2016,(4-(($F29-2004)/3))^3/6,0))))) -> 0 | R29: =IF($F29<=2007,0,IF($F29<=2010,(($F29-2007)/3)^3/6,IF($F29<=2013,2/3-((($F29-2007)/3)-2)^2-0.5*((($F29-2007)/3)-2)^3,IF($F29<=2016,2/3-((($F29-2007)/3)-2)^2+0.5*((($F29-2007)/3)-2)^3,IF($F29<=2019,(4-(($F29-2007)/3))^3/6,0))))) -> 0.049382716 | S29: =IF($F29<=2010,0,IF($F29<=2013,(($F29-2010)/3)^3/6,IF($F29<=2016,2/3-((($F29-2010)/3)-2)^2-0.5*((($F29-2010)/3)-2)^3,IF($F29<=2019,2/3-((($F29-2010)/3)-2)^2+0.5*((($F29-2010)/3)-2)^3,IF($F29<=2022,(4-(($F29-2010)/3))^3/6,0))))) -> 0.57407407 | T29: =IF($F29<=2013,0,IF($F29<=2016,(($F29-2013)/3)^3/6,IF($F29<=2019,2/3-((($F29-2013)/3)-2)^2-0.5*((($F29-2013)/3)-2)^3,IF($F29<=2022,2/3-((($F29-2013)/3)-2)^2+0.5*((($F29-2013)/3)-2)^3,IF($F29<=2025,(4-(($F29-2013)/3))^3/6,0))))) -> 0.37037037 | U29: =IF($F29<=2016,0,IF($F29<=2019,(($F29-2016)/3)^3/6,IF($F29<=2022,2/3-((($F29-2016)/3)-2)^2-0.5*((($F29-2016)/3)-2)^3,IF($F29<=2025,2/3-((($F29-2016)/3)-2)^2+0.5*((($F29-2016)/3)-2)^3,IF($F29<=2028,(4-(($F29-2016)/3))^3/6,0))))) -> 0.0061728395
... F31: 2019 | G31: ='M_70_t'!B26 -> 0.00044343997 | H31: =SUMPRODUCT(K31:U31,$K$5:$U$5) -> -8.5187503 | I31: =EXP(H31) -> 0.00019968883 | J31: Projected | K31: =IF($F31<=1986,0,IF($F31<=1989,(($F31-1986)/3)^3/6,IF($F31<=1992,2/3-((($F31-1986)/3)-2)^2-0.5*((($F31-1986)/3)-2)^3,IF($F31<=1995,2/3-((($F31-1986)/3)-2)^2+0.5*((($F31-1986)/3)-2)^3,IF($F31<=1998,(4-(($F31-1986)/3))^3/6,0))))) -> 0 | L31: =IF($F31<=1989,0,IF($F31<=1992,(($F31-1989)/3)^3/6,IF($F31<=1995,2/3-((($F31-1989)/3)-2)^2-0.5*((($F31-1989)/3)-2)^3,IF($F31<=1998,2/3-((($F31-1989)/3)-2)^2+0.5*((($F31-1989)/3)-2)^3,IF($F31<=2001,(4-(($F31-1989)/3))^3/6,0))))) -> 0 | M31: =IF($F31<=1992,0,IF($F31<=1995,(($F31-1992)/3)^3/6,IF($F31<=1998,2/3-((($F31-1992)/3)-2)^2-0.5*((($F31-1992)/3)-2)^3,IF($F31<=2001,2/3-((($F31-1992)/3)-2)^2+0.5*((($F31-1992)/3)-2)^3,IF($F31<=2004,(4-(($F31-1992)/3))^3/6,0))))) -> 0 | N31: =IF($F31<=1995,0,IF($F31<=1998,(($F31-1995)/3)^3/6,IF($F31<=2001,2/3-((($F31-1995)/3)-2)^2-0.5*((($F31-1995)/3)-2)^3,IF($F31<=2004,2/3-((($F31-1995)/3)-2)^2+0.5*((($F31-1995)/3)-2)^3,IF($F31<=2007,(4-(($F31-1995)/3))^3/6,0))))) -> 0 | O31: =IF($F31<=1998,0,IF($F31<=2001,(($F31-1998)/3)^3/6,IF($F31<=2004,2/3-((($F31-1998)/3)-2)^2-0.5*((($F31-1998)/3)-2)^3,IF($F31<=2007,2/3-((($F31-1998)/3)-2)^2+0.5*((($F31-1998)/3)-2)^3,IF($F31<=2010,(4-(($F31-1998)/3))^3/6,0))))) -> 0 | P31: =IF($F31<=2001,0,IF($F31<=2004,(($F31-2001)/3)^3/6,IF($F31<=2007,2/3-((($F31-2001)/3)-2)^2-0.5*((($F31-2001)/3)-2)^3,IF($F31<=2010,2/3-((($F31-2001)/3)-2)^2+0.5*((($F31-2001)/3)-2)^3,IF($F31<=2013,(4-(($F31-2001)/3))^3/6,0))))) -> 0 | Q31: =IF($F31<=2004,0,IF($F31<=2007,(($F31-2004)/3)^3/6,IF($F31<=2010,2/3-((($F31-2004)/3)-2)^2-0.5*((($F31-2004)/3)-2)^3,IF($F31<=2013,2/3-((($F31-2004)/3)-2)^2+0.5*((($F31-2004)/3)-2)^3,IF($F31<=2016,(4-(($F31-2004)/3))^3/6,0))))) -> 0 | R31: =IF($F31<=2007,0,IF($F31<=2010,(($F31-2007)/3)^3/6,IF($F31<=2013,2/3-((($F31-2007)/3)-2)^2-0.5*((($F31-2007)/3)-2)^3,IF($F31<=2016,2/3-((($F31-2007)/3)-2)^2+0.5*((($F31-2007)/3)-2)^3,IF($F31<=2019,(4-(($F31-2007)/3))^3/6,0))))) -> 0 | S31: =IF($F31<=2010,0,IF($F31<=2013,(($F31-2010)/3)^3/6,IF($F31<=2016,2/3-((($F31-2010)/3)-2)^2-0.5*((($F31-2010)/3)-2)^3,IF($F31<=2019,2/3-((($F31-2010)/3)-2)^2+0.5*((($F31-2010)/3)-2)^3,IF($F31<=2022,(4-(($F31-2010)/3))^3/6,0))))) -> 0.16666667 | T31: =IF($F31<=2013,0,IF($F31<=2016,(($F31-2013)/3)^3/6,IF($F31<=2019,2/3-((($F31-2013)/3)-2)^2-0.5*((($F31-2013)/3)-2)^3,IF($F31<=2022,2/3-((($F31-2013)/3)-2)^2+0.5*((($F31-2013)/3)-2)^3,IF($F31<=2025,(4-(($F31-2013)/3))^3/6,0))))) -> 0.66666667 | U31: =IF($F31<=2016,0,IF($F31<=2019,(($F31-2016)/3)^3/6,IF($F31<=2022,2/3-((($F31-2016)/3)-2)^2-0.5*((($F31-2016)/3)-2)^3,IF($F31<=2025,2/3-((($F31-2016)/3)-2)^2+0.5*((($F31-2016)/3)-2)^3,IF($F31<=2028,(4-(($F31-2016)/3))^3/6,0))))) -> 0.16666667
A37: Requested forecast years
A39: Year | B39: Mortality projection
A40: 2007 | B40: =INDEX($I$7:$I$31,MATCH(A40,$F$7:$F$31,0)) -> 0.0005000391
A41: 2010 | B41: =INDEX($I$7:$I$31,MATCH(A41,$F$7:$F$31,0)) -> 0.00039750392
A42: 2013 | B42: =INDEX($I$7:$I$31,MATCH(A42,$F$7:$F$31,0)) -> 0.00031599402
A43: 2016 | B43: =INDEX($I$7:$I$31,MATCH(A43,$F$7:$F$31,0)) -> 0.00025119808
A44: 2019 | B44: =INDEX($I$7:$I$31,MATCH(A44,$F$7:$F$31,0)) -> 0.00019968883

Sheet Q2(c)_M2
A1: Q2(c)_M2 — Week 11 fitting layout
A2: Fourth-order B-splines; fit LN(m). Coefficients are numeric Solver decision cells, as in Week11_Q1sol.xlsx. All basis functions, fitted values, differences, errors and objective calculations are Excel formulas.
A3: Part (b) uses only the four assignment observations. Part (c) refits M1 and M2 independently on M_70_t observations for 1995–2004, following the instructor correction.
D6: 1992 | E6: 1993 | F6: 1994 | G6: 1995 | H6: 1996 | I6: 1997 | J6: 1998 | K6: 1999 | L6: 2000 | M6: 2001 | N6: 2002 | O6: 2003
A7: Year | B7: Observed mortality m | C7: LN(m) | D7: B_1992,4(t) | E7: B_1993,4(t) | F7: B_1994,4(t) | G7: B_1995,4(t) | H7: B_1996,4(t) | I7: B_1997,4(t) | J7: B_1998,4(t) | K7: B_1999,4(t) | L7: B_2000,4(t) | M7: B_2001,4(t) | N7: B_2002,4(t) | O7: B_2003,4(t) | P7: Fitted LN(m) | Q7: Log residual | R7: Squared log error
A8: 1995 | B8: ='M_70_t'!B2 -> 0.00085662921 | C8: =LN(B8) -> -7.0625054 | D8: =IF($A8<=1992,0,IF($A8<=1993,(($A8-1992)/1)^3/6,IF($A8<=1994,2/3-((($A8-1992)/1)-2)^2-0.5*((($A8-1992)/1)-2)^3,IF($A8<=1995,2/3-((($A8-1992)/1)-2)^2+0.5*((($A8-1992)/1)-2)^3,IF($A8<=1996,(4-(($A8-1992)/1))^3/6,0))))) -> 0.16666667 | E8: =IF($A8<=1993,0,IF($A8<=1994,(($A8-1993)/1)^3/6,IF($A8<=1995,2/3-((($A8-1993)/1)-2)^2-0.5*((($A8-1993)/1)-2)^3,IF($A8<=1996,2/3-((($A8-1993)/1)-2)^2+0.5*((($A8-1993)/1)-2)^3,IF($A8<=1997,(4-(($A8-1993)/1))^3/6,0))))) -> 0.66666667 | F8: =IF($A8<=1994,0,IF($A8<=1995,(($A8-1994)/1)^3/6,IF($A8<=1996,2/3-((($A8-1994)/1)-2)^2-0.5*((($A8-1994)/1)-2)^3,IF($A8<=1997,2/3-((($A8-1994)/1)-2)^2+0.5*((($A8-1994)/1)-2)^3,IF($A8<=1998,(4-(($A8-1994)/1))^3/6,0))))) -> 0.16666667 | G8: =IF($A8<=1995,0,IF($A8<=1996,(($A8-1995)/1)^3/6,IF($A8<=1997,2/3-((($A8-1995)/1)-2)^2-0.5*((($A8-1995)/1)-2)^3,IF($A8<=1998,2/3-((($A8-1995)/1)-2)^2+0.5*((($A8-1995)/1)-2)^3,IF($A8<=1999,(4-(($A8-1995)/1))^3/6,0))))) -> 0 | H8: =IF($A8<=1996,0,IF($A8<=1997,(($A8-1996)/1)^3/6,IF($A8<=1998,2/3-((($A8-1996)/1)-2)^2-0.5*((($A8-1996)/1)-2)^3,IF($A8<=1999,2/3-((($A8-1996)/1)-2)^2+0.5*((($A8-1996)/1)-2)^3,IF($A8<=2000,(4-(($A8-1996)/1))^3/6,0))))) -> 0 | I8: =IF($A8<=1997,0,IF($A8<=1998,(($A8-1997)/1)^3/6,IF($A8<=1999,2/3-((($A8-1997)/1)-2)^2-0.5*((($A8-1997)/1)-2)^3,IF($A8<=2000,2/3-((($A8-1997)/1)-2)^2+0.5*((($A8-1997)/1)-2)^3,IF($A8<=2001,(4-(($A8-1997)/1))^3/6,0))))) -> 0 | J8: =IF($A8<=1998,0,IF($A8<=1999,(($A8-1998)/1)^3/6,IF($A8<=2000,2/3-((($A8-1998)/1)-2)^2-0.5*((($A8-1998)/1)-2)^3,IF($A8<=2001,2/3-((($A8-1998)/1)-2)^2+0.5*((($A8-1998)/1)-2)^3,IF($A8<=2002,(4-(($A8-1998)/1))^3/6,0))))) -> 0 | K8: =IF($A8<=1999,0,IF($A8<=2000,(($A8-1999)/1)^3/6,IF($A8<=2001,2/3-((($A8-1999)/1)-2)^2-0.5*((($A8-1999)/1)-2)^3,IF($A8<=2002,2/3-((($A8-1999)/1)-2)^2+0.5*((($A8-1999)/1)-2)^3,IF($A8<=2003,(4-(($A8-1999)/1))^3/6,0))))) -> 0 | L8: =IF($A8<=2000,0,IF($A8<=2001,(($A8-2000)/1)^3/6,IF($A8<=2002,2/3-((($A8-2000)/1)-2)^2-0.5*((($A8-2000)/1)-2)^3,IF($A8<=2003,2/3-((($A8-2000)/1)-2)^2+0.5*((($A8-2000)/1)-2)^3,IF($A8<=2004,(4-(($A8-2000)/1))^3/6,0))))) -> 0 | M8: =IF($A8<=2001,0,IF($A8<=2002,(($A8-2001)/1)^3/6,IF($A8<=2003,2/3-((($A8-2001)/1)-2)^2-0.5*((($A8-2001)/1)-2)^3,IF($A8<=2004,2/3-((($A8-2001)/1)-2)^2+0.5*((($A8-2001)/1)-2)^3,IF($A8<=2005,(4-(($A8-2001)/1))^3/6,0))))) -> 0 | N8: =IF($A8<=2002,0,IF($A8<=2003,(($A8-2002)/1)^3/6,IF($A8<=2004,2/3-((($A8-2002)/1)-2)^2-0.5*((($A8-2002)/1)-2)^3,IF($A8<=2005,2/3-((($A8-2002)/1)-2)^2+0.5*((($A8-2002)/1)-2)^3,IF($A8<=2006,(4-(($A8-2002)/1))^3/6,0))))) -> 0 | O8: =IF($A8<=2003,0,IF($A8<=2004,(($A8-2003)/1)^3/6,IF($A8<=2005,2/3-((($A8-2003)/1)-2)^2-0.5*((($A8-2003)/1)-2)^3,IF($A8<=2006,2/3-((($A8-2003)/1)-2)^2+0.5*((($A8-2003)/1)-2)^3,IF($A8<=2007,(4-(($A8-2003)/1))^3/6,0))))) -> 0 | P8: =SUMPRODUCT(D8:O8,$B$24:$M$24) -> -7.0785228 | Q8: =C8-P8 -> 0.016017381 | R8: =Q8^2 -> 0.00025655649
A9: 1996 | B9: ='M_70_t'!B3 -> 0.00082999933 | C9: =LN(B9) -> -7.0940857 | D9: =IF($A9<=1992,0,IF($A9<=1993,(($A9-1992)/1)^3/6,IF($A9<=1994,2/3-((($A9-1992)/1)-2)^2-0.5*((($A9-1992)/1)-2)^3,IF($A9<=1995,2/3-((($A9-1992)/1)-2)^2+0.5*((($A9-1992)/1)-2)^3,IF($A9<=1996,(4-(($A9-1992)/1))^3/6,0))))) -> 0 | E9: =IF($A9<=1993,0,IF($A9<=1994,(($A9-1993)/1)^3/6,IF($A9<=1995,2/3-((($A9-1993)/1)-2)^2-0.5*((($A9-1993)/1)-2)^3,IF($A9<=1996,2/3-((($A9-1993)/1)-2)^2+0.5*((($A9-1993)/1)-2)^3,IF($A9<=1997,(4-(($A9-1993)/1))^3/6,0))))) -> 0.16666667 | F9: =IF($A9<=1994,0,IF($A9<=1995,(($A9-1994)/1)^3/6,IF($A9<=1996,2/3-((($A9-1994)/1)-2)^2-0.5*((($A9-1994)/1)-2)^3,IF($A9<=1997,2/3-((($A9-1994)/1)-2)^2+0.5*((($A9-1994)/1)-2)^3,IF($A9<=1998,(4-(($A9-1994)/1))^3/6,0))))) -> 0.66666667 | G9: =IF($A9<=1995,0,IF($A9<=1996,(($A9-1995)/1)^3/6,IF($A9<=1997,2/3-((($A9-1995)/1)-2)^2-0.5*((($A9-1995)/1)-2)^3,IF($A9<=1998,2/3-((($A9-1995)/1)-2)^2+0.5*((($A9-1995)/1)-2)^3,IF($A9<=1999,(4-(($A9-1995)/1))^3/6,0))))) -> 0.16666667 | H9: =IF($A9<=1996,0,IF($A9<=1997,(($A9-1996)/1)^3/6,IF($A9<=1998,2/3-((($A9-1996)/1)-2)^2-0.5*((($A9-1996)/1)-2)^3,IF($A9<=1999,2/3-((($A9-1996)/1)-2)^2+0.5*((($A9-1996)/1)-2)^3,IF($A9<=2000,(4-(($A9-1996)/1))^3/6,0))))) -> 0 | I9: =IF($A9<=1997,0,IF($A9<=1998,(($A9-1997)/1)^3/6,IF($A9<=1999,2/3-((($A9-1997)/1)-2)^2-0.5*((($A9-1997)/1)-2)^3,IF($A9<=2000,2/3-((($A9-1997)/1)-2)^2+0.5*((($A9-1997)/1)-2)^3,IF($A9<=2001,(4-(($A9-1997)/1))^3/6,0))))) -> 0 | J9: =IF($A9<=1998,0,IF($A9<=1999,(($A9-1998)/1)^3/6,IF($A9<=2000,2/3-((($A9-1998)/1)-2)^2-0.5*((($A9-1998)/1)-2)^3,IF($A9<=2001,2/3-((($A9-1998)/1)-2)^2+0.5*((($A9-1998)/1)-2)^3,IF($A9<=2002,(4-(($A9-1998)/1))^3/6,0))))) -> 0 | K9: =IF($A9<=1999,0,IF($A9<=2000,(($A9-1999)/1)^3/6,IF($A9<=2001,2/3-((($A9-1999)/1)-2)^2-0.5*((($A9-1999)/1)-2)^3,IF($A9<=2002,2/3-((($A9-1999)/1)-2)^2+0.5*((($A9-1999)/1)-2)^3,IF($A9<=2003,(4-(($A9-1999)/1))^3/6,0))))) -> 0 | L9: =IF($A9<=2000,0,IF($A9<=2001,(($A9-2000)/1)^3/6,IF($A9<=2002,2/3-((($A9-2000)/1)-2)^2-0.5*((($A9-2000)/1)-2)^3,IF($A9<=2003,2/3-((($A9-2000)/1)-2)^2+0.5*((($A9-2000)/1)-2)^3,IF($A9<=2004,(4-(($A9-2000)/1))^3/6,0))))) -> 0 | M9: =IF($A9<=2001,0,IF($A9<=2002,(($A9-2001)/1)^3/6,IF($A9<=2003,2/3-((($A9-2001)/1)-2)^2-0.5*((($A9-2001)/1)-2)^3,IF($A9<=2004,2/3-((($A9-2001)/1)-2)^2+0.5*((($A9-2001)/1)-2)^3,IF($A9<=2005,(4-(($A9-2001)/1))^3/6,0))))) -> 0 | N9: =IF($A9<=2002,0,IF($A9<=2003,(($A9-2002)/1)^3/6,IF($A9<=2004,2/3-((($A9-2002)/1)-2)^2-0.5*((($A9-2002)/1)-2)^3,IF($A9<=2005,2/3-((($A9-2002)/1)-2)^2+0.5*((($A9-2002)/1)-2)^3,IF($A9<=2006,(4-(($A9-2002)/1))^3/6,0))))) -> 0 | O9: =IF($A9<=2003,0,IF($A9<=2004,(($A9-2003)/1)^3/6,IF($A9<=2005,2/3-((($A9-2003)/1)-2)^2-0.5*((($A9-2003)/1)-2)^3,IF($A9<=2006,2/3-((($A9-2003)/1)-2)^2+0.5*((($A9-2003)/1)-2)^3,IF($A9<=2007,(4-(($A9-2003)/1))^3/6,0))))) -> 0 | P9: =SUMPRODUCT(D9:O9,$B$24:$M$24) -> -7.0810675 | Q9: =C9-P9 -> -0.013018184 | R9: =Q9^2 -> 0.00016947312
A10: 1997 | B10: ='M_70_t'!B4 -> 0.00080999953 | C10: =LN(B10) -> -7.1184769 | D10: =IF($A10<=1992,0,IF($A10<=1993,(($A10-1992)/1)^3/6,IF($A10<=1994,2/3-((($A10-1992)/1)-2)^2-0.5*((($A10-1992)/1)-2)^3,IF($A10<=1995,2/3-((($A10-1992)/1)-2)^2+0.5*((($A10-1992)/1)-2)^3,IF($A10<=1996,(4-(($A10-1992)/1))^3/6,0))))) -> 0 | E10: =IF($A10<=1993,0,IF($A10<=1994,(($A10-1993)/1)^3/6,IF($A10<=1995,2/3-((($A10-1993)/1)-2)^2-0.5*((($A10-1993)/1)-2)^3,IF($A10<=1996,2/3-((($A10-1993)/1)-2)^2+0.5*((($A10-1993)/1)-2)^3,IF($A10<=1997,(4-(($A10-1993)/1))^3/6,0))))) -> 0 | F10: =IF($A10<=1994,0,IF($A10<=1995,(($A10-1994)/1)^3/6,IF($A10<=1996,2/3-((($A10-1994)/1)-2)^2-0.5*((($A10-1994)/1)-2)^3,IF($A10<=1997,2/3-((($A10-1994)/1)-2)^2+0.5*((($A10-1994)/1)-2)^3,IF($A10<=1998,(4-(($A10-1994)/1))^3/6,0))))) -> 0.16666667 | G10: =IF($A10<=1995,0,IF($A10<=1996,(($A10-1995)/1)^3/6,IF($A10<=1997,2/3-((($A10-1995)/1)-2)^2-0.5*((($A10-1995)/1)-2)^3,IF($A10<=1998,2/3-((($A10-1995)/1)-2)^2+0.5*((($A10-1995)/1)-2)^3,IF($A10<=1999,(4-(($A10-1995)/1))^3/6,0))))) -> 0.66666667 | H10: =IF($A10<=1996,0,IF($A10<=1997,(($A10-1996)/1)^3/6,IF($A10<=1998,2/3-((($A10-1996)/1)-2)^2-0.5*((($A10-1996)/1)-2)^3,IF($A10<=1999,2/3-((($A10-1996)/1)-2)^2+0.5*((($A10-1996)/1)-2)^3,IF($A10<=2000,(4-(($A10-1996)/1))^3/6,0))))) -> 0.16666667 | I10: =IF($A10<=1997,0,IF($A10<=1998,(($A10-1997)/1)^3/6,IF($A10<=1999,2/3-((($A10-1997)/1)-2)^2-0.5*((($A10-1997)/1)-2)^3,IF($A10<=2000,2/3-((($A10-1997)/1)-2)^2+0.5*((($A10-1997)/1)-2)^3,IF($A10<=2001,(4-(($A10-1997)/1))^3/6,0))))) -> 0 | J10: =IF($A10<=1998,0,IF($A10<=1999,(($A10-1998)/1)^3/6,IF($A10<=2000,2/3-((($A10-1998)/1)-2)^2-0.5*((($A10-1998)/1)-2)^3,IF($A10<=2001,2/3-((($A10-1998)/1)-2)^2+0.5*((($A10-1998)/1)-2)^3,IF($A10<=2002,(4-(($A10-1998)/1))^3/6,0))))) -> 0 | K10: =IF($A10<=1999,0,IF($A10<=2000,(($A10-1999)/1)^3/6,IF($A10<=2001,2/3-((($A10-1999)/1)-2)^2-0.5*((($A10-1999)/1)-2)^3,IF($A10<=2002,2/3-((($A10-1999)/1)-2)^2+0.5*((($A10-1999)/1)-2)^3,IF($A10<=2003,(4-(($A10-1999)/1))^3/6,0))))) -> 0 | L10: =IF($A10<=2000,0,IF($A10<=2001,(($A10-2000)/1)^3/6,IF($A10<=2002,2/3-((($A10-2000)/1)-2)^2-0.5*((($A10-2000)/1)-2)^3,IF($A10<=2003,2/3-((($A10-2000)/1)-2)^2+0.5*((($A10-2000)/1)-2)^3,IF($A10<=2004,(4-(($A10-2000)/1))^3/6,0))))) -> 0 | M10: =IF($A10<=2001,0,IF($A10<=2002,(($A10-2001)/1)^3/6,IF($A10<=2003,2/3-((($A10-2001)/1)-2)^2-0.5*((($A10-2001)/1)-2)^3,IF($A10<=2004,2/3-((($A10-2001)/1)-2)^2+0.5*((($A10-2001)/1)-2)^3,IF($A10<=2005,(4-(($A10-2001)/1))^3/6,0))))) -> 0 | N10: =IF($A10<=2002,0,IF($A10<=2003,(($A10-2002)/1)^3/6,IF($A10<=2004,2/3-((($A10-2002)/1)-2)^2-0.5*((($A10-2002)/1)-2)^3,IF($A10<=2005,2/3-((($A10-2002)/1)-2)^2+0.5*((($A10-2002)/1)-2)^3,IF($A10<=2006,(4-(($A10-2002)/1))^3/6,0))))) -> 0 | O10: =IF($A10<=2003,0,IF($A10<=2004,(($A10-2003)/1)^3/6,IF($A10<=2005,2/3-((($A10-2003)/1)-2)^2-0.5*((($A10-2003)/1)-2)^3,IF($A10<=2006,2/3-((($A10-2003)/1)-2)^2+0.5*((($A10-2003)/1)-2)^3,IF($A10<=2007,(4-(($A10-2003)/1))^3/6,0))))) -> 0 | P10: =SUMPRODUCT(D10:O10,$B$24:$M$24) -> -7.0611071 | Q10: =C10-P10 -> -0.057369768 | R10: =Q10^2 -> 0.0032912903
A11: 1998 | B11: ='M_70_t'!B5 -> 0.00097750974 | C11: =LN(B11) -> -6.9305023 | D11: =IF($A11<=1992,0,IF($A11<=1993,(($A11-1992)/1)^3/6,IF($A11<=1994,2/3-((($A11-1992)/1)-2)^2-0.5*((($A11-1992)/1)-2)^3,IF($A11<=1995,2/3-((($A11-1992)/1)-2)^2+0.5*((($A11-1992)/1)-2)^3,IF($A11<=1996,(4-(($A11-1992)/1))^3/6,0))))) -> 0 | E11: =IF($A11<=1993,0,IF($A11<=1994,(($A11-1993)/1)^3/6,IF($A11<=1995,2/3-((($A11-1993)/1)-2)^2-0.5*((($A11-1993)/1)-2)^3,IF($A11<=1996,2/3-((($A11-1993)/1)-2)^2+0.5*((($A11-1993)/1)-2)^3,IF($A11<=1997,(4-(($A11-1993)/1))^3/6,0))))) -> 0 | F11: =IF($A11<=1994,0,IF($A11<=1995,(($A11-1994)/1)^3/6,IF($A11<=1996,2/3-((($A11-1994)/1)-2)^2-0.5*((($A11-1994)/1)-2)^3,IF($A11<=1997,2/3-((($A11-1994)/1)-2)^2+0.5*((($A11-1994)/1)-2)^3,IF($A11<=1998,(4-(($A11-1994)/1))^3/6,0))))) -> 0 | G11: =IF($A11<=1995,0,IF($A11<=1996,(($A11-1995)/1)^3/6,IF($A11<=1997,2/3-((($A11-1995)/1)-2)^2-0.5*((($A11-1995)/1)-2)^3,IF($A11<=1998,2/3-((($A11-1995)/1)-2)^2+0.5*((($A11-1995)/1)-2)^3,IF($A11<=1999,(4-(($A11-1995)/1))^3/6,0))))) -> 0.16666667 | H11: =IF($A11<=1996,0,IF($A11<=1997,(($A11-1996)/1)^3/6,IF($A11<=1998,2/3-((($A11-1996)/1)-2)^2-0.5*((($A11-1996)/1)-2)^3,IF($A11<=1999,2/3-((($A11-1996)/1)-2)^2+0.5*((($A11-1996)/1)-2)^3,IF($A11<=2000,(4-(($A11-1996)/1))^3/6,0))))) -> 0.66666667 | I11: =IF($A11<=1997,0,IF($A11<=1998,(($A11-1997)/1)^3/6,IF($A11<=1999,2/3-((($A11-1997)/1)-2)^2-0.5*((($A11-1997)/1)-2)^3,IF($A11<=2000,2/3-((($A11-1997)/1)-2)^2+0.5*((($A11-1997)/1)-2)^3,IF($A11<=2001,(4-(($A11-1997)/1))^3/6,0))))) -> 0.16666667 | J11: =IF($A11<=1998,0,IF($A11<=1999,(($A11-1998)/1)^3/6,IF($A11<=2000,2/3-((($A11-1998)/1)-2)^2-0.5*((($A11-1998)/1)-2)^3,IF($A11<=2001,2/3-((($A11-1998)/1)-2)^2+0.5*((($A11-1998)/1)-2)^3,IF($A11<=2002,(4-(($A11-1998)/1))^3/6,0))))) -> 0 | K11: =IF($A11<=1999,0,IF($A11<=2000,(($A11-1999)/1)^3/6,IF($A11<=2001,2/3-((($A11-1999)/1)-2)^2-0.5*((($A11-1999)/1)-2)^3,IF($A11<=2002,2/3-((($A11-1999)/1)-2)^2+0.5*((($A11-1999)/1)-2)^3,IF($A11<=2003,(4-(($A11-1999)/1))^3/6,0))))) -> 0 | L11: =IF($A11<=2000,0,IF($A11<=2001,(($A11-2000)/1)^3/6,IF($A11<=2002,2/3-((($A11-2000)/1)-2)^2-0.5*((($A11-2000)/1)-2)^3,IF($A11<=2003,2/3-((($A11-2000)/1)-2)^2+0.5*((($A11-2000)/1)-2)^3,IF($A11<=2004,(4-(($A11-2000)/1))^3/6,0))))) -> 0 | M11: =IF($A11<=2001,0,IF($A11<=2002,(($A11-2001)/1)^3/6,IF($A11<=2003,2/3-((($A11-2001)/1)-2)^2-0.5*((($A11-2001)/1)-2)^3,IF($A11<=2004,2/3-((($A11-2001)/1)-2)^2+0.5*((($A11-2001)/1)-2)^3,IF($A11<=2005,(4-(($A11-2001)/1))^3/6,0))))) -> 0 | N11: =IF($A11<=2002,0,IF($A11<=2003,(($A11-2002)/1)^3/6,IF($A11<=2004,2/3-((($A11-2002)/1)-2)^2-0.5*((($A11-2002)/1)-2)^3,IF($A11<=2005,2/3-((($A11-2002)/1)-2)^2+0.5*((($A11-2002)/1)-2)^3,IF($A11<=2006,(4-(($A11-2002)/1))^3/6,0))))) -> 0 | O11: =IF($A11<=2003,0,IF($A11<=2004,(($A11-2003)/1)^3/6,IF($A11<=2005,2/3-((($A11-2003)/1)-2)^2-0.5*((($A11-2003)/1)-2)^3,IF($A11<=2006,2/3-((($A11-2003)/1)-2)^2+0.5*((($A11-2003)/1)-2)^3,IF($A11<=2007,(4-(($A11-2003)/1))^3/6,0))))) -> 0 | P11: =SUMPRODUCT(D11:O11,$B$24:$M$24) -> -7.0301717 | Q11: =C11-P11 -> 0.099669436 | R11: =Q11^2 -> 0.0099339965
A12: 1999 | B12: ='M_70_t'!B6 -> 0.00078849179 | C12: =LN(B12) -> -7.1453886 | D12: =IF($A12<=1992,0,IF($A12<=1993,(($A12-1992)/1)^3/6,IF($A12<=1994,2/3-((($A12-1992)/1)-2)^2-0.5*((($A12-1992)/1)-2)^3,IF($A12<=1995,2/3-((($A12-1992)/1)-2)^2+0.5*((($A12-1992)/1)-2)^3,IF($A12<=1996,(4-(($A12-1992)/1))^3/6,0))))) -> 0 | E12: =IF($A12<=1993,0,IF($A12<=1994,(($A12-1993)/1)^3/6,IF($A12<=1995,2/3-((($A12-1993)/1)-2)^2-0.5*((($A12-1993)/1)-2)^3,IF($A12<=1996,2/3-((($A12-1993)/1)-2)^2+0.5*((($A12-1993)/1)-2)^3,IF($A12<=1997,(4-(($A12-1993)/1))^3/6,0))))) -> 0 | F12: =IF($A12<=1994,0,IF($A12<=1995,(($A12-1994)/1)^3/6,IF($A12<=1996,2/3-((($A12-1994)/1)-2)^2-0.5*((($A12-1994)/1)-2)^3,IF($A12<=1997,2/3-((($A12-1994)/1)-2)^2+0.5*((($A12-1994)/1)-2)^3,IF($A12<=1998,(4-(($A12-1994)/1))^3/6,0))))) -> 0 | G12: =IF($A12<=1995,0,IF($A12<=1996,(($A12-1995)/1)^3/6,IF($A12<=1997,2/3-((($A12-1995)/1)-2)^2-0.5*((($A12-1995)/1)-2)^3,IF($A12<=1998,2/3-((($A12-1995)/1)-2)^2+0.5*((($A12-1995)/1)-2)^3,IF($A12<=1999,(4-(($A12-1995)/1))^3/6,0))))) -> 0 | H12: =IF($A12<=1996,0,IF($A12<=1997,(($A12-1996)/1)^3/6,IF($A12<=1998,2/3-((($A12-1996)/1)-2)^2-0.5*((($A12-1996)/1)-2)^3,IF($A12<=1999,2/3-((($A12-1996)/1)-2)^2+0.5*((($A12-1996)/1)-2)^3,IF($A12<=2000,(4-(($A12-1996)/1))^3/6,0))))) -> 0.16666667 | I12: =IF($A12<=1997,0,IF($A12<=1998,(($A12-1997)/1)^3/6,IF($A12<=1999,2/3-((($A12-1997)/1)-2)^2-0.5*((($A12-1997)/1)-2)^3,IF($A12<=2000,2/3-((($A12-1997)/1)-2)^2+0.5*((($A12-1997)/1)-2)^3,IF($A12<=2001,(4-(($A12-1997)/1))^3/6,0))))) -> 0.66666667 | J12: =IF($A12<=1998,0,IF($A12<=1999,(($A12-1998)/1)^3/6,IF($A12<=2000,2/3-((($A12-1998)/1)-2)^2-0.5*((($A12-1998)/1)-2)^3,IF($A12<=2001,2/3-((($A12-1998)/1)-2)^2+0.5*((($A12-1998)/1)-2)^3,IF($A12<=2002,(4-(($A12-1998)/1))^3/6,0))))) -> 0.16666667 | K12: =IF($A12<=1999,0,IF($A12<=2000,(($A12-1999)/1)^3/6,IF($A12<=2001,2/3-((($A12-1999)/1)-2)^2-0.5*((($A12-1999)/1)-2)^3,IF($A12<=2002,2/3-((($A12-1999)/1)-2)^2+0.5*((($A12-1999)/1)-2)^3,IF($A12<=2003,(4-(($A12-1999)/1))^3/6,0))))) -> 0 | L12: =IF($A12<=2000,0,IF($A12<=2001,(($A12-2000)/1)^3/6,IF($A12<=2002,2/3-((($A12-2000)/1)-2)^2-0.5*((($A12-2000)/1)-2)^3,IF($A12<=2003,2/3-((($A12-2000)/1)-2)^2+0.5*((($A12-2000)/1)-2)^3,IF($A12<=2004,(4-(($A12-2000)/1))^3/6,0))))) -> 0 | M12: =IF($A12<=2001,0,IF($A12<=2002,(($A12-2001)/1)^3/6,IF($A12<=2003,2/3-((($A12-2001)/1)-2)^2-0.5*((($A12-2001)/1)-2)^3,IF($A12<=2004,2/3-((($A12-2001)/1)-2)^2+0.5*((($A12-2001)/1)-2)^3,IF($A12<=2005,(4-(($A12-2001)/1))^3/6,0))))) -> 0 | N12: =IF($A12<=2002,0,IF($A12<=2003,(($A12-2002)/1)^3/6,IF($A12<=2004,2/3-((($A12-2002)/1)-2)^2-0.5*((($A12-2002)/1)-2)^3,IF($A12<=2005,2/3-((($A12-2002)/1)-2)^2+0.5*((($A12-2002)/1)-2)^3,IF($A12<=2006,(4-(($A12-2002)/1))^3/6,0))))) -> 0 | O12: =IF($A12<=2003,0,IF($A12<=2004,(($A12-2003)/1)^3/6,IF($A12<=2005,2/3-((($A12-2003)/1)-2)^2-0.5*((($A12-2003)/1)-2)^3,IF($A12<=2006,2/3-((($A12-2003)/1)-2)^2+0.5*((($A12-2003)/1)-2)^3,IF($A12<=2007,(4-(($A12-2003)/1))^3/6,0))))) -> 0 | P12: =SUMPRODUCT(D12:O12,$B$24:$M$24) -> -7.0244769 | Q12: =C12-P12 -> -0.12091161 | R12: =Q12^2 -> 0.014619618
A13: 2000 | B13: ='M_70_t'!B7 -> 0.00099667191 | C13: =LN(B13) -> -6.9110889 | D13: =IF($A13<=1992,0,IF($A13<=1993,(($A13-1992)/1)^3/6,IF($A13<=1994,2/3-((($A13-1992)/1)-2)^2-0.5*((($A13-1992)/1)-2)^3,IF($A13<=1995,2/3-((($A13-1992)/1)-2)^2+0.5*((($A13-1992)/1)-2)^3,IF($A13<=1996,(4-(($A13-1992)/1))^3/6,0))))) -> 0 | E13: =IF($A13<=1993,0,IF($A13<=1994,(($A13-1993)/1)^3/6,IF($A13<=1995,2/3-((($A13-1993)/1)-2)^2-0.5*((($A13-1993)/1)-2)^3,IF($A13<=1996,2/3-((($A13-1993)/1)-2)^2+0.5*((($A13-1993)/1)-2)^3,IF($A13<=1997,(4-(($A13-1993)/1))^3/6,0))))) -> 0 | F13: =IF($A13<=1994,0,IF($A13<=1995,(($A13-1994)/1)^3/6,IF($A13<=1996,2/3-((($A13-1994)/1)-2)^2-0.5*((($A13-1994)/1)-2)^3,IF($A13<=1997,2/3-((($A13-1994)/1)-2)^2+0.5*((($A13-1994)/1)-2)^3,IF($A13<=1998,(4-(($A13-1994)/1))^3/6,0))))) -> 0 | G13: =IF($A13<=1995,0,IF($A13<=1996,(($A13-1995)/1)^3/6,IF($A13<=1997,2/3-((($A13-1995)/1)-2)^2-0.5*((($A13-1995)/1)-2)^3,IF($A13<=1998,2/3-((($A13-1995)/1)-2)^2+0.5*((($A13-1995)/1)-2)^3,IF($A13<=1999,(4-(($A13-1995)/1))^3/6,0))))) -> 0 | H13: =IF($A13<=1996,0,IF($A13<=1997,(($A13-1996)/1)^3/6,IF($A13<=1998,2/3-((($A13-1996)/1)-2)^2-0.5*((($A13-1996)/1)-2)^3,IF($A13<=1999,2/3-((($A13-1996)/1)-2)^2+0.5*((($A13-1996)/1)-2)^3,IF($A13<=2000,(4-(($A13-1996)/1))^3/6,0))))) -> 0 | I13: =IF($A13<=1997,0,IF($A13<=1998,(($A13-1997)/1)^3/6,IF($A13<=1999,2/3-((($A13-1997)/1)-2)^2-0.5*((($A13-1997)/1)-2)^3,IF($A13<=2000,2/3-((($A13-1997)/1)-2)^2+0.5*((($A13-1997)/1)-2)^3,IF($A13<=2001,(4-(($A13-1997)/1))^3/6,0))))) -> 0.16666667 | J13: =IF($A13<=1998,0,IF($A13<=1999,(($A13-1998)/1)^3/6,IF($A13<=2000,2/3-((($A13-1998)/1)-2)^2-0.5*((($A13-1998)/1)-2)^3,IF($A13<=2001,2/3-((($A13-1998)/1)-2)^2+0.5*((($A13-1998)/1)-2)^3,IF($A13<=2002,(4-(($A13-1998)/1))^3/6,0))))) -> 0.66666667 | K13: =IF($A13<=1999,0,IF($A13<=2000,(($A13-1999)/1)^3/6,IF($A13<=2001,2/3-((($A13-1999)/1)-2)^2-0.5*((($A13-1999)/1)-2)^3,IF($A13<=2002,2/3-((($A13-1999)/1)-2)^2+0.5*((($A13-1999)/1)-2)^3,IF($A13<=2003,(4-(($A13-1999)/1))^3/6,0))))) -> 0.16666667 | L13: =IF($A13<=2000,0,IF($A13<=2001,(($A13-2000)/1)^3/6,IF($A13<=2002,2/3-((($A13-2000)/1)-2)^2-0.5*((($A13-2000)/1)-2)^3,IF($A13<=2003,2/3-((($A13-2000)/1)-2)^2+0.5*((($A13-2000)/1)-2)^3,IF($A13<=2004,(4-(($A13-2000)/1))^3/6,0))))) -> 0 | M13: =IF($A13<=2001,0,IF($A13<=2002,(($A13-2001)/1)^3/6,IF($A13<=2003,2/3-((($A13-2001)/1)-2)^2-0.5*((($A13-2001)/1)-2)^3,IF($A13<=2004,2/3-((($A13-2001)/1)-2)^2+0.5*((($A13-2001)/1)-2)^3,IF($A13<=2005,(4-(($A13-2001)/1))^3/6,0))))) -> 0 | N13: =IF($A13<=2002,0,IF($A13<=2003,(($A13-2002)/1)^3/6,IF($A13<=2004,2/3-((($A13-2002)/1)-2)^2-0.5*((($A13-2002)/1)-2)^3,IF($A13<=2005,2/3-((($A13-2002)/1)-2)^2+0.5*((($A13-2002)/1)-2)^3,IF($A13<=2006,(4-(($A13-2002)/1))^3/6,0))))) -> 0 | O13: =IF($A13<=2003,0,IF($A13<=2004,(($A13-2003)/1)^3/6,IF($A13<=2005,2/3-((($A13-2003)/1)-2)^2-0.5*((($A13-2003)/1)-2)^3,IF($A13<=2006,2/3-((($A13-2003)/1)-2)^2+0.5*((($A13-2003)/1)-2)^3,IF($A13<=2007,(4-(($A13-2003)/1))^3/6,0))))) -> 0 | P13: =SUMPRODUCT(D13:O13,$B$24:$M$24) -> -7.0526631 | Q13: =C13-P13 -> 0.1415742 | R13: =Q13^2 -> 0.020043255
