Workbook

Sheet M_70_t
A1: Year | B1: Mortality rate
A2: 1995 | B2: 0.00085662921
A3: 1996 | B3: 0.00082999933
A4: 1997 | B4: 0.00080999953
A5: 1998 | B5: 0.00097750974
A6: 1999 | B6: 0.00078849179
A7: 2000 | B7: 0.00099667191
A8: 2001 | B8: 0.00075112818
A9: 2002 | B9: 0.0007042875
A10: 2003 | B10: 0.00062560882
A11: 2004 | B11: 0.00063014139
A12: 2005 | B12: 0.00058383424
A13: 2006 | B13: 0.00049907285
... A26: 2019 | B26: 0.00044343997

Sheet Sheet1

Sheet Q2(a)_Derivation
A1: Q2(a): Cox–de Boor recursion and support
A3: Convention: B_(t_j,k)(t) denotes order k (degree k−1), with support [t_j, t_(j+k)). For M1, h=3 years and t_(j+r)=t_j+3r; extend the uniform knot sequence as required.
A5: Order 1: B_(t_j,1)(t)=1 if t_j≤t<t_j+h, and 0 otherwise. All subsequent basis functions are obtained from this indicator using the recursion below.
A7: For k=2,3,4: B_(t_j,k)(t)=[(t−t_j)/((k−1)h)] B_(t_j,k−1)(t)+[(t_j+kh−t)/((k−1)h)] B_(t_(j+1),k−1)(t).
A9: Order 2: B_(t_j,2)=[(t−t_j)/h]B_(t_j,1)+[(t_j+2h−t)/h]B_(t_(j+1),1).
A11: Order 3: B_(t_j,3)=[(t−t_j)/(2h)]B_(t_j,2)+[(t_j+3h−t)/(2h)]B_(t_(j+1),2).
A13: Order 4: B_(t_j,4)=[(t−t_j)/(3h)]B_(t_j,3)+[(t_j+4h−t)/(3h)]B_(t_(j+1),3).
A15: To display the piecewise forms compactly, let u=(t−t_j)/h and v_+=MAX(v,0). Then B_(t_j,k)(t)=Σ_(r=0)^k (−1)^r COMBIN(k,r)(u−r)_+^(k−1)/(k−1)! for k≥2.
A17: Order 2: u_+−2(u−1)_++(u−2)_+. Order 3: [u_+²−3(u−1)_+²+3(u−2)_+²−(u−3)_+²]/2.
A19: Order 4: [u_+³−4(u−1)_+³+6(u−2)_+³−4(u−3)_+³+(u−4)_+³]/6. The recurrence tables in this sheet and the model sheets calculate the same functions directly.
A21: The first-order support is one knot interval. Each recursion combines adjacent lower-order supports, adding one interval. The support length is therefore kh: 3, 6, 9 and 12 years for orders 1–4. For k≥2 the curve is also zero at the left endpoint; support here means the usual enclosing knot interval.
A25: Basis | B25: Order | C25: Degree | D25: Start year | E25: End year (excluded) | F25: Support length (years)
A26: B_1998,1 | B26: 1 | C26: 0 | D26: 1998 | E26: =D26+3*B26 -> 2001 | F26: =E26-D26 -> 3
A27: B_1998,2 | B27: 2 | C27: 1 | D27: 1998 | E27: =D27+3*B27 -> 2004 | F27: =E27-D27 -> 6
A28: B_1998,3 | B28: 3 | C28: 2 | D28: 1998 | E28: =D28+3*B28 -> 2007 | F28: =E28-D28 -> 9
A29: B_1998,4 | B29: 4 | C29: 3 | D29: 1998 | E29: =D29+3*B29 -> 2010 | F29: =E29-D29 -> 12
A31: Excel worked example below: B_1998,k for t=1995,…,2013. Intermediate adjacent first-, second- and third-order bases are retained so that every recursion step is visible.
A34: Year | B34: B1998,order1 | C34: B2001,order1 | D34: B2004,order1 | E34: B2007,order1 | F34: B1998,order2 | G34: B2001,order2 | H34: B2004,order2 | I34: B1998,order3 | J34: B2001,order3 | K34: B1998,order4
A35: 1995 | B35: =IF(AND($A35>=1998,$A35<2001),1,0) -> 0 | C35: =IF(AND($A35>=2001,$A35<2004),1,0) -> 0 | D35: =IF(AND($A35>=2004,$A35<2007),1,0) -> 0 | E35: =IF(AND($A35>=2007,$A35<2010),1,0) -> 0 | F35: =($A35-1998)/3*B35+(2004-$A35)/3*C35 -> 0 | G35: =($A35-2001)/3*C35+(2007-$A35)/3*D35 -> 0 | H35: =($A35-2004)/3*D35+(2010-$A35)/3*E35 -> 0 | I35: =($A35-1998)/6*F35+(2007-$A35)/6*G35 -> 0 | J35: =($A35-2001)/6*G35+(2010-$A35)/6*H35 -> 0 | K35: =($A35-1998)/9*I35+(2010-$A35)/9*J35 -> 0
A36: 1996 | B36: =IF(AND($A36>=1998,$A36<2001),1,0) -> 0 | C36: =IF(AND($A36>=2001,$A36<2004),1,0) -> 0 | D36: =IF(AND($A36>=2004,$A36<2007),1,0) -> 0 | E36: =IF(AND($A36>=2007,$A36<2010),1,0) -> 0 | F36: =($A36-1998)/3*B36+(2004-$A36)/3*C36 -> 0 | G36: =($A36-2001)/3*C36+(2007-$A36)/3*D36 -> 0 | H36: =($A36-2004)/3*D36+(2010-$A36)/3*E36 -> 0 | I36: =($A36-1998)/6*F36+(2007-$A36)/6*G36 -> 0 | J36: =($A36-2001)/6*G36+(2010-$A36)/6*H36 -> 0 | K36: =($A36-1998)/9*I36+(2010-$A36)/9*J36 -> 0
A37: 1997 | B37: =IF(AND($A37>=1998,$A37<2001),1,0) -> 0 | C37: =IF(AND($A37>=2001,$A37<2004),1,0) -> 0 | D37: =IF(AND($A37>=2004,$A37<2007),1,0) -> 0 | E37: =IF(AND($A37>=2007,$A37<2010),1,0) -> 0 | F37: =($A37-1998)/3*B37+(2004-$A37)/3*C37 -> 0 | G37: =($A37-2001)/3*C37+(2007-$A37)/3*D37 -> 0 | H37: =($A37-2004)/3*D37+(2010-$A37)/3*E37 -> 0 | I37: =($A37-1998)/6*F37+(2007-$A37)/6*G37 -> 0 | J37: =($A37-2001)/6*G37+(2010-$A37)/6*H37 -> 0 | K37: =($A37-1998)/9*I37+(2010-$A37)/9*J37 -> 0
A38: 1998 | B38: =IF(AND($A38>=1998,$A38<2001),1,0) -> 1 | C38: =IF(AND($A38>=2001,$A38<2004),1,0) -> 0 | D38: =IF(AND($A38>=2004,$A38<2007),1,0) -> 0 | E38: =IF(AND($A38>=2007,$A38<2010),1,0) -> 0 | F38: =($A38-1998)/3*B38+(2004-$A38)/3*C38 -> 0 | G38: =($A38-2001)/3*C38+(2007-$A38)/3*D38 -> 0 | H38: =($A38-2004)/3*D38+(2010-$A38)/3*E38 -> 0 | I38: =($A38-1998)/6*F38+(2007-$A38)/6*G38 -> 0 | J38: =($A38-2001)/6*G38+(2010-$A38)/6*H38 -> 0 | K38: =($A38-1998)/9*I38+(2010-$A38)/9*J38 -> 0
A39: 1999 | B39: =IF(AND($A39>=1998,$A39<2001),1,0) -> 1 | C39: =IF(AND($A39>=2001,$A39<2004),1,0) -> 0 | D39: =IF(AND($A39>=2004,$A39<2007),1,0) -> 0 | E39: =IF(AND($A39>=2007,$A39<2010),1,0) -> 0 | F39: =($A39-1998)/3*B39+(2004-$A39)/3*C39 -> 0.33333333 | G39: =($A39-2001)/3*C39+(2007-$A39)/3*D39 -> 0 | H39: =($A39-2004)/3*D39+(2010-$A39)/3*E39 -> 0 | I39: =($A39-1998)/6*F39+(2007-$A39)/6*G39 -> 0.055555556 | J39: =($A39-2001)/6*G39+(2010-$A39)/6*H39 -> 0 | K39: =($A39-1998)/9*I39+(2010-$A39)/9*J39 -> 0.0061728395
A40: 2000 | B40: =IF(AND($A40>=1998,$A40<2001),1,0) -> 1 | C40: =IF(AND($A40>=2001,$A40<2004),1,0) -> 0 | D40: =IF(AND($A40>=2004,$A40<2007),1,0) -> 0 | E40: =IF(AND($A40>=2007,$A40<2010),1,0) -> 0 | F40: =($A40-1998)/3*B40+(2004-$A40)/3*C40 -> 0.66666667 | G40: =($A40-2001)/3*C40+(2007-$A40)/3*D40 -> 0 | H40: =($A40-2004)/3*D40+(2010-$A40)/3*E40 -> 0 | I40: =($A40-1998)/6*F40+(2007-$A40)/6*G40 -> 0.22222222 | J40: =($A40-2001)/6*G40+(2010-$A40)/6*H40 -> 0 | K40: =($A40-1998)/9*I40+(2010-$A40)/9*J40 -> 0.049382716
A41: 2001 | B41: =IF(AND($A41>=1998,$A41<2001),1,0) -> 0 | C41: =IF(AND($A41>=2001,$A41<2004),1,0) -> 1 | D41: =IF(AND($A41>=2004,$A41<2007),1,0) -> 0 | E41: =IF(AND($A41>=2007,$A41<2010),1,0) -> 0 | F41: =($A41-1998)/3*B41+(2004-$A41)/3*C41 -> 1 | G41: =($A41-2001)/3*C41+(2007-$A41)/3*D41 -> 0 | H41: =($A41-2004)/3*D41+(2010-$A41)/3*E41 -> 0 | I41: =($A41-1998)/6*F41+(2007-$A41)/6*G41 -> 0.5 | J41: =($A41-2001)/6*G41+(2010-$A41)/6*H41 -> 0 | K41: =($A41-1998)/9*I41+(2010-$A41)/9*J41 -> 0.16666667
A42: 2002 | B42: =IF(AND($A42>=1998,$A42<2001),1,0) -> 0 | C42: =IF(AND($A42>=2001,$A42<2004),1,0) -> 1 | D42: =IF(AND($A42>=2004,$A42<2007),1,0) -> 0 | E42: =IF(AND($A42>=2007,$A42<2010),1,0) -> 0 | F42: =($A42-1998)/3*B42+(2004-$A42)/3*C42 -> 0.66666667 | G42: =($A42-2001)/3*C42+(2007-$A42)/3*D42 -> 0.33333333 | H42: =($A42-2004)/3*D42+(2010-$A42)/3*E42 -> 0 | I42: =($A42-1998)/6*F42+(2007-$A42)/6*G42 -> 0.72222222 | J42: =($A42-2001)/6*G42+(2010-$A42)/6*H42 -> 0.055555556 | K42: =($A42-1998)/9*I42+(2010-$A42)/9*J42 -> 0.37037037
A43: 2003 | B43: =IF(AND($A43>=1998,$A43<2001),1,0) -> 0 | C43: =IF(AND($A43>=2001,$A43<2004),1,0) -> 1 | D43: =IF(AND($A43>=2004,$A43<2007),1,0) -> 0 | E43: =IF(AND($A43>=2007,$A43<2010),1,0) -> 0 | F43: =($A43-1998)/3*B43+(2004-$A43)/3*C43 -> 0.33333333 | G43: =($A43-2001)/3*C43+(2007-$A43)/3*D43 -> 0.66666667 | H43: =($A43-2004)/3*D43+(2010-$A43)/3*E43 -> 0 | I43: =($A43-1998)/6*F43+(2007-$A43)/6*G43 -> 0.72222222 | J43: =($A43-2001)/6*G43+(2010-$A43)/6*H43 -> 0.22222222 | K43: =($A43-1998)/9*I43+(2010-$A43)/9*J43 -> 0.57407407
A44: 2004 | B44: =IF(AND($A44>=1998,$A44<2001),1,0) -> 0 | C44: =IF(AND($A44>=2001,$A44<2004),1,0) -> 0 | D44: =IF(AND($A44>=2004,$A44<2007),1,0) -> 1 | E44: =IF(AND($A44>=2007,$A44<2010),1,0) -> 0 | F44: =($A44-1998)/3*B44+(2004-$A44)/3*C44 -> 0 | G44: =($A44-2001)/3*C44+(2007-$A44)/3*D44 -> 1 | H44: =($A44-2004)/3*D44+(2010-$A44)/3*E44 -> 0 | I44: =($A44-1998)/6*F44+(2007-$A44)/6*G44 -> 0.5 | J44: =($A44-2001)/6*G44+(2010-$A44)/6*H44 -> 0.5 | K44: =($A44-1998)/9*I44+(2010-$A44)/9*J44 -> 0.66666667
A45: 2005 | B45: =IF(AND($A45>=1998,$A45<2001),1,0) -> 0 | C45: =IF(AND($A45>=2001,$A45<2004),1,0) -> 0 | D45: =IF(AND($A45>=2004,$A45<2007),1,0) -> 1 | E45: =IF(AND($A45>=2007,$A45<2010),1,0) -> 0 | F45: =($A45-1998)/3*B45+(2004-$A45)/3*C45 -> 0 | G45: =($A45-2001)/3*C45+(2007-$A45)/3*D45 -> 0.66666667 | H45: =($A45-2004)/3*D45+(2010-$A45)/3*E45 -> 0.33333333 | I45: =($A45-1998)/6*F45+(2007-$A45)/6*G45 -> 0.22222222 | J45: =($A45-2001)/6*G45+(2010-$A45)/6*H45 -> 0.72222222 | K45: =($A45-1998)/9*I45+(2010-$A45)/9*J45 -> 0.57407407
A46: 2006 | B46: =IF(AND($A46>=1998,$A46<2001),1,0) -> 0 | C46: =IF(AND($A46>=2001,$A46<2004),1,0) -> 0 | D46: =IF(AND($A46>=2004,$A46<2007),1,0) -> 1 | E46: =IF(AND($A46>=2007,$A46<2010),1,0) -> 0 | F46: =($A46-1998)/3*B46+(2004-$A46)/3*C46 -> 0 | G46: =($A46-2001)/3*C46+(2007-$A46)/3*D46 -> 0.33333333 | H46: =($A46-2004)/3*D46+(2010-$A46)/3*E46 -> 0.66666667 | I46: =($A46-1998)/6*F46+(2007-$A46)/6*G46 -> 0.055555556 | J46: =($A46-2001)/6*G46+(2010-$A46)/6*H46 -> 0.72222222 | K46: =($A46-1998)/9*I46+(2010-$A46)/9*J46 -> 0.37037037
... A53: 2013 | B53: =IF(AND($A53>=1998,$A53<2001),1,0) -> 0 | C53: =IF(AND($A53>=2001,$A53<2004),1,0) -> 0 | D53: =IF(AND($A53>=2004,$A53<2007),1,0) -> 0 | E53: =IF(AND($A53>=2007,$A53<2010),1,0) -> 0 | F53: =($A53-1998)/3*B53+(2004-$A53)/3*C53 -> 0 | G53: =($A53-2001)/3*C53+(2007-$A53)/3*D53 -> 0 | H53: =($A53-2004)/3*D53+(2010-$A53)/3*E53 -> 0 | I53: =($A53-1998)/6*F53+(2007-$A53)/6*G53 -> 0 | J53: =($A53-2001)/6*G53+(2010-$A53)/6*H53 -> 0 | K53: =($A53-1998)/9*I53+(2010-$A53)/9*J53 -> 0

Sheet Q2_ReadMe
A1: Question 2 — workbook guide and instructor correction
A2: Original sheets M_70_t and Sheet1 are preserved. Source: uploaded M_70_t.xlsx. Added sheets contain all Q2 calculations. Input rates have units of deaths per person-year; coefficients describe natural-log mortality; the B-spline basis is dimensionless.
A4: Instructor correction supplied by the user: treat (b) and (c) independently. For (c), refit both M1 and M2 using M_70_t data and refer to age 70 in the discussion, although the instructor states the spreadsheet rates actually belong to age 25.
A6: Part (b) inputs from assignment PDF (independent of spreadsheet observations)
A7: Year | B7: Central death rate
A8: 1995 | B8: 0.0235
A9: 1998 | B9: 0.0207
A10: 2001 | B10: 0.0183
A11: 2004 | B11: 0.0166
A13: Part (b) uses exactly the four rates above: no interpolation of missing annual observations and no use of M_70_t data in estimation. Annual fitted values are model evaluations, not invented observations.
A15: Part (c) uses M_70_t!A2:B11 (1995–2004) to estimate both models. Rows A12:B26 (2005–2019) are retained as out-of-sample observations for plotting only; they do not enter SSE or the normal equations.
A17: Q2(a)_Derivation: recursion and support; Q2(b)_M1: independent four-point M1; Q2(c)_M1: refitted M1; Q2(c)_M2: annual-knot M2; Q2(c)_Comparison: three curves and responses to Kevin.
A19: No extra objective, nonnegativity constraint, automatic smoothing selection is used. As confirmed by the user, LN(m) is the response, following Unit 4 pp.79–80 and Week11_Q1sol.xlsx; EXP converts fitted log rates back to mortality. lambda=1 and the second-order coefficient penalty are applied exactly as L=SSE+(lambda/2)*Penalty.
A21: Method reference: assignment Q2 Cox–de Boor construction and coefficient second-difference projection. The zero-second-difference forecast continues the final coefficient slope. Cross-checked against Unit 4 pp.63–64,79–81 and Week11_Q1sol.xlsx. Unit 4 p.88 uses a third-order example; this assignment specifies second order, so the Week 11 second-order extension is used.
A25: Year | B25: Part (b) M1 projection
A26: 2007 | B26: ='Q2(b)_M1'!C20 -> 0.014826547
A27: 2010 | B27: ='Q2(b)_M1'!C23 -> 0.013316994
A28: 2013 | B28: ='Q2(b)_M1'!C26 -> 0.011961134
A29: 2016 | B29: ='Q2(b)_M1'!C29 -> 0.01074332
A30: 2019 | B30: ='Q2(b)_M1'!C32 -> 0.0096494969

Sheet Q2(b)_M1
A1: Q2(b): M1, four assignment observations
A2: Fit only the stated training observations. Cubic B-splines have order 4 and support [t_j,t_j+4h). Observed/output rates are annual central death rates (per person-year). The response and fitted coefficients are on the natural-log mortality scale; knot locations are calendar years.
A4: lambda | B4: 1 | C4: Knot step h | D4: 3
A5: Log-scale objective: L=SSE+(lambda/2)*SUM((theta_j−2*theta_(j−1)+theta_(j−2))^2). Normal equations: [BᵀB+(lambda/2)D₂ᵀD₂]theta=BᵀLN(m). SSE=SUM((LN(m)−B*theta)^2). No nonnegativity constraint, tuning, or extra penalty is used.
A7: Year | B7: Observed rate | C7: Fitted / projected | D7: Period | E7: Training residual | F7: Log residual² | G7: Fitted / projected LN(m)
A8: 1995 | B8: ='Q2_ReadMe'!B8 -> 0.0235 | C8: =EXP(G8) -> 0.023424538 | D8: Fitted | E8: =LN(B8)-G8 -> 0.0032162971 | F8: =E8^2 -> 1.0344567e-05 | G8: {=MMULT(AO150:AY150,$I$15:$I$25)} -> -3.7539712 | H8: SSE | I8: =SUM(F8:F17) -> 9.4615696e-05
A9: 1996 | C9: =EXP(G9) -> 0.022478879 | D9: Fitted | G9: {=MMULT(AO151:AY151,$I$15:$I$25)} -> -3.7951791 | H9: Penalty (estimated theta only) | I9: =SUM(K17:K20) -> 0.00010744318
A10: 1997 | C10: =EXP(G10) -> 0.021577951 | D10: Fitted | G10: {=MMULT(AO152:AY152,$I$15:$I$25)} -> -3.8360833 | H10: L = SSE + lambda/2*Penalty | I10: =I8+$B$4/2*I9 -> 0.00014833728
A11: 1998 | B11: ='Q2_ReadMe'!B9 -> 0.0207 | C11: =EXP(G11) -> 0.020723251 | D11: Fitted | E11: =LN(B11)-G11 -> -0.0011225944 | F11: =E11^2 -> 1.2602182e-06 | G11: {=MMULT(AO153:AY153,$I$15:$I$25)} -> -3.876499
A12: 1999 | C12: =EXP(G12) -> 0.019915452 | D12: Fitted | G12: {=MMULT(AO154:AY154,$I$15:$I$25)} -> -3.9162594
A13: 2000 | C13: =EXP(G13) -> 0.019153514 | D13: Fitted | G13: {=MMULT(AO155:AY155,$I$15:$I$25)} -> -3.9552691
A14: 2001 | B14: ='Q2_ReadMe'!B10 -> 0.0183 | C14: =EXP(G14) -> 0.018435991 | D14: Fitted | E14: =LN(B14)-G14 -> -0.0074037026 | F14: =E14^2 -> 5.4814812e-05 | G14: {=MMULT(AO156:AY156,$I$15:$I$25)} -> -3.9934505 | H14: Coefficient knot | I14: theta | J14: Second difference | K14: Squared difference | L14: Status
A15: 2002 | C15: =EXP(G15) -> 0.017760498 | D15: Fitted | G15: {=MMULT(AO157:AY157,$I$15:$I$25)} -> -4.0307785 | H15: 1986 | I15: {=INDEX(MMULT(MINVERSE($C$91:$H$96),$J$91:$J$96),1,1)} -> -3.6297189 | L15: Estimated
A16: 2003 | C16: =EXP(G16) -> 0.017121213 | D16: Fitted | G16: {=MMULT(AO158:AY158,$I$15:$I$25)} -> -4.0674371 | H16: 1989 | I16: {=INDEX(MMULT(MINVERSE($C$91:$H$96),$J$91:$J$96),2,1)} -> -3.7541498 | L16: Estimated
A17: 2004 | B17: ='Q2_ReadMe'!B11 -> 0.0166 | C17: =EXP(G17) -> 0.016512088 | D17: Fitted | E17: =LN(B17)-G17 -> 0.0053099999 | F17: =E17^2 -> 2.8196099e-05 | G17: {=MMULT(AO159:AY159,$I$15:$I$25)} -> -4.1036626 | H17: 1992 | I17: {=INDEX(MMULT(MINVERSE($C$91:$H$96),$J$91:$J$96),3,1)} -> -3.8775087 | J17: =I17-2*I16+I15 -> 0.001072099 | K17: =J17^2 -> 1.1493964e-06 | L17: Estimated
A18: 2005 | C18: =EXP(G18) -> 0.015928219 | D18: Projected | G18: {=MMULT(AO160:AY160,$I$15:$I$25)} -> -4.139663 | H18: 1995 | I18: {=INDEX(MMULT(MINVERSE($C$91:$H$96),$J$91:$J$96),4,1)} -> -3.9948092 | J18: =I18-2*I17+I16 -> 0.0060583961 | K18: =J18^2 -> 3.6704164e-05 | L18: Estimated
A19: 2006 | C19: =EXP(G19) -> 0.01536701 | D19: Projected | G19: {=MMULT(AO161:AY161,$I$15:$I$25)} -> -4.1755322 | H19: 1998 | I19: {=INDEX(MMULT(MINVERSE($C$91:$H$96),$J$91:$J$96),5,1)} -> -4.1039576 | J19: =I19-2*I18+I17 -> 0.0081520989 | K19: =J19^2 -> 6.6456716e-05 | L19: Estimated
A20: 2007 | C20: =EXP(G20) -> 0.014826547 | D20: Projected | G20: {=MMULT(AO162:AY162,$I$15:$I$25)} -> -4.211336 | H20: 2001 | I20: {=INDEX(MMULT(MINVERSE($C$91:$H$96),$J$91:$J$96),6,1)} -> -4.211336 | J20: =I20-2*I19+I18 -> 0.00177 | K20: =J20^2 -> 3.1328999e-06 | L20: Estimated
A21: 2008 | C21: =EXP(G21) -> 0.014305249 | D21: Projected | G21: {=MMULT(AO163:AY163,$I$15:$I$25)} -> -4.2471288 | H21: 2004 | I21: =2*I20-I19 -> -4.3187144 | J21: =I21-2*I20+I19 -> 0 | K21: =J21^2 -> 0 | L21: Projected: Δ²theta=0
A22: 2009 | C22: =EXP(G22) -> 0.013802279 | D22: Projected | G22: {=MMULT(AO164:AY164,$I$15:$I$25)} -> -4.2829216 | H22: 2007 | I22: =2*I21-I20 -> -4.4260927 | J22: =I22-2*I21+I20 -> 0 | K22: =J22^2 -> 0 | L22: Projected: Δ²theta=0
A23: 2010 | C23: =EXP(G23) -> 0.013316994 | D23: Projected | G23: {=MMULT(AO165:AY165,$I$15:$I$25)} -> -4.3187144 | H23: 2010 | I23: =2*I22-I21 -> -4.5334711 | J23: =I23-2*I22+I21 -> 0 | K23: =J23^2 -> 0 | L23: Projected: Δ²theta=0
A24: 2011 | C24: =EXP(G24) -> 0.012848771 | D24: Projected | G24: {=MMULT(AO166:AY166,$I$15:$I$25)} -> -4.3545071 | H24: 2013 | I24: =2*I23-I22 -> -4.6408495 | J24: =I24-2*I23+I22 -> 0 | K24: =J24^2 -> 0 | L24: Projected: Δ²theta=0
A25: 2012 | C25: =EXP(G25) -> 0.01239701 | D25: Projected | G25: {=MMULT(AO167:AY167,$I$15:$I$25)} -> -4.3902999 | H25: 2016 | I25: =2*I24-I23 -> -4.7482279 | J25: =I25-2*I24+I23 -> 0 | K25: =J25^2 -> 0 | L25: Projected: Δ²theta=0
A26: 2013 | C26: =EXP(G26) -> 0.011961134 | D26: Projected | G26: {=MMULT(AO168:AY168,$I$15:$I$25)} -> -4.4260927
A27: 2014 | C27: =EXP(G27) -> 0.011540583 | D27: Projected | G27: {=MMULT(AO169:AY169,$I$15:$I$25)} -> -4.4618855
A28: 2015 | C28: =EXP(G28) -> 0.011134818 | D28: Projected | G28: {=MMULT(AO170:AY170,$I$15:$I$25)} -> -4.4976783
A29: 2016 | C29: =EXP(G29) -> 0.01074332 | D29: Projected | G29: {=MMULT(AO171:AY171,$I$15:$I$25)} -> -4.5334711
A30: 2017 | C30: =EXP(G30) -> 0.010365587 | D30: Projected | G30: {=MMULT(AO172:AY172,$I$15:$I$25)} -> -4.5692639
A31: 2018 | C31: =EXP(G31) -> 0.010001135 | D31: Projected | G31: {=MMULT(AO173:AY173,$I$15:$I$25)} -> -4.6050567
A32: 2019 | C32: =EXP(G32) -> 0.0096494969 | D32: Projected | G32: {=MMULT(AO174:AY174,$I$15:$I$25)} -> -4.6408495
A68: Training design matrix B and response y=LN(m) (training years only)
A70: Training year | B70: y = LN(m) | C70: B1986,4 | D70: B1989,4 | E70: B1992,4 | F70: B1995,4 | G70: B1998,4 | H70: B2001,4
A71: 1995 | B71: =LN('Q2_ReadMe'!B8) -> -3.7507549 | C71: =AO150 -> 0.16666667 | D71: =AP150 -> 0.66666667 | E71: =AQ150 -> 0.16666667 | F71: =AR150 -> 0 | G71: =AS150 -> 0 | H71: =AT150 -> 0
A72: 1998 | B72: =LN('Q2_ReadMe'!B9) -> -3.8776216 | C72: =AO153 -> 0 | D72: =AP153 -> 0.16666667 | E72: =AQ153 -> 0.66666667 | F72: =AR153 -> 0.16666667 | G72: =AS153 -> 0 | H72: =AT153 -> 0
A73: 2001 | B73: =LN('Q2_ReadMe'!B10) -> -4.0008542 | C73: =AO156 -> 0 | D73: =AP156 -> 0 | E73: =AQ156 -> 0.16666667 | F73: =AR156 -> 0.66666667 | G73: =AS156 -> 0.16666667 | H73: =AT156 -> 0
A74: 2004 | B74: =LN('Q2_ReadMe'!B11) -> -4.0983526 | C74: =AO159 -> 0 | D74: =AP159 -> 0 | E74: =AQ159 -> 0 | F74: =AR159 -> 0.16666667 | G74: =AS159 -> 0.66666667 | H74: =AT159 -> 0.16666667
A88: Penalised normal matrix G = BᵀB + (lambda/2)D₂ᵀD₂, and RHS = Bᵀy
C90: 1986 | D90: 1989 | E90: 1992 | F90: 1995 | G90: 1998 | H90: 2001 | J90: Bᵀy
A91: 1986 | C91: =SUMPRODUCT(C$71:C$74,C$71:C$74)+$B$4/2*SUMPRODUCT(C$111:C$114,C$111:C$114) -> 0.52777778 | D91: =SUMPRODUCT(C$71:C$74,D$71:D$74)+$B$4/2*SUMPRODUCT(C$111:C$114,D$111:D$114) -> -0.88888889 | E91: =SUMPRODUCT(C$71:C$74,E$71:E$74)+$B$4/2*SUMPRODUCT(C$111:C$114,E$111:E$114) -> 0.52777778 | F91: =SUMPRODUCT(C$71:C$74,F$71:F$74)+$B$4/2*SUMPRODUCT(C$111:C$114,F$111:F$114) -> 0 | G91: =SUMPRODUCT(C$71:C$74,G$71:G$74)+$B$4/2*SUMPRODUCT(C$111:C$114,G$111:G$114) -> 0 | H91: =SUMPRODUCT(C$71:C$74,H$71:H$74)+$B$4/2*SUMPRODUCT(C$111:C$114,H$111:H$114) -> 0 | J91: =SUMPRODUCT(C$71:C$74,$B$71:$B$74) -> -0.62512581
A92: 1989 | C92: =SUMPRODUCT(D$71:D$74,C$71:C$74)+$B$4/2*SUMPRODUCT(D$111:D$114,C$111:C$114) -> -0.88888889 | D92: =SUMPRODUCT(D$71:D$74,D$71:D$74)+$B$4/2*SUMPRODUCT(D$111:D$114,D$111:D$114) -> 2.9722222 | E92: =SUMPRODUCT(D$71:D$74,E$71:E$74)+$B$4/2*SUMPRODUCT(D$111:D$114,E$111:E$114) -> -1.7777778 | F92: =SUMPRODUCT(D$71:D$74,F$71:F$74)+$B$4/2*SUMPRODUCT(D$111:D$114,F$111:F$114) -> 0.52777778 | G92: =SUMPRODUCT(D$71:D$74,G$71:G$74)+$B$4/2*SUMPRODUCT(D$111:D$114,G$111:G$114) -> 0 | H92: =SUMPRODUCT(D$71:D$74,H$71:H$74)+$B$4/2*SUMPRODUCT(D$111:D$114,H$111:H$114) -> 0 | J92: =SUMPRODUCT(D$71:D$74,$B$71:$B$74) -> -3.1467735
A93: 1992 | C93: =SUMPRODUCT(E$71:E$74,C$71:C$74)+$B$4/2*SUMPRODUCT(E$111:E$114,C$111:C$114) -> 0.52777778 | D93: =SUMPRODUCT(E$71:E$74,D$71:D$74)+$B$4/2*SUMPRODUCT(E$111:E$114,D$111:D$114) -> -1.7777778 | E93: =SUMPRODUCT(E$71:E$74,E$71:E$74)+$B$4/2*SUMPRODUCT(E$111:E$114,E$111:E$114) -> 3.5 | F93: =SUMPRODUCT(E$71:E$74,F$71:F$74)+$B$4/2*SUMPRODUCT(E$111:E$114,F$111:F$114) -> -1.7777778 | G93: =SUMPRODUCT(E$71:E$74,G$71:G$74)+$B$4/2*SUMPRODUCT(E$111:E$114,G$111:G$114) -> 0.52777778 | H93: =SUMPRODUCT(E$71:E$74,H$71:H$74)+$B$4/2*SUMPRODUCT(E$111:E$114,H$111:H$114) -> 0 | J93: =SUMPRODUCT(E$71:E$74,$B$71:$B$74) -> -3.8770159
A94: 1995 | C94: =SUMPRODUCT(F$71:F$74,C$71:C$74)+$B$4/2*SUMPRODUCT(F$111:F$114,C$111:C$114) -> 0 | D94: =SUMPRODUCT(F$71:F$74,D$71:D$74)+$B$4/2*SUMPRODUCT(F$111:F$114,D$111:D$114) -> 0.52777778 | E94: =SUMPRODUCT(F$71:F$74,E$71:E$74)+$B$4/2*SUMPRODUCT(F$111:F$114,E$111:E$114) -> -1.7777778 | F94: =SUMPRODUCT(F$71:F$74,F$71:F$74)+$B$4/2*SUMPRODUCT(F$111:F$114,F$111:F$114) -> 3.5 | G94: =SUMPRODUCT(F$71:F$74,G$71:G$74)+$B$4/2*SUMPRODUCT(F$111:F$114,G$111:G$114) -> -1.7777778 | H94: =SUMPRODUCT(F$71:F$74,H$71:H$74)+$B$4/2*SUMPRODUCT(F$111:F$114,H$111:H$114) -> 0.52777778 | J94: =SUMPRODUCT(F$71:F$74,$B$71:$B$74) -> -3.9965652
A95: 1998 | C95: =SUMPRODUCT(G$71:G$74,C$71:C$74)+$B$4/2*SUMPRODUCT(G$111:G$114,C$111:C$114) -> 0 | D95: =SUMPRODUCT(G$71:G$74,D$71:D$74)+$B$4/2*SUMPRODUCT(G$111:G$114,D$111:D$114) -> 0 | E95: =SUMPRODUCT(G$71:G$74,E$71:E$74)+$B$4/2*SUMPRODUCT(G$111:G$114,E$111:E$114) -> 0.52777778 | F95: =SUMPRODUCT(G$71:G$74,F$71:F$74)+$B$4/2*SUMPRODUCT(G$111:G$114,F$111:F$114) -> -1.7777778 | G95: =SUMPRODUCT(G$71:G$74,G$71:G$74)+$B$4/2*SUMPRODUCT(G$111:G$114,G$111:G$114) -> 2.9722222 | H95: =SUMPRODUCT(G$71:G$74,H$71:H$74)+$B$4/2*SUMPRODUCT(G$111:G$114,H$111:H$114) -> -0.88888889 | J95: =SUMPRODUCT(G$71:G$74,$B$71:$B$74) -> -3.3990441
A96: 2001 | C96: =SUMPRODUCT(H$71:H$74,C$71:C$74)+$B$4/2*SUMPRODUCT(H$111:H$114,C$111:C$114) -> 0 | D96: =SUMPRODUCT(H$71:H$74,D$71:D$74)+$B$4/2*SUMPRODUCT(H$111:H$114,D$111:D$114) -> 0 | E96: =SUMPRODUCT(H$71:H$74,E$71:E$74)+$B$4/2*SUMPRODUCT(H$111:H$114,E$111:E$114) -> 0 | F96: =SUMPRODUCT(H$71:H$74,F$71:F$74)+$B$4/2*SUMPRODUCT(H$111:H$114,F$111:F$114) -> 0.52777778 | G96: =SUMPRODUCT(H$71:H$74,G$71:G$74)+$B$4/2*SUMPRODUCT(H$111:H$114,G$111:G$114) -> -0.88888889 | H96: =SUMPRODUCT(H$71:H$74,H$71:H$74)+$B$4/2*SUMPRODUCT(H$111:H$114,H$111:H$114) -> 0.52777778 | J96: =SUMPRODUCT(H$71:H$74,$B$71:$B$74) -> -0.68305876
A108: Second-difference matrix D₂: rows [1, −2, 1]
C111: 1 | D111: -2 | E111: 1 | F111: 0 | G111: 0 | H111: 0
C112: 0 | D112: 1 | E112: -2 | F112: 1 | G112: 0 | H112: 0
C113: 0 | D113: 0 | E113: 1 | F113: -2 | G113: 1 | H113: 0
C114: 0 | D114: 0 | E114: 0 | F114: 1 | G114: -2 | H114: 1
A149: Evaluation year | B149: B1986,k=1 | C149: B1989,k=1 | D149: B1992,k=1 | E149: B1995,k=1 | F149: B1998,k=1 | G149: B2001,k=1 | H149: B2004,k=1 | I149: B2007,k=1 | J149: B2010,k=1 | K149: B2013,k=1 | L149: B2016,k=1 | M149: B2019,k=1 | N149: B2022,k=1 | O149: B2025,k=1 | P149: B1986,k=2 | Q149: B1989,k=2 | R149: B1992,k=2 | S149: B1995,k=2 | T149: B1998,k=2 | U149: B2001,k=2 | V149: B2004,k=2 | W149: B2007,k=2 | X149: B2010,k=2 | Y149: B2013,k=2 | Z149: B2016,k=2 | AA149: B2019,k=2 | AB149: B2022,k=2 | AC149: B1986,k=3 | AD149: B1989,k=3 | AE149: B1992,k=3 | AF149: B1995,k=3 | AG149: B1998,k=3 | AH149: B2001,k=3 | AI149: B2004,k=3 | AJ149: B2007,k=3 | AK149: B2010,k=3 | AL149: B2013,k=3 | AM149: B2016,k=3 | AN149: B2019,k=3 | AO149: B1986,k=4 | AP149: B1989,k=4 | AQ149: B1992,k=4 | AR149: B1995,k=4 | AS149: B1998,k=4 | AT149: B2001,k=4 | AU149: B2004,k=4 | AV149: B2007,k=4 | AW149: B2010,k=4 | AX149: B2013,k=4 | AY149: B2016,k=4
A150: 1995 | B150: =IF(AND($A150>=1986,$A150<1989),1,0) -> 0 | C150: =IF(AND($A150>=1989,$A150<1992),1,0) -> 0 | D150: =IF(AND($A150>=1992,$A150<1995),1,0) -> 0 | E150: =IF(AND($A150>=1995,$A150<1998),1,0) -> 1 | F150: =IF(AND($A150>=1998,$A150<2001),1,0) -> 0 | G150: =IF(AND($A150>=2001,$A150<2004),1,0) -> 0 | H150: =IF(AND($A150>=2004,$A150<2007),1,0) -> 0 | I150: =IF(AND($A150>=2007,$A150<2010),1,0) -> 0 | J150: =IF(AND($A150>=2010,$A150<2013),1,0) -> 0 | K150: =IF(AND($A150>=2013,$A150<2016),1,0) -> 0 | L150: =IF(AND($A150>=2016,$A150<2019),1,0) -> 0 | M150: =IF(AND($A150>=2019,$A150<2022),1,0) -> 0 | N150: =IF(AND($A150>=2022,$A150<2025),1,0) -> 0 | O150: =IF(AND($A150>=2025,$A150<2028),1,0) -> 0 | P150: =($A150-1986)/((2-1)*$D$4)*B150+(1986+2*$D$4-$A150)/((2-1)*$D$4)*C150 -> 0 | Q150: =($A150-1989)/((2-1)*$D$4)*C150+(1989+2*$D$4-$A150)/((2-1)*$D$4)*D150 -> 0 | R150: =($A150-1992)/((2-1)*$D$4)*D150+(1992+2*$D$4-$A150)/((2-1)*$D$4)*E150 -> 1 | S150: =($A150-1995)/((2-1)*$D$4)*E150+(1995+2*$D$4-$A150)/((2-1)*$D$4)*F150 -> 0 | T150: =($A150-1998)/((2-1)*$D$4)*F150+(1998+2*$D$4-$A150)/((2-1)*$D$4)*G150 -> 0 | U150: =($A150-2001)/((2-1)*$D$4)*G150+(2001+2*$D$4-$A150)/((2-1)*$D$4)*H150 -> 0 | V150: =($A150-2004)/((2-1)*$D$4)*H150+(2004+2*$D$4-$A150)/((2-1)*$D$4)*I150 -> 0 | W150: =($A150-2007)/((2-1)*$D$4)*I150+(2007+2*$D$4-$A150)/((2-1)*$D$4)*J150 -> 0 | X150: =($A150-2010)/((2-1)*$D$4)*J150+(2010+2*$D$4-$A150)/((2-1)*$D$4)*K150 -> 0 | Y150: =($A150-2013)/((2-1)*$D$4)*K150+(2013+2*$D$4-$A150)/((2-1)*$D$4)*L150 -> 0 | Z150: =($A150-2016)/((2-1)*$D$4)*L150+(2016+2*$D$4-$A150)/((2-1)*$D$4)*M150 -> 0 | AA150: =($A150-2019)/((2-1)*$D$4)*M150+(2019+2*$D$4-$A150)/((2-1)*$D$4)*N150 -> 0 | AB150: =($A150-2022)/((2-1)*$D$4)*N150+(2022+2*$D$4-$A150)/((2-1)*$D$4)*O150 -> 0 | AC150: =($A150-1986)/((3-1)*$D$4)*P150+(1986+3*$D$4-$A150)/((3-1)*$D$4)*Q150 -> 0 | AD150: =($A150-1989)/((3-1)*$D$4)*Q150+(1989+3*$D$4-$A150)/((3-1)*$D$4)*R150 -> 0.5 | AE150: =($A150-1992)/((3-1)*$D$4)*R150+(1992+3*$D$4-$A150)/((3-1)*$D$4)*S150 -> 0.5 | AF150: =($A150-1995)/((3-1)*$D$4)*S150+(1995+3*$D$4-$A150)/((3-1)*$D$4)*T150 -> 0 | AG150: =($A150-1998)/((3-1)*$D$4)*T150+(1998+3*$D$4-$A150)/((3-1)*$D$4)*U150 -> 0 | AH150: =($A150-2001)/((3-1)*$D$4)*U150+(2001+3*$D$4-$A150)/((3-1)*$D$4)*V150 -> 0 | AI150: =($A150-2004)/((3-1)*$D$4)*V150+(2004+3*$D$4-$A150)/((3-1)*$D$4)*W150 -> 0 | AJ150: =($A150-2007)/((3-1)*$D$4)*W150+(2007+3*$D$4-$A150)/((3-1)*$D$4)*X150 -> 0 | AK150: =($A150-2010)/((3-1)*$D$4)*X150+(2010+3*$D$4-$A150)/((3-1)*$D$4)*Y150 -> 0 | AL150: =($A150-2013)/((3-1)*$D$4)*Y150+(2013+3*$D$4-$A150)/((3-1)*$D$4)*Z150 -> 0 | AM150: =($A150-2016)/((3-1)*$D$4)*Z150+(2016+3*$D$4-$A150)/((3-1)*$D$4)*AA150 -> 0 | AN150: =($A150-2019)/((3-1)*$D$4)*AA150+(2019+3*$D$4-$A150)/((3-1)*$D$4)*AB150 -> 0 | AO150: =($A150-1986)/((4-1)*$D$4)*AC150+(1986+4*$D$4-$A150)/((4-1)*$D$4)*AD150 -> 0.16666667 | AP150: =($A150-1989)/((4-1)*$D$4)*AD150+(1989+4*$D$4-$A150)/((4-1)*$D$4)*AE150 -> 0.66666667 | AQ150: =($A150-1992)/((4-1)*$D$4)*AE150+(1992+4*$D$4-$A150)/((4-1)*$D$4)*AF150 -> 0.16666667 | AR150: =($A150-1995)/((4-1)*$D$4)*AF150+(1995+4*$D$4-$A150)/((4-1)*$D$4)*AG150 -> 0 | AS150: =($A150-1998)/((4-1)*$D$4)*AG150+(1998+4*$D$4-$A150)/((4-1)*$D$4)*AH150 -> 0 | AT150: =($A150-2001)/((4-1)*$D$4)*AH150+(2001+4*$D$4-$A150)/((4-1)*$D$4)*AI150 -> 0 | AU150: =($A150-2004)/((4-1)*$D$4)*AI150+(2004+4*$D$4-$A150)/((4-1)*$D$4)*AJ150 -> 0 | AV150: =($A150-2007)/((4-1)*$D$4)*AJ150+(2007+4*$D$4-$A150)/((4-1)*$D$4)*AK150 -> 0 | AW150: =($A150-2010)/((4-1)*$D$4)*AK150+(2010+4*$D$4-$A150)/((4-1)*$D$4)*AL150 -> 0 | AX150: =($A150-2013)/((4-1)*$D$4)*AL150+(2013+4*$D$4-$A150)/((4-1)*$D$4)*AM150 -> 0 | AY150: =($A150-2016)/((4-1)*$D$4)*AM150+(2016+4*$D$4-$A150)/((4-1)*$D$4)*AN150 -> 0
A151: 1996 | B151: =IF(AND($A151>=1986,$A151<1989),1,0) -> 0 | C151: =IF(AND($A151>=1989,$A151<1992),1,0) -> 0 | D151: =IF(AND($A151>=1992,$A151<1995),1,0) -> 0 | E151: =IF(AND($A151>=1995,$A151<1998),1,0) -> 1 | F151: =IF(AND($A151>=1998,$A151<2001),1,0) -> 0 | G151: =IF(AND($A151>=2001,$A151<2004),1,0) -> 0 | H151: =IF(AND($A151>=2004,$A151<2007),1,0) -> 0 | I151: =IF(AND($A151>=2007,$A151<2010),1,0) -> 0 | J151: =IF(AND($A151>=2010,$A151<2013),1,0) -> 0 | K151: =IF(AND($A151>=2013,$A151<2016),1,0) -> 0 | L151: =IF(AND($A151>=2016,$A151<2019),1,0) -> 0 | M151: =IF(AND($A151>=2019,$A151<2022),1,0) -> 0 | N151: =IF(AND($A151>=2022,$A151<2025),1,0) -> 0 | O151: =IF(AND($A151>=2025,$A151<2028),1,0) -> 0 | P151: =($A151-1986)/((2-1)*$D$4)*B151+(1986+2*$D$4-$A151)/((2-1)*$D$4)*C151 -> 0 | Q151: =($A151-1989)/((2-1)*$D$4)*C151+(1989+2*$D$4-$A151)/((2-1)*$D$4)*D151 -> 0 | R151: =($A151-1992)/((2-1)*$D$4)*D151+(1992+2*$D$4-$A151)/((2-1)*$D$4)*E151 -> 0.66666667 | S151: =($A151-1995)/((2-1)*$D$4)*E151+(1995+2*$D$4-$A151)/((2-1)*$D$4)*F151 -> 0.33333333 | T151: =($A151-1998)/((2-1)*$D$4)*F151+(1998+2*$D$4-$A151)/((2-1)*$D$4)*G151 -> 0 | U151: =($A151-2001)/((2-1)*$D$4)*G151+(2001+2*$D$4-$A151)/((2-1)*$D$4)*H151 -> 0 | V151: =($A151-2004)/((2-1)*$D$4)*H151+(2004+2*$D$4-$A151)/((2-1)*$D$4)*I151 -> 0 | W151: =($A151-2007)/((2-1)*$D$4)*I151+(2007+2*$D$4-$A151)/((2-1)*$D$4)*J151 -> 0 | X151: =($A151-2010)/((2-1)*$D$4)*J151+(2010+2*$D$4-$A151)/((2-1)*$D$4)*K151 -> 0 | Y151: =($A151-2013)/((2-1)*$D$4)*K151+(2013+2*$D$4-$A151)/((2-1)*$D$4)*L151 -> 0 | Z151: =($A151-2016)/((2-1)*$D$4)*L151+(2016+2*$D$4-$A151)/((2-1)*$D$4)*M151 -> 0 | AA151: =($A151-2019)/((2-1)*$D$4)*M151+(2019+2*$D$4-$A151)/((2-1)*$D$4)*N151 -> 0 | AB151: =($A151-2022)/((2-1)*$D$4)*N151+(2022+2*$D$4-$A151)/((2-1)*$D$4)*O151 -> 0 | AC151: =($A151-1986)/((3-1)*$D$4)*P151+(1986+3*$D$4-$A151)/((3-1)*$D$4)*Q151 -> 0 | AD151: =($A151-1989)/((3-1)*$D$4)*Q151+(1989+3*$D$4-$A151)/((3-1)*$D$4)*R151 -> 0.22222222 | AE151: =($A151-1992)/((3-1)*$D$4)*R151+(1992+3*$D$4-$A151)/((3-1)*$D$4)*S151 -> 0.72222222 | AF151: =($A151-1995)/((3-1)*$D$4)*S151+(1995+3*$D$4-$A151)/((3-1)*$D$4)*T151 -> 0.055555556 | AG151: =($A151-1998)/((3-1)*$D$4)*T151+(1998+3*$D$4-$A151)/((3-1)*$D$4)*U151 -> 0 | AH151: =($A151-2001)/((3-1)*$D$4)*U151+(2001+3*$D$4-$A151)/((3-1)*$D$4)*V151 -> 0 | AI151: =($A151-2004)/((3-1)*$D$4)*V151+(2004+3*$D$4-$A151)/((3-1)*$D$4)*W151 -> 0 | AJ151: =($A151-2007)/((3-1)*$D$4)*W151+(2007+3*$D$4-$A151)/((3-1)*$D$4)*X151 -> 0 | AK151: =($A151-2010)/((3-1)*$D$4)*X151+(2010+3*$D$4-$A151)/((3-1)*$D$4)*Y151 -> 0 | AL151: =($A151-2013)/((3-1)*$D$4)*Y151+(2013+3*$D$4-$A151)/((3-1)*$D$4)*Z151 -> 0 | AM151: =($A151-2016)/((3-1)*$D$4)*Z151+(2016+3*$D$4-$A151)/((3-1)*$D$4)*AA151 -> 0 | AN151: =($A151-2019)/((3-1)*$D$4)*AA151+(2019+3*$D$4-$A151)/((3-1)*$D$4)*AB151 -> 0 | AO151: =($A151-1986)/((4-1)*$D$4)*AC151+(1986+4*$D$4-$A151)/((4-1)*$D$4)*AD151 -> 0.049382716 | AP151: =($A151-1989)/((4-1)*$D$4)*AD151+(1989+4*$D$4-$A151)/((4-1)*$D$4)*AE151 -> 0.57407407 | AQ151: =($A151-1992)/((4-1)*$D$4)*AE151+(1992+4*$D$4-$A151)/((4-1)*$D$4)*AF151 -> 0.37037037 | AR151: =($A151-1995)/((4-1)*$D$4)*AF151+(1995+4*$D$4-$A151)/((4-1)*$D$4)*AG151 -> 0.0061728395 | AS151: =($A151-1998)/((4-1)*$D$4)*AG151+(1998+4*$D$4-$A151)/((4-1)*$D$4)*AH151 -> 0 | AT151: =($A151-2001)/((4-1)*$D$4)*AH151+(2001+4*$D$4-$A151)/((4-1)*$D$4)*AI151 -> 0 | AU151: =($A151-2004)/((4-1)*$D$4)*AI151+(2004+4*$D$4-$A151)/((4-1)*$D$4)*AJ151 -> 0 | AV151: =($A151-2007)/((4-1)*$D$4)*AJ151+(2007+4*$D$4-$A151)/((4-1)*$D$4)*AK151 -> 0 | AW151: =($A151-2010)/((4-1)*$D$4)*AK151+(2010+4*$D$4-$A151)/((4-1)*$D$4)*AL151 -> 0 | AX151: =($A151-2013)/((4-1)*$D$4)*AL151+(2013+4*$D$4-$A151)/((4-1)*$D$4)*AM151 -> 0 | AY151: =($A151-2016)/((4-1)*$D$4)*AM151+(2016+4*$D$4-$A151)/((4-1)*$D$4)*AN151 -> 0
A152: 1997 | B152: =IF(AND($A152>=1986,$A152<1989),1,0) -> 0 | C152: =IF(AND($A152>=1989,$A152<1992),1,0) -> 0 | D152: =IF(AND($A152>=1992,$A152<1995),1,0) -> 0 | E152: =IF(AND($A152>=1995,$A152<1998),1,0) -> 1 | F152: =IF(AND($A152>=1998,$A152<2001),1,0) -> 0 | G152: =IF(AND($A152>=2001,$A152<2004),1,0) -> 0 | H152: =IF(AND($A152>=2004,$A152<2007),1,0) -> 0 | I152: =IF(AND($A152>=2007,$A152<2010),1,0) -> 0 | J152: =IF(AND($A152>=2010,$A152<2013),1,0) -> 0 | K152: =IF(AND($A152>=2013,$A152<2016),1,0) -> 0 | L152: =IF(AND($A152>=2016,$A152<2019),1,0) -> 0 | M152: =IF(AND($A152>=2019,$A152<2022),1,0) -> 0 | N152: =IF(AND($A152>=2022,$A152<2025),1,0) -> 0 | O152: =IF(AND($A152>=2025,$A152<2028),1,0) -> 0 | P152: =($A152-1986)/((2-1)*$D$4)*B152+(1986+2*$D$4-$A152)/((2-1)*$D$4)*C152 -> 0 | Q152: =($A152-1989)/((2-1)*$D$4)*C152+(1989+2*$D$4-$A152)/((2-1)*$D$4)*D152 -> 0 | R152: =($A152-1992)/((2-1)*$D$4)*D152+(1992+2*$D$4-$A152)/((2-1)*$D$4)*E152 -> 0.33333333 | S152: =($A152-1995)/((2-1)*$D$4)*E152+(1995+2*$D$4-$A152)/((2-1)*$D$4)*F152 -> 0.66666667 | T152: =($A152-1998)/((2-1)*$D$4)*F152+(1998+2*$D$4-$A152)/((2-1)*$D$4)*G152 -> 0 | U152: =($A152-2001)/((2-1)*$D$4)*G152+(2001+2*$D$4-$A152)/((2-1)*$D$4)*H152 -> 0 | V152: =($A152-2004)/((2-1)*$D$4)*H152+(2004+2*$D$4-$A152)/((2-1)*$D$4)*I152 -> 0 | W152: =($A152-2007)/((2-1)*$D$4)*I152+(2007+2*$D$4-$A152)/((2-1)*$D$4)*J152 -> 0 | X152: =($A152-2010)/((2-1)*$D$4)*J152+(2010+2*$D$4-$A152)/((2-1)*$D$4)*K152 -> 0 | Y152: =($A152-2013)/((2-1)*$D$4)*K152+(2013+2*$D$4-$A152)/((2-1)*$D$4)*L152 -> 0 | Z152: =($A152-2016)/((2-1)*$D$4)*L152+(2016+2*$D$4-$A152)/((2-1)*$D$4)*M152 -> 0 | AA152: =($A152-2019)/((2-1)*$D$4)*M152+(2019+2*$D$4-$A152)/((2-1)*$D$4)*N152 -> 0 | AB152: =($A152-2022)/((2-1)*$D$4)*N152+(2022+2*$D$4-$A152)/((2-1)*$D$4)*O152 -> 0 | AC152: =($A152-1986)/((3-1)*$D$4)*P152+(1986+3*$D$4-$A152)/((3-1)*$D$4)*Q152 -> 0 | AD152: =($A152-1989)/((3-1)*$D$4)*Q152+(1989+3*$D$4-$A152)/((3-1)*$D$4)*R152 -> 0.055555556 | AE152: =($A152-1992)/((3-1)*$D$4)*R152+(1992+3*$D$4-$A152)/((3-1)*$D$4)*S152 -> 0.72222222 | AF152: =($A152-1995)/((3-1)*$D$4)*S152+(1995+3*$D$4-$A152)/((3-1)*$D$4)*T152 -> 0.22222222 | AG152: =($A152-1998)/((3-1)*$D$4)*T152+(1998+3*$D$4-$A152)/((3-1)*$D$4)*U152 -> 0 | AH152: =($A152-2001)/((3-1)*$D$4)*U152+(2001+3*$D$4-$A152)/((3-1)*$D$4)*V152 -> 0 | AI152: =($A152-2004)/((3-1)*$D$4)*V152+(2004+3*$D$4-$A152)/((3-1)*$D$4)*W152 -> 0 | AJ152: =($A152-2007)/((3-1)*$D$4)*W152+(2007+3*$D$4-$A152)/((3-1)*$D$4)*X152 -> 0 | AK152: =($A152-2010)/((3-1)*$D$4)*X152+(2010+3*$D$4-$A152)/((3-1)*$D$4)*Y152 -> 0 | AL152: =($A152-2013)/((3-1)*$D$4)*Y152+(2013+3*$D$4-$A152)/((3-1)*$D$4)*Z152 -> 0 | AM152: =($A152-2016)/((3-1)*$D$4)*Z152+(2016+3*$D$4-$A152)/((3-1)*$D$4)*AA152 -> 0 | AN152: =($A152-2019)/((3-1)*$D$4)*AA152+(2019+3*$D$4-$A152)/((3-1)*$D$4)*AB152 -> 0 | AO152: =($A152-1986)/((4-1)*$D$4)*AC152+(1986+4*$D$4-$A152)/((4-1)*$D$4)*AD152 -> 0.0061728395 | AP152: =($A152-1989)/((4-1)*$D$4)*AD152+(1989+4*$D$4-$A152)/((4-1)*$D$4)*AE152 -> 0.37037037 | AQ152: =($A152-1992)/((4-1)*$D$4)*AE152+(1992+4*$D$4-$A152)/((4-1)*$D$4)*AF152 -> 0.57407407 | AR152: =($A152-1995)/((4-1)*$D$4)*AF152+(1995+4*$D$4-$A152)/((4-1)*$D$4)*AG152 -> 0.049382716 | AS152: =($A152-1998)/((4-1)*$D$4)*AG152+(1998+4*$D$4-$A152)/((4-1)*$D$4)*AH152 -> 0 | AT152: =($A152-2001)/((4-1)*$D$4)*AH152+(2001+4*$D$4-$A152)/((4-1)*$D$4)*AI152 -> 0 | AU152: =($A152-2004)/((4-1)*$D$4)*AI152+(2004+4*$D$4-$A152)/((4-1)*$D$4)*AJ152 -> 0 | AV152: =($A152-2007)/((4-1)*$D$4)*AJ152+(2007+4*$D$4-$A152)/((4-1)*$D$4)*AK152 -> 0 | AW152: =($A152-2010)/((4-1)*$D$4)*AK152+(2010+4*$D$4-$A152)/((4-1)*$D$4)*AL152 -> 0 | AX152: =($A152-2013)/((4-1)*$D$4)*AL152+(2013+4*$D$4-$A152)/((4-1)*$D$4)*AM152 -> 0 | AY152: =($A152-2016)/((4-1)*$D$4)*AM152+(2016+4*$D$4-$A152)/((4-1)*$D$4)*AN152 -> 0
A153: 1998 | B153: =IF(AND($A153>=1986,$A153<1989),1,0) -> 0 | C153: =IF(AND($A153>=1989,$A153<1992),1,0) -> 0 | D153: =IF(AND($A153>=1992,$A153<1995),1,0) -> 0 | E153: =IF(AND($A153>=1995,$A153<1998),1,0) -> 0 | F153: =IF(AND($A153>=1998,$A153<2001),1,0) -> 1 | G153: =IF(AND($A153>=2001,$A153<2004),1,0) -> 0 | H153: =IF(AND($A153>=2004,$A153<2007),1,0) -> 0 | I153: =IF(AND($A153>=2007,$A153<2010),1,0) -> 0 | J153: =IF(AND($A153>=2010,$A153<2013),1,0) -> 0 | K153: =IF(AND($A153>=2013,$A153<2016),1,0) -> 0 | L153: =IF(AND($A153>=2016,$A153<2019),1,0) -> 0 | M153: =IF(AND($A153>=2019,$A153<2022),1,0) -> 0 | N153: =IF(AND($A153>=2022,$A153<2025),1,0) -> 0 | O153: =IF(AND($A153>=2025,$A153<2028),1,0) -> 0 | P153: =($A153-1986)/((2-1)*$D$4)*B153+(1986+2*$D$4-$A153)/((2-1)*$D$4)*C153 -> 0 | Q153: =($A153-1989)/((2-1)*$D$4)*C153+(1989+2*$D$4-$A153)/((2-1)*$D$4)*D153 -> 0 | R153: =($A153-1992)/((2-1)*$D$4)*D153+(1992+2*$D$4-$A153)/((2-1)*$D$4)*E153 -> 0 | S153: =($A153-1995)/((2-1)*$D$4)*E153+(1995+2*$D$4-$A153)/((2-1)*$D$4)*F153 -> 1 | T153: =($A153-1998)/((2-1)*$D$4)*F153+(1998+2*$D$4-$A153)/((2-1)*$D$4)*G153 -> 0 | U153: =($A153-2001)/((2-1)*$D$4)*G153+(2001+2*$D$4-$A153)/((2-1)*$D$4)*H153 -> 0 | V153: =($A153-2004)/((2-1)*$D$4)*H153+(2004+2*$D$4-$A153)/((2-1)*$D$4)*I153 -> 0 | W153: =($A153-2007)/((2-1)*$D$4)*I153+(2007+2*$D$4-$A153)/((2-1)*$D$4)*J153 -> 0 | X153: =($A153-2010)/((2-1)*$D$4)*J153+(2010+2*$D$4-$A153)/((2-1)*$D$4)*K153 -> 0 | Y153: =($A153-2013)/((2-1)*$D$4)*K153+(2013+2*$D$4-$A153)/((2-1)*$D$4)*L153 -> 0 | Z153: =($A153-2016)/((2-1)*$D$4)*L153+(2016+2*$D$4-$A153)/((2-1)*$D$4)*M153 -> 0 | AA153: =($A153-2019)/((2-1)*$D$4)*M153+(2019+2*$D$4-$A153)/((2-1)*$D$4)*N153 -> 0 | AB153: =($A153-2022)/((2-1)*$D$4)*N153+(2022+2*$D$4-$A153)/((2-1)*$D$4)*O153 -> 0 | AC153: =($A153-1986)/((3-1)*$D$4)*P153+(1986+3*$D$4-$A153)/((3-1)*$D$4)*Q153 -> 0 | AD153: =($A153-1989)/((3-1)*$D$4)*Q153+(1989+3*$D$4-$A153)/((3-1)*$D$4)*R153 -> 0 | AE153: =($A153-1992)/((3-1)*$D$4)*R153+(1992+3*$D$4-$A153)/((3-1)*$D$4)*S153 -> 0.5 | AF153: =($A153-1995)/((3-1)*$D$4)*S153+(1995+3*$D$4-$A153)/((3-1)*$D$4)*T153 -> 0.5 | AG153: =($A153-1998)/((3-1)*$D$4)*T153+(1998+3*$D$4-$A153)/((3-1)*$D$4)*U153 -> 0 | AH153: =($A153-2001)/((3-1)*$D$4)*U153+(2001+3*$D$4-$A153)/((3-1)*$D$4)*V153 -> 0 | AI153: =($A153-2004)/((3-1)*$D$4)*V153+(2004+3*$D$4-$A153)/((3-1)*$D$4)*W153 -> 0 | AJ153: =($A153-2007)/((3-1)*$D$4)*W153+(2007+3*$D$4-$A153)/((3-1)*$D$4)*X153 -> 0 | AK153: =($A153-2010)/((3-1)*$D$4)*X153+(2010+3*$D$4-$A153)/((3-1)*$D$4)*Y153 -> 0 | AL153: =($A153-2013)/((3-1)*$D$4)*Y153+(2013+3*$D$4-$A153)/((3-1)*$D$4)*Z153 -> 0 | AM153: =($A153-2016)/((3-1)*$D$4)*Z153+(2016+3*$D$4-$A153)/((3-1)*$D$4)*AA153 -> 0 | AN153: =($A153-2019)/((3-1)*$D$4)*AA153+(2019+3*$D$4-$A153)/((3-1)*$D$4)*AB153 -> 0 | AO153: =($A153-1986)/((4-1)*$D$4)*AC153+(1986+4*$D$4-$A153)/((4-1)*$D$4)*AD153 -> 0 | AP153: =($A153-1989)/((4-1)*$D$4)*AD153+(1989+4*$D$4-$A153)/((4-1)*$D$4)*AE153 -> 0.16666667 | AQ153: =($A153-1992)/((4-1)*$D$4)*AE153+(1992+4*$D$4-$A153)/((4-1)*$D$4)*AF153 -> 0.66666667 | AR153: =($A153-1995)/((4-1)*$D$4)*AF153+(1995+4*$D$4-$A153)/((4-1)*$D$4)*AG153 -> 0.16666667 | AS153: =($A153-1998)/((4-1)*$D$4)*AG153+(1998+4*$D$4-$A153)/((4-1)*$D$4)*AH153 -> 0 | AT153: =($A153-2001)/((4-1)*$D$4)*AH153+(2001+4*$D$4-$A153)/((4-1)*$D$4)*AI153 -> 0 | AU153: =($A153-2004)/((4-1)*$D$4)*AI153+(2004+4*$D$4-$A153)/((4-1)*$D$4)*AJ153 -> 0 | AV153: =($A153-2007)/((4-1)*$D$4)*AJ153+(2007+4*$D$4-$A153)/((4-1)*$D$4)*AK153 -> 0 | AW153: =($A153-2010)/((4-1)*$D$4)*AK153+(2010+4*$D$4-$A153)/((4-1)*$D$4)*AL153 -> 0 | AX153: =($A153-2013)/((4-1)*$D$4)*AL153+(2013+4*$D$4-$A153)/((4-1)*$D$4)*AM153 -> 0 | AY153: =($A153-2016)/((4-1)*$D$4)*AM153+(2016+4*$D$4-$A153)/((4-1)*$D$4)*AN153 -> 0
A154: 1999 | B154: =IF(AND($A154>=1986,$A154<1989),1,0) -> 0 | C154: =IF(AND($A154>=1989,$A154<1992),1,0) -> 0 | D154: =IF(AND($A154>=1992,$A154<1995),1,0) -> 0 | E154: =IF(AND($A154>=1995,$A154<1998),1,0) -> 0 | F154: =IF(AND($A154>=1998,$A154<2001),1,0) -> 1 | G154: =IF(AND($A154>=2001,$A154<2004),1,0) -> 0 | H154: =IF(AND($A154>=2004,$A154<2007),1,0) -> 0 | I154: =IF(AND($A154>=2007,$A154<2010),1,0) -> 0 | J154: =IF(AND($A154>=2010,$A154<2013),1,0) -> 0 | K154: =IF(AND($A154>=2013,$A154<2016),1,0) -> 0 | L154: =IF(AND($A154>=2016,$A154<2019),1,0) -> 0 | M154: =IF(AND($A154>=2019,$A154<2022),1,0) -> 0 | N154: =IF(AND($A154>=2022,$A154<2025),1,0) -> 0 | O154: =IF(AND($A154>=2025,$A154<2028),1,0) -> 0 | P154: =($A154-1986)/((2-1)*$D$4)*B154+(1986+2*$D$4-$A154)/((2-1)*$D$4)*C154 -> 0 | Q154: =($A154-1989)/((2-1)*$D$4)*C154+(1989+2*$D$4-$A154)/((2-1)*$D$4)*D154 -> 0 | R154: =($A154-1992)/((2-1)*$D$4)*D154+(1992+2*$D$4-$A154)/((2-1)*$D$4)*E154 -> 0 | S154: =($A154-1995)/((2-1)*$D$4)*E154+(1995+2*$D$4-$A154)/((2-1)*$D$4)*F154 -> 0.66666667 | T154: =($A154-1998)/((2-1)*$D$4)*F154+(1998+2*$D$4-$A154)/((2-1)*$D$4)*G154 -> 0.33333333 | U154: =($A154-2001)/((2-1)*$D$4)*G154+(2001+2*$D$4-$A154)/((2-1)*$D$4)*H154 -> 0 | V154: =($A154-2004)/((2-1)*$D$4)*H154+(2004+2*$D$4-$A154)/((2-1)*$D$4)*I154 -> 0 | W154: =($A154-2007)/((2-1)*$D$4)*I154+(2007+2*$D$4-$A154)/((2-1)*$D$4)*J154 -> 0 | X154: =($A154-2010)/((2-1)*$D$4)*J154+(2010+2*$D$4-$A154)/((2-1)*$D$4)*K154 -> 0 | Y154: =($A154-2013)/((2-1)*$D$4)*K154+(2013+2*$D$4-$A154)/((2-1)*$D$4)*L154 -> 0 | Z154: =($A154-2016)/((2-1)*$D$4)*L154+(2016+2*$D$4-$A154)/((2-1)*$D$4)*M154 -> 0 | AA154: =($A154-2019)/((2-1)*$D$4)*M154+(2019+2*$D$4-$A154)/((2-1)*$D$4)*N154 -> 0 | AB154: =($A154-2022)/((2-1)*$D$4)*N154+(2022+2*$D$4-$A154)/((2-1)*$D$4)*O154 -> 0 | AC154: =($A154-1986)/((3-1)*$D$4)*P154+(1986+3*$D$4-$A154)/((3-1)*$D$4)*Q154 -> 0 | AD154: =($A154-1989)/((3-1)*$D$4)*Q154+(1989+3*$D$4-$A154)/((3-1)*$D$4)*R154 -> 0 | AE154: =($A154-1992)/((3-1)*$D$4)*R154+(1992+3*$D$4-$A154)/((3-1)*$D$4)*S154 -> 0.22222222 | AF154: =($A154-1995)/((3-1)*$D$4)*S154+(1995+3*$D$4-$A154)/((3-1)*$D$4)*T154 -> 0.72222222 | AG154: =($A154-1998)/((3-1)*$D$4)*T154+(1998+3*$D$4-$A154)/((3-1)*$D$4)*U154 -> 0.055555556 | AH154: =($A154-2001)/((3-1)*$D$4)*U154+(2001+3*$D$4-$A154)/((3-1)*$D$4)*V154 -> 0 | AI154: =($A154-2004)/((3-1)*$D$4)*V154+(2004+3*$D$4-$A154)/((3-1)*$D$4)*W154 -> 0 | AJ154: =($A154-2007)/((3-1)*$D$4)*W154+(2007+3*$D$4-$A154)/((3-1)*$D$4)*X154 -> 0 | AK154: =($A154-2010)/((3-1)*$D$4)*X154+(2010+3*$D$4-$A154)/((3-1)*$D$4)*Y154 -> 0 | AL154: =($A154-2013)/((3-1)*$D$4)*Y154+(2013+3*$D$4-$A154)/((3-1)*$D$4)*Z154 -> 0 | AM154: =($A154-2016)/((3-1)*$D$4)*Z154+(2016+3*$D$4-$A154)/((3-1)*$D$4)*AA154 -> 0 | AN154: =($A154-2019)/((3-1)*$D$4)*AA154+(2019+3*$D$4-$A154)/((3-1)*$D$4)*AB154 -> 0 | AO154: =($A154-1986)/((4-1)*$D$4)*AC154+(1986+4*$D$4-$A154)/((4-1)*$D$4)*AD154 -> 0 | AP154: =($A154-1989)/((4-1)*$D$4)*AD154+(1989+4*$D$4-$A154)/((4-1)*$D$4)*AE154 -> 0.049382716 | AQ154: =($A154-1992)/((4-1)*$D$4)*AE154+(1992+4*$D$4-$A154)/((4-1)*$D$4)*AF154 -> 0.57407407 | AR154: =($A154-1995)/((4-1)*$D$4)*AF154+(1995+4*$D$4-$A154)/((4-1)*$D$4)*AG154 -> 0.37037037 | AS154: =($A154-1998)/((4-1)*$D$4)*AG154+(1998+4*$D$4-$A154)/((4-1)*$D$4)*AH154 -> 0.0061728395 | AT154: =($A154-2001)/((4-1)*$D$4)*AH154+(2001+4*$D$4-$A154)/((4-1)*$D$4)*AI154 -> 0 | AU154: =($A154-2004)/((4-1)*$D$4)*AI154+(2004+4*$D$4-$A154)/((4-1)*$D$4)*AJ154 -> 0 | AV154: =($A154-2007)/((4-1)*$D$4)*AJ154+(2007+4*$D$4-$A154)/((4-1)*$D$4)*AK154 -> 0 | AW154: =($A154-2010)/((4-1)*$D$4)*AK154+(2010+4*$D$4-$A154)/((4-1)*$D$4)*AL154 -> 0 | AX154: =($A154-2013)/((4-1)*$D$4)*AL154+(2013+4*$D$4-$A154)/((4-1)*$D$4)*AM154 -> 0 | AY154: =($A154-2016)/((4-1)*$D$4)*AM154+(2016+4*$D$4-$A154)/((4-1)*$D$4)*AN154 -> 0
A155: 2000 | B155: =IF(AND($A155>=1986,$A155<1989),1,0) -> 0 | C155: =IF(AND($A155>=1989,$A155<1992),1,0) -> 0 | D155: =IF(AND($A155>=1992,$A155<1995),1,0) -> 0 | E155: =IF(AND($A155>=1995,$A155<1998),1,0) -> 0 | F155: =IF(AND($A155>=1998,$A155<2001),1,0) -> 1 | G155: =IF(AND($A155>=2001,$A155<2004),1,0) -> 0 | H155: =IF(AND($A155>=2004,$A155<2007),1,0) -> 0 | I155: =IF(AND($A155>=2007,$A155<2010),1,0) -> 0 | J155: =IF(AND($A155>=2010,$A155<2013),1,0) -> 0 | K155: =IF(AND($A155>=2013,$A155<2016),1,0) -> 0 | L155: =IF(AND($A155>=2016,$A155<2019),1,0) -> 0 | M155: =IF(AND($A155>=2019,$A155<2022),1,0) -> 0 | N155: =IF(AND($A155>=2022,$A155<2025),1,0) -> 0 | O155: =IF(AND($A155>=2025,$A155<2028),1,0) -> 0 | P155: =($A155-1986)/((2-1)*$D$4)*B155+(1986+2*$D$4-$A155)/((2-1)*$D$4)*C155 -> 0 | Q155: =($A155-1989)/((2-1)*$D$4)*C155+(1989+2*$D$4-$A155)/((2-1)*$D$4)*D155 -> 0 | R155: =($A155-1992)/((2-1)*$D$4)*D155+(1992+2*$D$4-$A155)/((2-1)*$D$4)*E155 -> 0 | S155: =($A155-1995)/((2-1)*$D$4)*E155+(1995+2*$D$4-$A155)/((2-1)*$D$4)*F155 -> 0.33333333 | T155: =($A155-1998)/((2-1)*$D$4)*F155+(1998+2*$D$4-$A155)/((2-1)*$D$4)*G155 -> 0.66666667 | U155: =($A155-2001)/((2-1)*$D$4)*G155+(2001+2*$D$4-$A155)/((2-1)*$D$4)*H155 -> 0 | V155: =($A155-2004)/((2-1)*$D$4)*H155+(2004+2*$D$4-$A155)/((2-1)*$D$4)*I155 -> 0 | W155: =($A155-2007)/((2-1)*$D$4)*I155+(2007+2*$D$4-$A155)/((2-1)*$D$4)*J155 -> 0 | X155: =($A155-2010)/((2-1)*$D$4)*J155+(2010+2*$D$4-$A155)/((2-1)*$D$4)*K155 -> 0 | Y155: =($A155-2013)/((2-1)*$D$4)*K155+(2013+2*$D$4-$A155)/((2-1)*$D$4)*L155 -> 0 | Z155: =($A155-2016)/((2-1)*$D$4)*L155+(2016+2*$D$4-$A155)/((2-1)*$D$4)*M155 -> 0 | AA155: =($A155-2019)/((2-1)*$D$4)*M155+(2019+2*$D$4-$A155)/((2-1)*$D$4)*N155 -> 0 | AB155: =($A155-2022)/((2-1)*$D$4)*N155+(2022+2*$D$4-$A155)/((2-1)*$D$4)*O155 -> 0 | AC155: =($A155-1986)/((3-1)*$D$4)*P155+(1986+3*$D$4-$A155)/((3-1)*$D$4)*Q155 -> 0 | AD155: =($A155-1989)/((3-1)*$D$4)*Q155+(1989+3*$D$4-$A155)/((3-1)*$D$4)*R155 -> 0 | AE155: =($A155-1992)/((3-1)*$D$4)*R155+(1992+3*$D$4-$A155)/((3-1)*$D$4)*S155 -> 0.055555556 | AF155: =($A155-1995)/((3-1)*$D$4)*S155+(1995+3*$D$4-$A155)/((3-1)*$D$4)*T155 -> 0.72222222 | AG155: =($A155-1998)/((3-1)*$D$4)*T155+(1998+3*$D$4-$A155)/((3-1)*$D$4)*U155 -> 0.22222222 | AH155: =($A155-2001)/((3-1)*$D$4)*U155+(2001+3*$D$4-$A155)/((3-1)*$D$4)*V155 -> 0 | AI155: =($A155-2004)/((3-1)*$D$4)*V155+(2004+3*$D$4-$A155)/((3-1)*$D$4)*W155 -> 0 | AJ155: =($A155-2007)/((3-1)*$D$4)*W155+(2007+3*$D$4-$A155)/((3-1)*$D$4)*X155 -> 0 | AK155: =($A155-2010)/((3-1)*$D$4)*X155+(2010+3*$D$4-$A155)/((3-1)*$D$4)*Y155 -> 0 | AL155: =($A155-2013)/((3-1)*$D$4)*Y155+(2013+3*$D$4-$A155)/((3-1)*$D$4)*Z155 -> 0 | AM155: =($A155-2016)/((3-1)*$D$4)*Z155+(2016+3*$D$4-$A155)/((3-1)*$D$4)*AA155 -> 0 | AN155: =($A155-2019)/((3-1)*$D$4)*AA155+(2019+3*$D$4-$A155)/((3-1)*$D$4)*AB155 -> 0 | AO155: =($A155-1986)/((4-1)*$D$4)*AC155+(1986+4*$D$4-$A155)/((4-1)*$D$4)*AD155 -> 0 | AP155: =($A155-1989)/((4-1)*$D$4)*AD155+(1989+4*$D$4-$A155)/((4-1)*$D$4)*AE155 -> 0.0061728395 | AQ155: =($A155-1992)/((4-1)*$D$4)*AE155+(1992+4*$D$4-$A155)/((4-1)*$D$4)*AF155 -> 0.37037037 | AR155: =($A155-1995)/((4-1)*$D$4)*AF155+(1995+4*$D$4-$A155)/((4-1)*$D$4)*AG155 -> 0.57407407 | AS155: =($A155-1998)/((4-1)*$D$4)*AG155+(1998+4*$D$4-$A155)/((4-1)*$D$4)*AH155 -> 0.049382716 | AT155: =($A155-2001)/((4-1)*$D$4)*AH155+(2001+4*$D$4-$A155)/((4-1)*$D$4)*AI155 -> 0 | AU155: =($A155-2004)/((4-1)*$D$4)*AI155+(2004+4*$D$4-$A155)/((4-1)*$D$4)*AJ155 -> 0 | AV155: =($A155-2007)/((4-1)*$D$4)*AJ155+(2007+4*$D$4-$A155)/((4-1)*$D$4)*AK155 -> 0 | AW155: =($A155-2010)/((4-1)*$D$4)*AK155+(2010+4*$D$4-$A155)/((4-1)*$D$4)*AL155 -> 0 | AX155: =($A155-2013)/((4-1)*$D$4)*AL155+(2013+4*$D$4-$A155)/((4-1)*$D$4)*AM155 -> 0 | AY155: =($A155-2016)/((4-1)*$D$4)*AM155+(2016+4*$D$4-$A155)/((4-1)*$D$4)*AN155 -> 0
A156: 2001 | B156: =IF(AND($A156>=1986,$A156<1989),1,0) -> 0 | C156: =IF(AND($A156>=1989,$A156<1992),1,0) -> 0 | D156: =IF(AND($A156>=1992,$A156<1995),1,0) -> 0 | E156: =IF(AND($A156>=1995,$A156<1998),1,0) -> 0 | F156: =IF(AND($A156>=1998,$A156<2001),1,0) -> 0 | G156: =IF(AND($A156>=2001,$A156<2004),1,0) -> 1 | H156: =IF(AND($A156>=2004,$A156<2007),1,0) -> 0 | I156: =IF(AND($A156>=2007,$A156<2010),1,0) -> 0 | J156: =IF(AND($A156>=2010,$A156<2013),1,0) -> 0 | K156: =IF(AND($A156>=2013,$A156<2016),1,0) -> 0 | L156: =IF(AND($A156>=2016,$A156<2019),1,0) -> 0 | M156: =IF(AND($A156>=2019,$A156<2022),1,0) -> 0 | N156: =IF(AND($A156>=2022,$A156<2025),1,0) -> 0 | O156: =IF(AND($A156>=2025,$A156<2028),1,0) -> 0 | P156: =($A156-1986)/((2-1)*$D$4)*B156+(1986+2*$D$4-$A156)/((2-1)*$D$4)*C156 -> 0 | Q156: =($A156-1989)/((2-1)*$D$4)*C156+(1989+2*$D$4-$A156)/((2-1)*$D$4)*D156 -> 0 | R156: =($A156-1992)/((2-1)*$D$4)*D156+(1992+2*$D$4-$A156)/((2-1)*$D$4)*E156 -> 0 | S156: =($A156-1995)/((2-1)*$D$4)*E156+(1995+2*$D$4-$A156)/((2-1)*$D$4)*F156 -> 0 | T156: =($A156-1998)/((2-1)*$D$4)*F156+(1998+2*$D$4-$A156)/((2-1)*$D$4)*G156 -> 1 | U156: =($A156-2001)/((2-1)*$D$4)*G156+(2001+2*$D$4-$A156)/((2-1)*$D$4)*H156 -> 0 | V156: =($A156-2004)/((2-1)*$D$4)*H156+(2004+2*$D$4-$A156)/((2-1)*$D$4)*I156 -> 0 | W156: =($A156-2007)/((2-1)*$D$4)*I156+(2007+2*$D$4-$A156)/((2-1)*$D$4)*J156 -> 0 | X156: =($A156-2010)/((2-1)*$D$4)*J156+(2010+2*$D$4-$A156)/((2-1)*$D$4)*K156 -> 0 | Y156: =($A156-2013)/((2-1)*$D$4)*K156+(2013+2*$D$4-$A156)/((2-1)*$D$4)*L156 -> 0 | Z156: =($A156-2016)/((2-1)*$D$4)*L156+(2016+2*$D$4-$A156)/((2-1)*$D$4)*M156 -> 0 | AA156: =($A156-2019)/((2-1)*$D$4)*M156+(2019+2*$D$4-$A156)/((2-1)*$D$4)*N156 -> 0 | AB156: =($A156-2022)/((2-1)*$D$4)*N156+(2022+2*$D$4-$A156)/((2-1)*$D$4)*O156 -> 0 | AC156: =($A156-1986)/((3-1)*$D$4)*P156+(1986+3*$D$4-$A156)/((3-1)*$D$4)*Q156 -> 0 | AD156: =($A156-1989)/((3-1)*$D$4)*Q156+(1989+3*$D$4-$A156)/((3-1)*$D$4)*R156 -> 0 | AE156: =($A156-1992)/((3-1)*$D$4)*R156+(1992+3*$D$4-$A156)/((3-1)*$D$4)*S156 -> 0 | AF156: =($A156-1995)/((3-1)*$D$4)*S156+(1995+3*$D$4-$A156)/((3-1)*$D$4)*T156 -> 0.5 | AG156: =($A156-1998)/((3-1)*$D$4)*T156+(1998+3*$D$4-$A156)/((3-1)*$D$4)*U156 -> 0.5 | AH156: =($A156-2001)/((3-1)*$D$4)*U156+(2001+3*$D$4-$A156)/((3-1)*$D$4)*V156 -> 0 | AI156: =($A156-2004)/((3-1)*$D$4)*V156+(2004+3*$D$4-$A156)/((3-1)*$D$4)*W156 -> 0 | AJ156: =($A156-2007)/((3-1)*$D$4)*W156+(2007+3*$D$4-$A156)/((3-1)*$D$4)*X156 -> 0 | AK156: =($A156-2010)/((3-1)*$D$4)*X156+(2010+3*$D$4-$A156)/((3-1)*$D$4)*Y156 -> 0 | AL156: =($A156-2013)/((3-1)*$D$4)*Y156+(2013+3*$D$4-$A156)/((3-1)*$D$4)*Z156 -> 0 | AM156: =($A156-2016)/((3-1)*$D$4)*Z156+(2016+3*$D$4-$A156)/((3-1)*$D$4)*AA156 -> 0 | AN156: =($A156-2019)/((3-1)*$D$4)*AA156+(2019+3*$D$4-$A156)/((3-1)*$D$4)*AB156 -> 0 | AO156: =($A156-1986)/((4-1)*$D$4)*AC156+(1986+4*$D$4-$A156)/((4-1)*$D$4)*AD156 -> 0 | AP156: =($A156-1989)/((4-1)*$D$4)*AD156+(1989+4*$D$4-$A156)/((4-1)*$D$4)*AE156 -> 0 | AQ156: =($A156-1992)/((4-1)*$D$4)*AE156+(1992+4*$D$4-$A156)/((4-1)*$D$4)*AF156 -> 0.16666667 | AR156: =($A156-1995)/((4-1)*$D$4)*AF156+(1995+4*$D$4-$A156)/((4-1)*$D$4)*AG156 -> 0.66666667 | AS156: =($A156-1998)/((4-1)*$D$4)*AG156+(1998+4*$D$4-$A156)/((4-1)*$D$4)*AH156 -> 0.16666667 | AT156: =($A156-2001)/((4-1)*$D$4)*AH156+(2001+4*$D$4-$A156)/((4-1)*$D$4)*AI156 -> 0 | AU156: =($A156-2004)/((4-1)*$D$4)*AI156+(2004+4*$D$4-$A156)/((4-1)*$D$4)*AJ156 -> 0 | AV156: =($A156-2007)/((4-1)*$D$4)*AJ156+(2007+4*$D$4-$A156)/((4-1)*$D$4)*AK156 -> 0 | AW156: =($A156-2010)/((4-1)*$D$4)*AK156+(2010+4*$D$4-$A156)/((4-1)*$D$4)*AL156 -> 0 | AX156: =($A156-2013)/((4-1)*$D$4)*AL156+(2013+4*$D$4-$A156)/((4-1)*$D$4)*AM156 -> 0 | AY156: =($A156-2016)/((4-1)*$D$4)*AM156+(2016+4*$D$4-$A156)/((4-1)*$D$4)*AN156 -> 0
A157: 2002 | B157: =IF(AND($A157>=1986,$A157<1989),1,0) -> 0 | C157: =IF(AND($A157>=1989,$A157<1992),1,0) -> 0 | D157: =IF(AND($A157>=1992,$A157<1995),1,0) -> 0 | E157: =IF(AND($A157>=1995,$A157<1998),1,0) -> 0 | F157: =IF(AND($A157>=1998,$A157<2001),1,0) -> 0 | G157: =IF(AND($A157>=2001,$A157<2004),1,0) -> 1 | H157: =IF(AND($A157>=2004,$A157<2007),1,0) -> 0 | I157: =IF(AND($A157>=2007,$A157<2010),1,0) -> 0 | J157: =IF(AND($A157>=2010,$A157<2013),1,0) -> 0 | K157: =IF(AND($A157>=2013,$A157<2016),1,0) -> 0 | L157: =IF(AND($A157>=2016,$A157<2019),1,0) -> 0 | M157: =IF(AND($A157>=2019,$A157<2022),1,0) -> 0 | N157: =IF(AND($A157>=2022,$A157<2025),1,0) -> 0 | O157: =IF(AND($A157>=2025,$A157<2028),1,0) -> 0 | P157: =($A157-1986)/((2-1)*$D$4)*B157+(1986+2*$D$4-$A157)/((2-1)*$D$4)*C157 -> 0 | Q157: =($A157-1989)/((2-1)*$D$4)*C157+(1989+2*$D$4-$A157)/((2-1)*$D$4)*D157 -> 0 | R157: =($A157-1992)/((2-1)*$D$4)*D157+(1992+2*$D$4-$A157)/((2-1)*$D$4)*E157 -> 0 | S157: =($A157-1995)/((2-1)*$D$4)*E157+(1995+2*$D$4-$A157)/((2-1)*$D$4)*F157 -> 0 | T157: =($A157-1998)/((2-1)*$D$4)*F157+(1998+2*$D$4-$A157)/((2-1)*$D$4)*G157 -> 0.66666667 | U157: =($A157-2001)/((2-1)*$D$4)*G157+(2001+2*$D$4-$A157)/((2-1)*$D$4)*H157 -> 0.33333333 | V157: =($A157-2004)/((2-1)*$D$4)*H157+(2004+2*$D$4-$A157)/((2-1)*$D$4)*I157 -> 0 | W157: =($A157-2007)/((2-1)*$D$4)*I157+(2007+2*$D$4-$A157)/((2-1)*$D$4)*J157 -> 0 | X157: =($A157-2010)/((2-1)*$D$4)*J157+(2010+2*$D$4-$A157)/((2-1)*$D$4)*K157 -> 0 | Y157: =($A157-2013)/((2-1)*$D$4)*K157+(2013+2*$D$4-$A157)/((2-1)*$D$4)*L157 -> 0 | Z157: =($A157-2016)/((2-1)*$D$4)*L157+(2016+2*$D$4-$A157)/((2-1)*$D$4)*M157 -> 0 | AA157: =($A157-2019)/((2-1)*$D$4)*M157+(2019+2*$D$4-$A157)/((2-1)*$D$4)*N157 -> 0 | AB157: =($A157-2022)/((2-1)*$D$4)*N157+(2022+2*$D$4-$A157)/((2-1)*$D$4)*O157 -> 0 | AC157: =($A157-1986)/((3-1)*$D$4)*P157+(1986+3*$D$4-$A157)/((3-1)*$D$4)*Q157 -> 0 | AD157: =($A157-1989)/((3-1)*$D$4)*Q157+(1989+3*$D$4-$A157)/((3-1)*$D$4)*R157 -> 0 | AE157: =($A157-1992)/((3-1)*$D$4)*R157+(1992+3*$D$4-$A157)/((3-1)*$D$4)*S157 -> 0 | AF157: =($A157-1995)/((3-1)*$D$4)*S157+(1995+3*$D$4-$A157)/((3-1)*$D$4)*T157 -> 0.22222222 | AG157: =($A157-1998)/((3-1)*$D$4)*T157+(1998+3*$D$4-$A157)/((3-1)*$D$4)*U157 -> 0.72222222 | AH157: =($A157-2001)/((3-1)*$D$4)*U157+(2001+3*$D$4-$A157)/((3-1)*$D$4)*V157 -> 0.055555556 | AI157: =($A157-2004)/((3-1)*$D$4)*V157+(2004+3*$D$4-$A157)/((3-1)*$D$4)*W157 -> 0 | AJ157: =($A157-2007)/((3-1)*$D$4)*W157+(2007+3*$D$4-$A157)/((3-1)*$D$4)*X157 -> 0 | AK157: =($A157-2010)/((3-1)*$D$4)*X157+(2010+3*$D$4-$A157)/((3-1)*$D$4)*Y157 -> 0 | AL157: =($A157-2013)/((3-1)*$D$4)*Y157+(2013+3*$D$4-$A157)/((3-1)*$D$4)*Z157 -> 0 | AM157: =($A157-2016)/((3-1)*$D$4)*Z157+(2016+3*$D$4-$A157)/((3-1)*$D$4)*AA157 -> 0 | AN157: =($A157-2019)/((3-1)*$D$4)*AA157+(2019+3*$D$4-$A157)/((3-1)*$D$4)*AB157 -> 0 | AO157: =($A157-1986)/((4-1)*$D$4)*AC157+(1986+4*$D$4-$A157)/((4-1)*$D$4)*AD157 -> 0 | AP157: =($A157-1989)/((4-1)*$D$4)*AD157+(1989+4*$D$4-$A157)/((4-1)*$D$4)*AE157 -> 0 | AQ157: =($A157-1992)/((4-1)*$D$4)*AE157+(1992+4*$D$4-$A157)/((4-1)*$D$4)*AF157 -> 0.049382716 | AR157: =($A157-1995)/((4-1)*$D$4)*AF157+(1995+4*$D$4-$A157)/((4-1)*$D$4)*AG157 -> 0.57407407 | AS157: =($A157-1998)/((4-1)*$D$4)*AG157+(1998+4*$D$4-$A157)/((4-1)*$D$4)*AH157 -> 0.37037037 | AT157: =($A157-2001)/((4-1)*$D$4)*AH157+(2001+4*$D$4-$A157)/((4-1)*$D$4)*AI157 -> 0.0061728395 | AU157: =($A157-2004)/((4-1)*$D$4)*AI157+(2004+4*$D$4-$A157)/((4-1)*$D$4)*AJ157 -> 0 | AV157: =($A157-2007)/((4-1)*$D$4)*AJ157+(2007+4*$D$4-$A157)/((4-1)*$D$4)*AK157 -> 0 | AW157: =($A157-2010)/((4-1)*$D$4)*AK157+(2010+4*$D$4-$A157)/((4-1)*$D$4)*AL157 -> 0 | AX157: =($A157-2013)/((4-1)*$D$4)*AL157+(2013+4*$D$4-$A157)/((4-1)*$D$4)*AM157 -> 0 | AY157: =($A157-2016)/((4-1)*$D$4)*AM157+(2016+4*$D$4-$A157)/((4-1)*$D$4)*AN157 -> 0
A158: 2003 | B158: =IF(AND($A158>=1986,$A158<1989),1,0) -> 0 | C158: =IF(AND($A158>=1989,$A158<1992),1,0) -> 0 | D158: =IF(AND($A158>=1992,$A158<1995),1,0) -> 0 | E158: =IF(AND($A158>=1995,$A158<1998),1,0) -> 0 | F158: =IF(AND($A158>=1998,$A158<2001),1,0) -> 0 | G158: =IF(AND($A158>=2001,$A158<2004),1,0) -> 1 | H158: =IF(AND($A158>=2004,$A158<2007),1,0) -> 0 | I158: =IF(AND($A158>=2007,$A158<2010),1,0) -> 0 | J158: =IF(AND($A158>=2010,$A158<2013),1,0) -> 0 | K158: =IF(AND($A158>=2013,$A158<2016),1,0) -> 0 | L158: =IF(AND($A158>=2016,$A158<2019),1,0) -> 0 | M158: =IF(AND($A158>=2019,$A158<2022),1,0) -> 0 | N158: =IF(AND($A158>=2022,$A158<2025),1,0) -> 0 | O158: =IF(AND($A158>=2025,$A158<2028),1,0) -> 0 | P158: =($A158-1986)/((2-1)*$D$4)*B158+(1986+2*$D$4-$A158)/((2-1)*$D$4)*C158 -> 0 | Q158: =($A158-1989)/((2-1)*$D$4)*C158+(1989+2*$D$4-$A158)/((2-1)*$D$4)*D158 -> 0 | R158: =($A158-1992)/((2-1)*$D$4)*D158+(1992+2*$D$4-$A158)/((2-1)*$D$4)*E158 -> 0 | S158: =($A158-1995)/((2-1)*$D$4)*E158+(1995+2*$D$4-$A158)/((2-1)*$D$4)*F158 -> 0 | T158: =($A158-1998)/((2-1)*$D$4)*F158+(1998+2*$D$4-$A158)/((2-1)*$D$4)*G158 -> 0.33333333 | U158: =($A158-2001)/((2-1)*$D$4)*G158+(2001+2*$D$4-$A158)/((2-1)*$D$4)*H158 -> 0.66666667 | V158: =($A158-2004)/((2-1)*$D$4)*H158+(2004+2*$D$4-$A158)/((2-1)*$D$4)*I158 -> 0 | W158: =($A158-2007)/((2-1)*$D$4)*I158+(2007+2*$D$4-$A158)/((2-1)*$D$4)*J158 -> 0 | X158: =($A158-2010)/((2-1)*$D$4)*J158+(2010+2*$D$4-$A158)/((2-1)*$D$4)*K158 -> 0 | Y158: =($A158-2013)/((2-1)*$D$4)*K158+(2013+2*$D$4-$A158)/((2-1)*$D$4)*L158 -> 0 | Z158: =($A158-2016)/((2-1)*$D$4)*L158+(2016+2*$D$4-$A158)/((2-1)*$D$4)*M158 -> 0 | AA158: =($A158-2019)/((2-1)*$D$4)*M158+(2019+2*$D$4-$A158)/((2-1)*$D$4)*N158 -> 0 | AB158: =($A158-2022)/((2-1)*$D$4)*N158+(2022+2*$D$4-$A158)/((2-1)*$D$4)*O158 -> 0 | AC158: =($A158-1986)/((3-1)*$D$4)*P158+(1986+3*$D$4-$A158)/((3-1)*$D$4)*Q158 -> 0 | AD158: =($A158-1989)/((3-1)*$D$4)*Q158+(1989+3*$D$4-$A158)/((3-1)*$D$4)*R158 -> 0 | AE158: =($A158-1992)/((3-1)*$D$4)*R158+(1992+3*$D$4-$A158)/((3-1)*$D$4)*S158 -> 0 | AF158: =($A158-1995)/((3-1)*$D$4)*S158+(1995+3*$D$4-$A158)/((3-1)*$D$4)*T158 -> 0.055555556 | AG158: =($A158-1998)/((3-1)*$D$4)*T158+(1998+3*$D$4-$A158)/((3-1)*$D$4)*U158 -> 0.72222222 | AH158: =($A158-2001)/((3-1)*$D$4)*U158+(2001+3*$D$4-$A158)/((3-1)*$D$4)*V158 -> 0.22222222 | AI158: =($A158-2004)/((3-1)*$D$4)*V158+(2004+3*$D$4-$A158)/((3-1)*$D$4)*W158 -> 0 | AJ158: =($A158-2007)/((3-1)*$D$4)*W158+(2007+3*$D$4-$A158)/((3-1)*$D$4)*X158 -> 0 | AK158: =($A158-2010)/((3-1)*$D$4)*X158+(2010+3*$D$4-$A158)/((3-1)*$D$4)*Y158 -> 0 | AL158: =($A158-2013)/((3-1)*$D$4)*Y158+(2013+3*$D$4-$A158)/((3-1)*$D$4)*Z158 -> 0 | AM158: =($A158-2016)/((3-1)*$D$4)*Z158+(2016+3*$D$4-$A158)/((3-1)*$D$4)*AA158 -> 0 | AN158: =($A158-2019)/((3-1)*$D$4)*AA158+(2019+3*$D$4-$A158)/((3-1)*$D$4)*AB158 -> 0 | AO158: =($A158-1986)/((4-1)*$D$4)*AC158+(1986+4*$D$4-$A158)/((4-1)*$D$4)*AD158 -> 0 | AP158: =($A158-1989)/((4-1)*$D$4)*AD158+(1989+4*$D$4-$A158)/((4-1)*$D$4)*AE158 -> 0 | AQ158: =($A158-1992)/((4-1)*$D$4)*AE158+(1992+4*$D$4-$A158)/((4-1)*$D$4)*AF158 -> 0.0061728395 | AR158: =($A158-1995)/((4-1)*$D$4)*AF158+(1995+4*$D$4-$A158)/((4-1)*$D$4)*AG158 -> 0.37037037 | AS158: =($A158-1998)/((4-1)*$D$4)*AG158+(1998+4*$D$4-$A158)/((4-1)*$D$4)*AH158 -> 0.57407407 | AT158: =($A158-2001)/((4-1)*$D$4)*AH158+(2001+4*$D$4-$A158)/((4-1)*$D$4)*AI158 -> 0.049382716 | AU158: =($A158-2004)/((4-1)*$D$4)*AI158+(2004+4*$D$4-$A158)/((4-1)*$D$4)*AJ158 -> 0 | AV158: =($A158-2007)/((4-1)*$D$4)*AJ158+(2007+4*$D$4-$A158)/((4-1)*$D$4)*AK158 -> 0 | AW158: =($A158-2010)/((4-1)*$D$4)*AK158+(2010+4*$D$4-$A158)/((4-1)*$D$4)*AL158 -> 0 | AX158: =($A158-2013)/((4-1)*$D$4)*AL158+(2013+4*$D$4-$A158)/((4-1)*$D$4)*AM158 -> 0 | AY158: =($A158-2016)/((4-1)*$D$4)*AM158+(2016+4*$D$4-$A158)/((4-1)*$D$4)*AN158 -> 0
A159: 2004 | B159: =IF(AND($A159>=1986,$A159<1989),1,0) -> 0 | C159: =IF(AND($A159>=1989,$A159<1992),1,0) -> 0 | D159: =IF(AND($A159>=1992,$A159<1995),1,0) -> 0 | E159: =IF(AND($A159>=1995,$A159<1998),1,0) -> 0 | F159: =IF(AND($A159>=1998,$A159<2001),1,0) -> 0 | G159: =IF(AND($A159>=2001,$A159<2004),1,0) -> 0 | H159: =IF(AND($A159>=2004,$A159<2007),1,0) -> 1 | I159: =IF(AND($A159>=2007,$A159<2010),1,0) -> 0 | J159: =IF(AND($A159>=2010,$A159<2013),1,0) -> 0 | K159: =IF(AND($A159>=2013,$A159<2016),1,0) -> 0 | L159: =IF(AND($A159>=2016,$A159<2019),1,0) -> 0 | M159: =IF(AND($A159>=2019,$A159<2022),1,0) -> 0 | N159: =IF(AND($A159>=2022,$A159<2025),1,0) -> 0 | O159: =IF(AND($A159>=2025,$A159<2028),1,0) -> 0 | P159: =($A159-1986)/((2-1)*$D$4)*B159+(1986+2*$D$4-$A159)/((2-1)*$D$4)*C159 -> 0 | Q159: =($A159-1989)/((2-1)*$D$4)*C159+(1989+2*$D$4-$A159)/((2-1)*$D$4)*D159 -> 0 | R159: =($A159-1992)/((2-1)*$D$4)*D159+(1992+2*$D$4-$A159)/((2-1)*$D$4)*E159 -> 0 | S159: =($A159-1995)/((2-1)*$D$4)*E159+(1995+2*$D$4-$A159)/((2-1)*$D$4)*F159 -> 0 | T159: =($A159-1998)/((2-1)*$D$4)*F159+(1998+2*$D$4-$A159)/((2-1)*$D$4)*G159 -> 0 | U159: =($A159-2001)/((2-1)*$D$4)*G159+(2001+2*$D$4-$A159)/((2-1)*$D$4)*H159 -> 1 | V159: =($A159-2004)/((2-1)*$D$4)*H159+(2004+2*$D$4-$A159)/((2-1)*$D$4)*I159 -> 0 | W159: =($A159-2007)/((2-1)*$D$4)*I159+(2007+2*$D$4-$A159)/((2-1)*$D$4)*J159 -> 0 | X159: =($A159-2010)/((2-1)*$D$4)*J159+(2010+2*$D$4-$A159)/((2-1)*$D$4)*K159 -> 0 | Y159: =($A159-2013)/((2-1)*$D$4)*K159+(2013+2*$D$4-$A159)/((2-1)*$D$4)*L159 -> 0 | Z159: =($A159-2016)/((2-1)*$D$4)*L159+(2016+2*$D$4-$A159)/((2-1)*$D$4)*M159 -> 0 | AA159: =($A159-2019)/((2-1)*$D$4)*M159+(2019+2*$D$4-$A159)/((2-1)*$D$4)*N159 -> 0 | AB159: =($A159-2022)/((2-1)*$D$4)*N159+(2022+2*$D$4-$A159)/((2-1)*$D$4)*O159 -> 0 | AC159: =($A159-1986)/((3-1)*$D$4)*P159+(1986+3*$D$4-$A159)/((3-1)*$D$4)*Q159 -> 0 | AD159: =($A159-1989)/((3-1)*$D$4)*Q159+(1989+3*$D$4-$A159)/((3-1)*$D$4)*R159 -> 0 | AE159: =($A159-1992)/((3-1)*$D$4)*R159+(1992+3*$D$4-$A159)/((3-1)*$D$4)*S159 -> 0 | AF159: =($A159-1995)/((3-1)*$D$4)*S159+(1995+3*$D$4-$A159)/((3-1)*$D$4)*T159 -> 0 | AG159: =($A159-1998)/((3-1)*$D$4)*T159+(1998+3*$D$4-$A159)/((3-1)*$D$4)*U159 -> 0.5 | AH159: =($A159-2001)/((3-1)*$D$4)*U159+(2001+3*$D$4-$A159)/((3-1)*$D$4)*V159 -> 0.5 | AI159: =($A159-2004)/((3-1)*$D$4)*V159+(2004+3*$D$4-$A159)/((3-1)*$D$4)*W159 -> 0 | AJ159: =($A159-2007)/((3-1)*$D$4)*W159+(2007+3*$D$4-$A159)/((3-1)*$D$4)*X159 -> 0 | AK159: =($A159-2010)/((3-1)*$D$4)*X159+(2010+3*$D$4-$A159)/((3-1)*$D$4)*Y159 -> 0 | AL159: =($A159-2013)/((3-1)*$D$4)*Y159+(2013+3*$D$4-$A159)/((3-1)*$D$4)*Z159 -> 0 | AM159: =($A159-2016)/((3-1)*$D$4)*Z159+(2016+3*$D$4-$A159)/((3-1)*$D$4)*AA159 -> 0 | AN159: =($A159-2019)/((3-1)*$D$4)*AA159+(2019+3*$D$4-$A159)/((3-1)*$D$4)*AB159 -> 0 | AO159: =($A159-1986)/((4-1)*$D$4)*AC159+(1986+4*$D$4-$A159)/((4-1)*$D$4)*AD159 -> 0 | AP159: =($A159-1989)/((4-1)*$D$4)*AD159+(1989+4*$D$4-$A159)/((4-1)*$D$4)*AE159 -> 0 | AQ159: =($A159-1992)/((4-1)*$D$4)*AE159+(1992+4*$D$4-$A159)/((4-1)*$D$4)*AF159 -> 0 | AR159: =($A159-1995)/((4-1)*$D$4)*AF159+(1995+4*$D$4-$A159)/((4-1)*$D$4)*AG159 -> 0.16666667 | AS159: =($A159-1998)/((4-1)*$D$4)*AG159+(1998+4*$D$4-$A159)/((4-1)*$D$4)*AH159 -> 0.66666667 | AT159: =($A159-2001)/((4-1)*$D$4)*AH159+(2001+4*$D$4-$A159)/((4-1)*$D$4)*AI159 -> 0.16666667 | AU159: =($A159-2004)/((4-1)*$D$4)*AI159+(2004+4*$D$4-$A159)/((4-1)*$D$4)*AJ159 -> 0 | AV159: =($A159-2007)/((4-1)*$D$4)*AJ159+(2007+4*$D$4-$A159)/((4-1)*$D$4)*AK159 -> 0 | AW159: =($A159-2010)/((4-1)*$D$4)*AK159+(2010+4*$D$4-$A159)/((4-1)*$D$4)*AL159 -> 0 | AX159: =($A159-2013)/((4-1)*$D$4)*AL159+(2013+4*$D$4-$A159)/((4-1)*$D$4)*AM159 -> 0 | AY159: =($A159-2016)/((4-1)*$D$4)*AM159+(2016+4*$D$4-$A159)/((4-1)*$D$4)*AN159 -> 0
A160: 2005 | B160: =IF(AND($A160>=1986,$A160<1989),1,0) -> 0 | C160: =IF(AND($A160>=1989,$A160<1992),1,0) -> 0 | D160: =IF(AND($A160>=1992,$A160<1995),1,0) -> 0 | E160: =IF(AND($A160>=1995,$A160<1998),1,0) -> 0 | F160: =IF(AND($A160>=1998,$A160<2001),1,0) -> 0 | G160: =IF(AND($A160>=2001,$A160<2004),1,0) -> 0 | H160: =IF(AND($A160>=2004,$A160<2007),1,0) -> 1 | I160: =IF(AND($A160>=2007,$A160<2010),1,0) -> 0 | J160: =IF(AND($A160>=2010,$A160<2013),1,0) -> 0 | K160: =IF(AND($A160>=2013,$A160<2016),1,0) -> 0 | L160: =IF(AND($A160>=2016,$A160<2019),1,0) -> 0 | M160: =IF(AND($A160>=2019,$A160<2022),1,0) -> 0 | N160: =IF(AND($A160>=2022,$A160<2025),1,0) -> 0 | O160: =IF(AND($A160>=2025,$A160<2028),1,0) -> 0 | P160: =($A160-1986)/((2-1)*$D$4)*B160+(1986+2*$D$4-$A160)/((2-1)*$D$4)*C160 -> 0 | Q160: =($A160-1989)/((2-1)*$D$4)*C160+(1989+2*$D$4-$A160)/((2-1)*$D$4)*D160 -> 0 | R160: =($A160-1992)/((2-1)*$D$4)*D160+(1992+2*$D$4-$A160)/((2-1)*$D$4)*E160 -> 0 | S160: =($A160-1995)/((2-1)*$D$4)*E160+(1995+2*$D$4-$A160)/((2-1)*$D$4)*F160 -> 0 | T160: =($A160-1998)/((2-1)*$D$4)*F160+(1998+2*$D$4-$A160)/((2-1)*$D$4)*G160 -> 0 | U160: =($A160-2001)/((2-1)*$D$4)*G160+(2001+2*$D$4-$A160)/((2-1)*$D$4)*H160 -> 0.66666667 | V160: =($A160-2004)/((2-1)*$D$4)*H160+(2004+2*$D$4-$A160)/((2-1)*$D$4)*I160 -> 0.33333333 | W160: =($A160-2007)/((2-1)*$D$4)*I160+(2007+2*$D$4-$A160)/((2-1)*$D$4)*J160 -> 0 | X160: =($A160-2010)/((2-1)*$D$4)*J160+(2010+2*$D$4-$A160)/((2-1)*$D$4)*K160 -> 0 | Y160: =($A160-2013)/((2-1)*$D$4)*K160+(2013+2*$D$4-$A160)/((2-1)*$D$4)*L160 -> 0 | Z160: =($A160-2016)/((2-1)*$D$4)*L160+(2016+2*$D$4-$A160)/((2-1)*$D$4)*M160 -> 0 | AA160: =($A160-2019)/((2-1)*$D$4)*M160+(2019+2*$D$4-$A160)/((2-1)*$D$4)*N160 -> 0 | AB160: =($A160-2022)/((2-1)*$D$4)*N160+(2022+2*$D$4-$A160)/((2-1)*$D$4)*O160 -> 0 | AC160: =($A160-1986)/((3-1)*$D$4)*P160+(1986+3*$D$4-$A160)/((3-1)*$D$4)*Q160 -> 0 | AD160: =($A160-1989)/((3-1)*$D$4)*Q160+(1989+3*$D$4-$A160)/((3-1)*$D$4)*R160 -> 0 | AE160: =($A160-1992)/((3-1)*$D$4)*R160+(1992+3*$D$4-$A160)/((3-1)*$D$4)*S160 -> 0 | AF160: =($A160-1995)/((3-1)*$D$4)*S160+(1995+3*$D$4-$A160)/((3-1)*$D$4)*T160 -> 0 | AG160: =($A160-1998)/((3-1)*$D$4)*T160+(1998+3*$D$4-$A160)/((3-1)*$D$4)*U160 -> 0.22222222 | AH160: =($A160-2001)/((3-1)*$D$4)*U160+(2001+3*$D$4-$A160)/((3-1)*$D$4)*V160 -> 0.72222222 | AI160: =($A160-2004)/((3-1)*$D$4)*V160+(2004+3*$D$4-$A160)/((3-1)*$D$4)*W160 -> 0.055555556 | AJ160: =($A160-2007)/((3-1)*$D$4)*W160+(2007+3*$D$4-$A160)/((3-1)*$D$4)*X160 -> 0 | AK160: =($A160-2010)/((3-1)*$D$4)*X160+(2010+3*$D$4-$A160)/((3-1)*$D$4)*Y160 -> 0 | AL160: =($A160-2013)/((3-1)*$D$4)*Y160+(2013+3*$D$4-$A160)/((3-1)*$D$4)*Z160 -> 0 | AM160: =($A160-2016)/((3-1)*$D$4)*Z160+(2016+3*$D$4-$A160)/((3-1)*$D$4)*AA160 -> 0 | AN160: =($A160-2019)/((3-1)*$D$4)*AA160+(2019+3*$D$4-$A160)/((3-1)*$D$4)*AB160 -> 0 | AO160: =($A160-1986)/((4-1)*$D$4)*AC160+(1986+4*$D$4-$A160)/((4-1)*$D$4)*AD160 -> 0 | AP160: =($A160-1989)/((4-1)*$D$4)*AD160+(1989+4*$D$4-$A160)/((4-1)*$D$4)*AE160 -> 0 | AQ160: =($A160-1992)/((4-1)*$D$4)*AE160+(1992+4*$D$4-$A160)/((4-1)*$D$4)*AF160 -> 0 | AR160: =($A160-1995)/((4-1)*$D$4)*AF160+(1995+4*$D$4-$A160)/((4-1)*$D$4)*AG160 -> 0.049382716 | AS160: =($A160-1998)/((4-1)*$D$4)*AG160+(1998+4*$D$4-$A160)/((4-1)*$D$4)*AH160 -> 0.57407407 | AT160: =($A160-2001)/((4-1)*$D$4)*AH160+(2001+4*$D$4-$A160)/((4-1)*$D$4)*AI160 -> 0.37037037 | AU160: =($A160-2004)/((4-1)*$D$4)*AI160+(2004+4*$D$4-$A160)/((4-1)*$D$4)*AJ160 -> 0.0061728395 | AV160: =($A160-2007)/((4-1)*$D$4)*AJ160+(2007+4*$D$4-$A160)/((4-1)*$D$4)*AK160 -> 0 | AW160: =($A160-2010)/((4-1)*$D$4)*AK160+(2010+4*$D$4-$A160)/((4-1)*$D$4)*AL160 -> 0 | AX160: =($A160-2013)/((4-1)*$D$4)*AL160+(2013+4*$D$4-$A160)/((4-1)*$D$4)*AM160 -> 0 | AY160: =($A160-2016)/((4-1)*$D$4)*AM160+(2016+4*$D$4-$A160)/((4-1)*$D$4)*AN160 -> 0
A161: 2006 | B161: =IF(AND($A161>=1986,$A161<1989),1,0) -> 0 | C161: =IF(AND($A161>=1989,$A161<1992),1,0) -> 0 | D161: =IF(AND($A161>=1992,$A161<1995),1,0) -> 0 | E161: =IF(AND($A161>=1995,$A161<1998),1,0) -> 0 | F161: =IF(AND($A161>=1998,$A161<2001),1,0) -> 0 | G161: =IF(AND($A161>=2001,$A161<2004),1,0) -> 0 | H161: =IF(AND($A161>=2004,$A161<2007),1,0) -> 1 | I161: =IF(AND($A161>=2007,$A161<2010),1,0) -> 0 | J161: =IF(AND($A161>=2010,$A161<2013),1,0) -> 0 | K161: =IF(AND($A161>=2013,$A161<2016),1,0) -> 0 | L161: =IF(AND($A161>=2016,$A161<2019),1,0) -> 0 | M161: =IF(AND($A161>=2019,$A161<2022),1,0) -> 0 | N161: =IF(AND($A161>=2022,$A161<2025),1,0) -> 0 | O161: =IF(AND($A161>=2025,$A161<2028),1,0) -> 0 | P161: =($A161-1986)/((2-1)*$D$4)*B161+(1986+2*$D$4-$A161)/((2-1)*$D$4)*C161 -> 0 | Q161: =($A161-1989)/((2-1)*$D$4)*C161+(1989+2*$D$4-$A161)/((2-1)*$D$4)*D161 -> 0 | R161: =($A161-1992)/((2-1)*$D$4)*D161+(1992+2*$D$4-$A161)/((2-1)*$D$4)*E161 -> 0 | S161: =($A161-1995)/((2-1)*$D$4)*E161+(1995+2*$D$4-$A161)/((2-1)*$D$4)*F161 -> 0 | T161: =($A161-1998)/((2-1)*$D$4)*F161+(1998+2*$D$4-$A161)/((2-1)*$D$4)*G161 -> 0 | U161: =($A161-2001)/((2-1)*$D$4)*G161+(2001+2*$D$4-$A161)/((2-1)*$D$4)*H161 -> 0.33333333 | V161: =($A161-2004)/((2-1)*$D$4)*H161+(2004+2*$D$4-$A161)/((2-1)*$D$4)*I161 -> 0.66666667 | W161: =($A161-2007)/((2-1)*$D$4)*I161+(2007+2*$D$4-$A161)/((2-1)*$D$4)*J161 -> 0 | X161: =($A161-2010)/((2-1)*$D$4)*J161+(2010+2*$D$4-$A161)/((2-1)*$D$4)*K161 -> 0 | Y161: =($A161-2013)/((2-1)*$D$4)*K161+(2013+2*$D$4-$A161)/((2-1)*$D$4)*L161 -> 0 | Z161: =($A161-2016)/((2-1)*$D$4)*L161+(2016+2*$D$4-$A161)/((2-1)*$D$4)*M161 -> 0 | AA161: =($A161-2019)/((2-1)*$D$4)*M161+(2019+2*$D$4-$A161)/((2-1)*$D$4)*N161 -> 0 | AB161: =($A161-2022)/((2-1)*$D$4)*N161+(2022+2*$D$4-$A161)/((2-1)*$D$4)*O161 -> 0 | AC161: =($A161-1986)/((3-1)*$D$4)*P161+(1986+3*$D$4-$A161)/((3-1)*$D$4)*Q161 -> 0 | AD161: =($A161-1989)/((3-1)*$D$4)*Q161+(1989+3*$D$4-$A161)/((3-1)*$D$4)*R161 -> 0 | AE161: =($A161-1992)/((3-1)*$D$4)*R161+(1992+3*$D$4-$A161)/((3-1)*$D$4)*S161 -> 0 | AF161: =($A161-1995)/((3-1)*$D$4)*S161+(1995+3*$D$4-$A161)/((3-1)*$D$4)*T161 -> 0 | AG161: =($A161-1998)/((3-1)*$D$4)*T161+(1998+3*$D$4-$A161)/((3-1)*$D$4)*U161 -> 0.055555556 | AH161: =($A161-2001)/((3-1)*$D$4)*U161+(2001+3*$D$4-$A161)/((3-1)*$D$4)*V161 -> 0.72222222 | AI161: =($A161-2004)/((3-1)*$D$4)*V161+(2004+3*$D$4-$A161)/((3-1)*$D$4)*W161 -> 0.22222222 | AJ161: =($A161-2007)/((3-1)*$D$4)*W161+(2007+3*$D$4-$A161)/((3-1)*$D$4)*X161 -> 0 | AK161: =($A161-2010)/((3-1)*$D$4)*X161+(2010+3*$D$4-$A161)/((3-1)*$D$4)*Y161 -> 0 | AL161: =($A161-2013)/((3-1)*$D$4)*Y161+(2013+3*$D$4-$A161)/((3-1)*$D$4)*Z161 -> 0 | AM161: =($A161-2016)/((3-1)*$D$4)*Z161+(2016+3*$D$4-$A161)/((3-1)*$D$4)*AA161 -> 0 | AN161: =($A161-2019)/((3-1)*$D$4)*AA161+(2019+3*$D$4-$A161)/((3-1)*$D$4)*AB161 -> 0 | AO161: =($A161-1986)/((4-1)*$D$4)*AC161+(1986+4*$D$4-$A161)/((4-1)*$D$4)*AD161 -> 0 | AP161: =($A161-1989)/((4-1)*$D$4)*AD161+(1989+4*$D$4-$A161)/((4-1)*$D$4)*AE161 -> 0 | AQ161: =($A161-1992)/((4-1)*$D$4)*AE161+(1992+4*$D$4-$A161)/((4-1)*$D$4)*AF161 -> 0 | AR161: =($A161-1995)/((4-1)*$D$4)*AF161+(1995+4*$D$4-$A161)/((4-1)*$D$4)*AG161 -> 0.0061728395 | AS161: =($A161-1998)/((4-1)*$D$4)*AG161+(1998+4*$D$4-$A161)/((4-1)*$D$4)*AH161 -> 0.37037037 | AT161: =($A161-2001)/((4-1)*$D$4)*AH161+(2001+4*$D$4-$A161)/((4-1)*$D$4)*AI161 -> 0.57407407 | AU161: =($A161-2004)/((4-1)*$D$4)*AI161+(2004+4*$D$4-$A161)/((4-1)*$D$4)*AJ161 -> 0.049382716 | AV161: =($A161-2007)/((4-1)*$D$4)*AJ161+(2007+4*$D$4-$A161)/((4-1)*$D$4)*AK161 -> 0 | AW161: =($A161-2010)/((4-1)*$D$4)*AK161+(2010+4*$D$4-$A161)/((4-1)*$D$4)*AL161 -> 0 | AX161: =($A161-2013)/((4-1)*$D$4)*AL161+(2013+4*$D$4-$A161)/((4-1)*$D$4)*AM161 -> 0 | AY161: =($A161-2016)/((4-1)*$D$4)*AM161+(2016+4*$D$4-$A161)/((4-1)*$D$4)*AN161 -> 0
... A174: 2019 | B174: =IF(AND($A174>=1986,$A174<1989),1,0) -> 0 | C174: =IF(AND($A174>=1989,$A174<1992),1,0) -> 0 | D174: =IF(AND($A174>=1992,$A174<1995),1,0) -> 0 | E174: =IF(AND($A174>=1995,$A174<1998),1,0) -> 0 | F174: =IF(AND($A174>=1998,$A174<2001),1,0) -> 0 | G174: =IF(AND($A174>=2001,$A174<2004),1,0) -> 0 | H174: =IF(AND($A174>=2004,$A174<2007),1,0) -> 0 | I174: =IF(AND($A174>=2007,$A174<2010),1,0) -> 0 | J174: =IF(AND($A174>=2010,$A174<2013),1,0) -> 0 | K174: =IF(AND($A174>=2013,$A174<2016),1,0) -> 0 | L174: =IF(AND($A174>=2016,$A174<2019),1,0) -> 0 | M174: =IF(AND($A174>=2019,$A174<2022),1,0) -> 1 | N174: =IF(AND($A174>=2022,$A174<2025),1,0) -> 0 | O174: =IF(AND($A174>=2025,$A174<2028),1,0) -> 0 | P174: =($A174-1986)/((2-1)*$D$4)*B174+(1986+2*$D$4-$A174)/((2-1)*$D$4)*C174 -> 0 | Q174: =($A174-1989)/((2-1)*$D$4)*C174+(1989+2*$D$4-$A174)/((2-1)*$D$4)*D174 -> 0 | R174: =($A174-1992)/((2-1)*$D$4)*D174+(1992+2*$D$4-$A174)/((2-1)*$D$4)*E174 -> 0 | S174: =($A174-1995)/((2-1)*$D$4)*E174+(1995+2*$D$4-$A174)/((2-1)*$D$4)*F174 -> 0 | T174: =($A174-1998)/((2-1)*$D$4)*F174+(1998+2*$D$4-$A174)/((2-1)*$D$4)*G174 -> 0 | U174: =($A174-2001)/((2-1)*$D$4)*G174+(2001+2*$D$4-$A174)/((2-1)*$D$4)*H174 -> 0 | V174: =($A174-2004)/((2-1)*$D$4)*H174+(2004+2*$D$4-$A174)/((2-1)*$D$4)*I174 -> 0 | W174: =($A174-2007)/((2-1)*$D$4)*I174+(2007+2*$D$4-$A174)/((2-1)*$D$4)*J174 -> 0 | X174: =($A174-2010)/((2-1)*$D$4)*J174+(2010+2*$D$4-$A174)/((2-1)*$D$4)*K174 -> 0 | Y174: =($A174-2013)/((2-1)*$D$4)*K174+(2013+2*$D$4-$A174)/((2-1)*$D$4)*L174 -> 0 | Z174: =($A174-2016)/((2-1)*$D$4)*L174+(2016+2*$D$4-$A174)/((2-1)*$D$4)*M174 -> 1 | AA174: =($A174-2019)/((2-1)*$D$4)*M174+(2019+2*$D$4-$A174)/((2-1)*$D$4)*N174 -> 0 | AB174: =($A174-2022)/((2-1)*$D$4)*N174+(2022+2*$D$4-$A174)/((2-1)*$D$4)*O174 -> 0 | AC174: =($A174-1986)/((3-1)*$D$4)*P174+(1986+3*$D$4-$A174)/((3-1)*$D$4)*Q174 -> 0 | AD174: =($A174-1989)/((3-1)*$D$4)*Q174+(1989+3*$D$4-$A174)/((3-1)*$D$4)*R174 -> 0 | AE174: =($A174-1992)/((3-1)*$D$4)*R174+(1992+3*$D$4-$A174)/((3-1)*$D$4)*S174 -> 0 | AF174: =($A174-1995)/((3-1)*$D$4)*S174+(1995+3*$D$4-$A174)/((3-1)*$D$4)*T174 -> 0 | AG174: =($A174-1998)/((3-1)*$D$4)*T174+(1998+3*$D$4-$A174)/((3-1)*$D$4)*U174 -> 0 | AH174: =($A174-2001)/((3-1)*$D$4)*U174+(2001+3*$D$4-$A174)/((3-1)*$D$4)*V174 -> 0 | AI174: =($A174-2004)/((3-1)*$D$4)*V174+(2004+3*$D$4-$A174)/((3-1)*$D$4)*W174 -> 0 | AJ174: =($A174-2007)/((3-1)*$D$4)*W174+(2007+3*$D$4-$A174)/((3-1)*$D$4)*X174 -> 0 | AK174: =($A174-2010)/((3-1)*$D$4)*X174+(2010+3*$D$4-$A174)/((3-1)*$D$4)*Y174 -> 0 | AL174: =($A174-2013)/((3-1)*$D$4)*Y174+(2013+3*$D$4-$A174)/((3-1)*$D$4)*Z174 -> 0.5 | AM174: =($A174-2016)/((3-1)*$D$4)*Z174+(2016+3*$D$4-$A174)/((3-1)*$D$4)*AA174 -> 0.5 | AN174: =($A174-2019)/((3-1)*$D$4)*AA174+(2019+3*$D$4-$A174)/((3-1)*$D$4)*AB174 -> 0 | AO174: =($A174-1986)/((4-1)*$D$4)*AC174+(1986+4*$D$4-$A174)/((4-1)*$D$4)*AD174 -> 0 | AP174: =($A174-1989)/((4-1)*$D$4)*AD174+(1989+4*$D$4-$A174)/((4-1)*$D$4)*AE174 -> 0 | AQ174: =($A174-1992)/((4-1)*$D$4)*AE174+(1992+4*$D$4-$A174)/((4-1)*$D$4)*AF174 -> 0 | AR174: =($A174-1995)/((4-1)*$D$4)*AF174+(1995+4*$D$4-$A174)/((4-1)*$D$4)*AG174 -> 0 | AS174: =($A174-1998)/((4-1)*$D$4)*AG174+(1998+4*$D$4-$A174)/((4-1)*$D$4)*AH174 -> 0 | AT174: =($A174-2001)/((4-1)*$D$4)*AH174+(2001+4*$D$4-$A174)/((4-1)*$D$4)*AI174 -> 0 | AU174: =($A174-2004)/((4-1)*$D$4)*AI174+(2004+4*$D$4-$A174)/((4-1)*$D$4)*AJ174 -> 0 | AV174: =($A174-2007)/((4-1)*$D$4)*AJ174+(2007+4*$D$4-$A174)/((4-1)*$D$4)*AK174 -> 0 | AW174: =($A174-2010)/((4-1)*$D$4)*AK174+(2010+4*$D$4-$A174)/((4-1)*$D$4)*AL174 -> 0.16666667 | AX174: =($A174-2013)/((4-1)*$D$4)*AL174+(2013+4*$D$4-$A174)/((4-1)*$D$4)*AM174 -> 0.66666667 | AY174: =($A174-2016)/((4-1)*$D$4)*AM174+(2016+4*$D$4-$A174)/((4-1)*$D$4)*AN174 -> 0.16666667
A180: Projection rule: continue coefficient trends with Δ²theta=0, i.e. theta_j=2*theta_(j−1)−theta_(j−2), starting from the final two estimated coefficients. Then evaluate the same cubic basis sum to obtain log mortality and use EXP to recover the mortality rate. Penalty and SSE use estimated coefficients/training data only.
A182: Formula locations: A8:F32 rates/residuals; H15:L25 coefficients and differences; rows 71 onward design matrix; rows 91 onward normal equations; rows 111 onward D₂; rows 150–174 Cox–de Boor orders 1–4. Full-precision values are retained.
A184: Solver reproduction (optional, same objective): first copy fitted theta cells I15:I20 and paste VALUES in place; minimise I10 by changing only those fitted theta cells; GRG Nonlinear, automatic scaling, no constraints, unrestricted signs. The saved matrix formulas already solve this exact quadratic objective.

Sheet Q2(c)_M1
A1: Q2(c): M1 refitted to supplied annual data
A2: Fit only the stated training observations. Cubic B-splines have order 4 and support [t_j,t_j+4h). Observed/output rates are annual central death rates (per person-year). The response and fitted coefficients are on the natural-log mortality scale; knot locations are calendar years.
A4: lambda | B4: 1 | C4: Knot step h | D4: 3
A5: Log-scale objective: L=SSE+(lambda/2)*SUM((theta_j−2*theta_(j−1)+theta_(j−2))^2). Normal equations: [BᵀB+(lambda/2)D₂ᵀD₂]theta=BᵀLN(m). SSE=SUM((LN(m)−B*theta)^2). No nonnegativity constraint, tuning, or extra penalty is used.
A7: Year | B7: Observed rate | C7: Fitted / projected | D7: Period | E7: Training residual | F7: Log residual² | G7: Fitted / projected LN(m)
A8: 1995 | B8: ='M_70_t'!B2 -> 0.00085662921 | C8: =EXP(G8) -> 0.0008706219 | D8: Fitted | E8: =LN(B8)-G8 -> -0.016202608 | F8: =E8^2 -> 0.0002625245 | G8: {=MMULT(AO150:AY150,$I$15:$I$25)} -> -7.0463028 | H8: SSE | I8: =SUM(F8:F17) -> 0.078972717
A9: 1996 | B9: ='M_70_t'!B3 -> 0.00082999933 | C9: =EXP(G9) -> 0.0008729578 | D9: Fitted | E9: =LN(B9)-G9 -> -0.050462327 | F9: =E9^2 -> 0.0025464465 | G9: {=MMULT(AO151:AY151,$I$15:$I$25)} -> -7.0436233 | H9: Penalty (estimated theta only) | I9: =SUM(K17:K20) -> 0.026319106
A10: 1997 | B10: ='M_70_t'!B4 -> 0.00080999953 | C10: =EXP(G10) -> 0.00087078595 | D10: Fitted | E10: =LN(B10)-G10 -> -0.072362526 | F10: =E10^2 -> 0.0052363351 | G10: {=MMULT(AO152:AY152,$I$15:$I$25)} -> -7.0461144 | H10: L = SSE + lambda/2*Penalty | I10: =I8+$B$4/2*I9 -> 0.09213227
A11: 1998 | B11: ='M_70_t'!B5 -> 0.00097750974 | C11: =EXP(G11) -> 0.00086076144 | D11: Fitted | E11: =LN(B11)-G11 -> 0.12719087 | F11: =E11^2 -> 0.016177517 | G11: {=MMULT(AO153:AY153,$I$15:$I$25)} -> -7.0576932
A12: 1999 | B12: ='M_70_t'!B6 -> 0.00078849179 | C12: =EXP(G12) -> 0.00084043562 | D12: Fitted | E12: =LN(B12)-G12 -> -0.063798354 | F12: =E12^2 -> 0.00407023 | G12: {=MMULT(AO154:AY154,$I$15:$I$25)} -> -7.0815902
A13: 2000 | B13: ='M_70_t'!B7 -> 0.00099667191 | C13: =EXP(G13) -> 0.00081015218 | D13: Fitted | E13: =LN(B13)-G13 -> 0.20719954 | F13: =E13^2 -> 0.042931648 | G13: {=MMULT(AO155:AY155,$I$15:$I$25)} -> -7.1182885
A14: 2001 | B14: ='M_70_t'!B8 -> 0.00075112818 | C14: =EXP(G14) -> 0.00077118367 | D14: Fitted | E14: =LN(B14)-G14 -> -0.026350255 | F14: =E14^2 -> 0.00069433592 | G14: {=MMULT(AO156:AY156,$I$15:$I$25)} -> -7.167584 | H14: Coefficient knot | I14: theta | J14: Second difference | K14: Squared difference | L14: Status
A15: 2002 | B15: ='M_70_t'!B9 -> 0.0007042875 | C15: =EXP(G15) -> 0.00072549063 | D15: Fitted | E15: =LN(B15)-G15 -> -0.029661505 | F15: =E15^2 -> 0.00087980489 | G15: {=MMULT(AO157:AY157,$I$15:$I$25)} -> -7.2286624 | H15: 1986 | I15: {=INDEX(MMULT(MINVERSE($C$91:$H$96),$J$91:$J$96),1,1)} -> -7.0619388 | L15: Estimated
A16: 2003 | B16: ='M_70_t'!B10 -> 0.00062560882 | C16: =EXP(G16) -> 0.00067671034 | D16: Fitted | E16: =LN(B16)-G16 -> -0.078518041 | F16: =E16^2 -> 0.0061650828 | G16: {=MMULT(AO158:AY158,$I$15:$I$25)} -> -7.2982672 | H16: 1989 | I16: {=INDEX(MMULT(MINVERSE($C$91:$H$96),$J$91:$J$96),2,1)} -> -7.0444231 | L16: Estimated
A17: 2004 | B17: ='M_70_t'!B11 -> 0.00063014139 | C17: =EXP(G17) -> 0.00062827566 | D17: Fitted | E17: =LN(B17)-G17 -> 0.0029652113 | F17: =E17^2 -> 8.7924778e-06 | G17: {=MMULT(AO159:AY159,$I$15:$I$25)} -> -7.3725315 | H17: 1992 | I17: {=INDEX(MMULT(MINVERSE($C$91:$H$96),$J$91:$J$96),3,1)} -> -7.0381855 | J17: =I17-2*I16+I15 -> -0.011278167 | K17: =J17^2 -> 0.00012719706 | L17: Estimated
A18: 2005 | B18: ='M_70_t'!B12 -> 0.00058383424 | C18: =EXP(G18) -> 0.00058249566 | D18: Projected | G18: {=MMULT(AO160:AY160,$I$15:$I$25)} -> -7.4481888 | H18: 1995 | I18: {=INDEX(MMULT(MINVERSE($C$91:$H$96),$J$91:$J$96),4,1)} -> -7.1489939 | J18: =I18-2*I17+I16 -> -0.11704601 | K18: =J18^2 -> 0.013699768 | L18: Estimated
A19: 2006 | B19: ='M_70_t'!B13 -> 0.00049907285 | C19: =EXP(G19) -> 0.00053976621 | D19: Projected | G19: {=MMULT(AO161:AY161,$I$15:$I$25)} -> -7.5243745 | H19: 1998 | I19: {=INDEX(MMULT(MINVERSE($C$91:$H$96),$J$91:$J$96),5,1)} -> -7.3713428 | J19: =I19-2*I18+I17 -> -0.11154043 | K19: =J19^2 -> 0.012441267 | L19: Estimated
A20: 2007 | B20: ='M_70_t'!B14 -> 0.0005624154 | C20: =EXP(G20) -> 0.0005000391 | D20: Projected | G20: {=MMULT(AO162:AY162,$I$15:$I$25)} -> -7.6008243 | H20: 2001 | I20: {=INDEX(MMULT(MINVERSE($C$91:$H$96),$J$91:$J$96),6,1)} -> -7.6008243 | J20: =I20-2*I19+I18 -> -0.0071326559 | K20: =J20^2 -> 5.087478e-05 | L20: Estimated
A21: 2008 | B21: ='M_70_t'!B15 -> 0.00056619808 | C21: =EXP(G21) -> 0.00046321553 | D21: Projected | G21: {=MMULT(AO163:AY163,$I$15:$I$25)} -> -7.6773181 | H21: 2004 | I21: =2*I20-I19 -> -7.8303058 | J21: =I21-2*I20+I19 -> 0 | K21: =J21^2 -> 0 | L21: Projected: Δ²theta=0
A22: 2009 | B22: ='M_70_t'!B16 -> 0.00054060672 | C22: =EXP(G22) -> 0.0004291037 | D22: Projected | G22: {=MMULT(AO164:AY164,$I$15:$I$25)} -> -7.7538119 | H22: 2007 | I22: =2*I21-I20 -> -8.0597873 | J22: =I22-2*I21+I20 -> 0 | K22: =J22^2 -> 0 | L22: Projected: Δ²theta=0
A23: 2010 | B23: ='M_70_t'!B17 -> 0.00048500736 | C23: =EXP(G23) -> 0.00039750392 | D23: Projected | G23: {=MMULT(AO165:AY165,$I$15:$I$25)} -> -7.8303058 | H23: 2010 | I23: =2*I22-I21 -> -8.2892688 | J23: =I23-2*I22+I21 -> -8.8817842e-16 | K23: =J23^2 -> 7.8886091e-31 | L23: Projected: Δ²theta=0
A24: 2011 | B24: ='M_70_t'!B18 -> 0.00052495861 | C24: =EXP(G24) -> 0.00036823118 | D24: Projected | G24: {=MMULT(AO166:AY166,$I$15:$I$25)} -> -7.9067996 | H24: 2013 | I24: =2*I23-I22 -> -8.5187503 | J24: =I24-2*I23+I22 -> 0 | K24: =J24^2 -> 0 | L24: Projected: Δ²theta=0
A25: 2012 | B25: ='M_70_t'!B19 -> 0.00044495933 | C25: =EXP(G25) -> 0.00034111413 | D25: Projected | G25: {=MMULT(AO167:AY167,$I$15:$I$25)} -> -7.9832934 | H25: 2016 | I25: =2*I24-I23 -> -8.7482318 | J25: =I25-2*I24+I23 -> 0 | K25: =J25^2 -> 0 | L25: Projected: Δ²theta=0
A26: 2013 | B26: ='M_70_t'!B20 -> 0.00041112307 | C26: =EXP(G26) -> 0.00031599402 | D26: Projected | G26: {=MMULT(AO168:AY168,$I$15:$I$25)} -> -8.0597873
A27: 2014 | B27: ='M_70_t'!B21 -> 0.00044881582 | C27: =EXP(G27) -> 0.00029272379 | D27: Projected | G27: {=MMULT(AO169:AY169,$I$15:$I$25)} -> -8.1362811
A28: 2015 | B28: ='M_70_t'!B22 -> 0.00040681103 | C28: =EXP(G28) -> 0.0002711672 | D28: Projected | G28: {=MMULT(AO170:AY170,$I$15:$I$25)} -> -8.2127749
A29: 2016 | B29: ='M_70_t'!B23 -> 0.00049105418 | C29: =EXP(G29) -> 0.00025119808 | D29: Projected | G29: {=MMULT(AO171:AY171,$I$15:$I$25)} -> -8.2892688
A30: 2017 | B30: ='M_70_t'!B24 -> 0.00046002433 | C30: =EXP(G30) -> 0.00023269951 | D30: Projected | G30: {=MMULT(AO172:AY172,$I$15:$I$25)} -> -8.3657626
A31: 2018 | B31: ='M_70_t'!B25 -> 0.0004166418 | C31: =EXP(G31) -> 0.0002155632 | D31: Projected | G31: {=MMULT(AO173:AY173,$I$15:$I$25)} -> -8.4422564
A32: 2019 | B32: ='M_70_t'!B26 -> 0.00044343997 | C32: =EXP(G32) -> 0.00019968883 | D32: Projected | G32: {=MMULT(AO174:AY174,$I$15:$I$25)} -> -8.5187503
A68: Training design matrix B and response y=LN(m) (training years only)
A70: Training year | B70: y = LN(m) | C70: B1986,4 | D70: B1989,4 | E70: B1992,4 | F70: B1995,4 | G70: B1998,4 | H70: B2001,4
A71: 1995 | B71: =LN('M_70_t'!B2) -> -7.0625054 | C71: =AO150 -> 0.16666667 | D71: =AP150 -> 0.66666667 | E71: =AQ150 -> 0.16666667 | F71: =AR150 -> 0 | G71: =AS150 -> 0 | H71: =AT150 -> 0
A72: 1996 | B72: =LN('M_70_t'!B3) -> -7.0940857 | C72: =AO151 -> 0.049382716 | D72: =AP151 -> 0.57407407 | E72: =AQ151 -> 0.37037037 | F72: =AR151 -> 0.0061728395 | G72: =AS151 -> 0 | H72: =AT151 -> 0
A73: 1997 | B73: =LN('M_70_t'!B4) -> -7.1184769 | C73: =AO152 -> 0.0061728395 | D73: =AP152 -> 0.37037037 | E73: =AQ152 -> 0.57407407 | F73: =AR152 -> 0.049382716 | G73: =AS152 -> 0 | H73: =AT152 -> 0
A74: 1998 | B74: =LN('M_70_t'!B5) -> -6.9305023 | C74: =AO153 -> 0 | D74: =AP153 -> 0.16666667 | E74: =AQ153 -> 0.66666667 | F74: =AR153 -> 0.16666667 | G74: =AS153 -> 0 | H74: =AT153 -> 0
A75: 1999 | B75: =LN('M_70_t'!B6) -> -7.1453886 | C75: =AO154 -> 0 | D75: =AP154 -> 0.049382716 | E75: =AQ154 -> 0.57407407 | F75: =AR154 -> 0.37037037 | G75: =AS154 -> 0.0061728395 | H75: =AT154 -> 0
A76: 2000 | B76: =LN('M_70_t'!B7) -> -6.9110889 | C76: =AO155 -> 0 | D76: =AP155 -> 0.0061728395 | E76: =AQ155 -> 0.37037037 | F76: =AR155 -> 0.57407407 | G76: =AS155 -> 0.049382716 | H76: =AT155 -> 0
A77: 2001 | B77: =LN('M_70_t'!B8) -> -7.1939342 | C77: =AO156 -> 0 | D77: =AP156 -> 0 | E77: =AQ156 -> 0.16666667 | F77: =AR156 -> 0.66666667 | G77: =AS156 -> 0.16666667 | H77: =AT156 -> 0
A78: 2002 | B78: =LN('M_70_t'!B9) -> -7.2583239 | C78: =AO157 -> 0 | D78: =AP157 -> 0 | E78: =AQ157 -> 0.049382716 | F78: =AR157 -> 0.57407407 | G78: =AS157 -> 0.37037037 | H78: =AT157 -> 0.0061728395
A79: 2003 | B79: =LN('M_70_t'!B10) -> -7.3767853 | C79: =AO158 -> 0 | D79: =AP158 -> 0 | E79: =AQ158 -> 0.0061728395 | F79: =AR158 -> 0.37037037 | G79: =AS158 -> 0.57407407 | H79: =AT158 -> 0.049382716
A80: 2004 | B80: =LN('M_70_t'!B11) -> -7.3695663 | C80: =AO159 -> 0 | D80: =AP159 -> 0 | E80: =AQ159 -> 0 | F80: =AR159 -> 0.16666667 | G80: =AS159 -> 0.66666667 | H80: =AT159 -> 0.16666667
A88: Penalised normal matrix G = BᵀB + (lambda/2)D₂ᵀD₂, and RHS = Bᵀy
C90: 1986 | D90: 1989 | E90: 1992 | F90: 1995 | G90: 1998 | H90: 2001 | J90: Bᵀy
A91: 1986 | C91: =SUMPRODUCT(C$71:C$80,C$71:C$80)+$B$4/2*SUMPRODUCT(C$111:C$114,C$111:C$114) -> 0.53025453 | D91: =SUMPRODUCT(C$71:C$80,D$71:D$80)+$B$4/2*SUMPRODUCT(C$111:C$114,D$111:D$114) -> -0.85825332 | E91: =SUMPRODUCT(C$71:C$80,E$71:E$80)+$B$4/2*SUMPRODUCT(C$111:C$114,E$111:E$114) -> 0.54961134 | F91: =SUMPRODUCT(C$71:C$80,F$71:F$80)+$B$4/2*SUMPRODUCT(C$111:C$114,F$111:F$114) -> 0.00060966316 | G91: =SUMPRODUCT(C$71:C$80,G$71:G$80)+$B$4/2*SUMPRODUCT(C$111:C$114,G$111:G$114) -> 0 | H91: =SUMPRODUCT(C$71:C$80,H$71:H$80)+$B$4/2*SUMPRODUCT(C$111:C$114,H$111:H$114) -> 0 | J91: =SUMPRODUCT(C$71:C$80,$B$71:$B$80) -> -1.5713507
A92: 1989 | C92: =SUMPRODUCT(D$71:D$80,C$71:C$80)+$B$4/2*SUMPRODUCT(D$111:D$114,C$111:C$114) -> -0.85825332 | D92: =SUMPRODUCT(D$71:D$80,D$71:D$80)+$B$4/2*SUMPRODUCT(D$111:D$114,D$111:D$114) -> 3.4414342 | E92: =SUMPRODUCT(D$71:D$80,E$71:E$80)+$B$4/2*SUMPRODUCT(D$111:D$114,E$111:E$114) -> -1.3219021 | F92: =SUMPRODUCT(D$71:D$80,F$71:F$80)+$B$4/2*SUMPRODUCT(D$111:D$114,F$111:F$114) -> 0.5714449 | G92: =SUMPRODUCT(D$71:D$80,G$71:G$80)+$B$4/2*SUMPRODUCT(D$111:D$114,G$111:G$114) -> 0.00060966316 | H92: =SUMPRODUCT(D$71:D$80,H$71:H$80)+$B$4/2*SUMPRODUCT(D$111:D$114,H$111:H$114) -> 0 | J92: =SUMPRODUCT(D$71:D$80,$B$71:$B$80) -> -12.967944
A93: 1992 | C93: =SUMPRODUCT(E$71:E$80,C$71:C$80)+$B$4/2*SUMPRODUCT(E$111:E$114,C$111:C$114) -> 0.54961134 | D93: =SUMPRODUCT(E$71:E$80,D$71:D$80)+$B$4/2*SUMPRODUCT(E$111:E$114,D$111:D$114) -> -1.3219021 | E93: =SUMPRODUCT(E$71:E$80,E$71:E$80)+$B$4/2*SUMPRODUCT(E$111:E$114,E$111:E$114) -> 4.4359473 | F93: =SUMPRODUCT(E$71:E$80,F$71:F$80)+$B$4/2*SUMPRODUCT(E$111:E$114,F$111:F$114) -> -1.2912666 | G93: =SUMPRODUCT(E$71:E$80,G$71:G$80)+$B$4/2*SUMPRODUCT(E$111:E$114,G$111:G$114) -> 0.5714449 | H93: =SUMPRODUCT(E$71:E$80,H$71:H$80)+$B$4/2*SUMPRODUCT(E$111:E$114,H$111:H$114) -> 0.00060966316 | J93: =SUMPRODUCT(E$71:E$80,$B$71:$B$80) -> -20.775997
A94: 1995 | C94: =SUMPRODUCT(F$71:F$80,C$71:C$80)+$B$4/2*SUMPRODUCT(F$111:F$114,C$111:C$114) -> 0.00060966316 | D94: =SUMPRODUCT(F$71:F$80,D$71:D$80)+$B$4/2*SUMPRODUCT(F$111:F$114,D$111:D$114) -> 0.5714449 | E94: =SUMPRODUCT(F$71:F$80,E$71:E$80)+$B$4/2*SUMPRODUCT(F$111:F$114,E$111:E$114) -> -1.2912666 | F94: =SUMPRODUCT(F$71:F$80,F$71:F$80)+$B$4/2*SUMPRODUCT(F$111:F$114,F$111:F$114) -> 4.4359473 | G94: =SUMPRODUCT(F$71:F$80,G$71:G$80)+$B$4/2*SUMPRODUCT(F$111:F$114,G$111:G$114) -> -1.3219021 | H94: =SUMPRODUCT(F$71:F$80,H$71:H$80)+$B$4/2*SUMPRODUCT(F$111:F$114,H$111:H$114) -> 0.54961134 | J94: =SUMPRODUCT(F$71:F$80,$B$71:$B$80) -> -21.087497
A95: 1998 | C95: =SUMPRODUCT(G$71:G$80,C$71:C$80)+$B$4/2*SUMPRODUCT(G$111:G$114,C$111:C$114) -> 0 | D95: =SUMPRODUCT(G$71:G$80,D$71:D$80)+$B$4/2*SUMPRODUCT(G$111:G$114,D$111:D$114) -> 0.00060966316 | E95: =SUMPRODUCT(G$71:G$80,E$71:E$80)+$B$4/2*SUMPRODUCT(G$111:G$114,E$111:E$114) -> 0.5714449 | F95: =SUMPRODUCT(G$71:G$80,F$71:F$80)+$B$4/2*SUMPRODUCT(G$111:G$114,F$111:F$114) -> -1.3219021 | G95: =SUMPRODUCT(G$71:G$80,G$71:G$80)+$B$4/2*SUMPRODUCT(G$111:G$114,G$111:G$114) -> 3.4414342 | H95: =SUMPRODUCT(G$71:G$80,H$71:H$80)+$B$4/2*SUMPRODUCT(G$111:G$114,H$111:H$114) -> -0.85825332 | J95: =SUMPRODUCT(G$71:G$80,$B$71:$B$80) -> -13.420518
A96: 2001 | C96: =SUMPRODUCT(H$71:H$80,C$71:C$80)+$B$4/2*SUMPRODUCT(H$111:H$114,C$111:C$114) -> 0 | D96: =SUMPRODUCT(H$71:H$80,D$71:D$80)+$B$4/2*SUMPRODUCT(H$111:H$114,D$111:D$114) -> 0 | E96: =SUMPRODUCT(H$71:H$80,E$71:E$80)+$B$4/2*SUMPRODUCT(H$111:H$114,E$111:E$114) -> 0.00060966316 | F96: =SUMPRODUCT(H$71:H$80,F$71:F$80)+$B$4/2*SUMPRODUCT(H$111:H$114,F$111:F$114) -> 0.54961134 | G96: =SUMPRODUCT(H$71:H$80,G$71:G$80)+$B$4/2*SUMPRODUCT(H$111:H$114,G$111:G$114) -> -0.85825332 | H96: =SUMPRODUCT(H$71:H$80,H$71:H$80)+$B$4/2*SUMPRODUCT(H$111:H$114,H$111:H$114) -> 0.53025453 | J96: =SUMPRODUCT(H$71:H$80,$B$71:$B$80) -> -1.6373512
A108: Second-difference matrix D₂: rows [1, −2, 1]
C111: 1 | D111: -2 | E111: 1 | F111: 0 | G111: 0 | H111: 0
C112: 0 | D112: 1 | E112: -2 | F112: 1 | G112: 0 | H112: 0
C113: 0 | D113: 0 | E113: 1 | F113: -2 | G113: 1 | H113: 0
C114: 0 | D114: 0 | E114: 0 | F114: 1 | G114: -2 | H114: 1
A149: Evaluation year | B149: B1986,k=1 | C149: B1989,k=1 | D149: B1992,k=1 | E149: B1995,k=1 | F149: B1998,k=1 | G149: B2001,k=1 | H149: B2004,k=1 | I149: B2007,k=1 | J149: B2010,k=1 | K149: B2013,k=1 | L149: B2016,k=1 | M149: B2019,k=1 | N149: B2022,k=1 | O149: B2025,k=1 | P149: B1986,k=2 | Q149: B1989,k=2 | R149: B1992,k=2 | S149: B1995,k=2 | T149: B1998,k=2 | U149: B2001,k=2 | V149: B2004,k=2 | W149: B2007,k=2 | X149: B2010,k=2 | Y149: B2013,k=2 | Z149: B2016,k=2 | AA149: B2019,k=2 | AB149: B2022,k=2 | AC149: B1986,k=3 | AD149: B1989,k=3 | AE149: B1992,k=3 | AF149: B1995,k=3 | AG149: B1998,k=3 | AH149: B2001,k=3 | AI149: B2004,k=3 | AJ149: B2007,k=3 | AK149: B2010,k=3 | AL149: B2013,k=3 | AM149: B2016,k=3 | AN149: B2019,k=3 | AO149: B1986,k=4 | AP149: B1989,k=4 | AQ149: B1992,k=4 | AR149: B1995,k=4 | AS149: B1998,k=4 | AT149: B2001,k=4 | AU149: B2004,k=4 | AV149: B2007,k=4 | AW149: B2010,k=4 | AX149: B2013,k=4 | AY149: B2016,k=4
A150: 1995 | B150: =IF(AND($A150>=1986,$A150<1989),1,0) -> 0 | C150: =IF(AND($A150>=1989,$A150<1992),1,0) -> 0 | D150: =IF(AND($A150>=1992,$A150<1995),1,0) -> 0 | E150: =IF(AND($A150>=1995,$A150<1998),1,0) -> 1 | F150: =IF(AND($A150>=1998,$A150<2001),1,0) -> 0 | G150: =IF(AND($A150>=2001,$A150<2004),1,0) -> 0 | H150: =IF(AND($A150>=2004,$A150<2007),1,0) -> 0 | I150: =IF(AND($A150>=2007,$A150<2010),1,0) -> 0 | J150: =IF(AND($A150>=2010,$A150<2013),1,0) -> 0 | K150: =IF(AND($A150>=2013,$A150<2016),1,0) -> 0 | L150: =IF(AND($A150>=2016,$A150<2019),1,0) -> 0 | M150: =IF(AND($A150>=2019,$A150<2022),1,0) -> 0 | N150: =IF(AND($A150>=2022,$A150<2025),1,0) -> 0 | O150: =IF(AND($A150>=2025,$A150<2028),1,0) -> 0 | P150: =($A150-1986)/((2-1)*$D$4)*B150+(1986+2*$D$4-$A150)/((2-1)*$D$4)*C150 -> 0 | Q150: =($A150-1989)/((2-1)*$D$4)*C150+(1989+2*$D$4-$A150)/((2-1)*$D$4)*D150 -> 0 | R150: =($A150-1992)/((2-1)*$D$4)*D150+(1992+2*$D$4-$A150)/((2-1)*$D$4)*E150 -> 1 | S150: =($A150-1995)/((2-1)*$D$4)*E150+(1995+2*$D$4-$A150)/((2-1)*$D$4)*F150 -> 0 | T150: =($A150-1998)/((2-1)*$D$4)*F150+(1998+2*$D$4-$A150)/((2-1)*$D$4)*G150 -> 0 | U150: =($A150-2001)/((2-1)*$D$4)*G150+(2001+2*$D$4-$A150)/((2-1)*$D$4)*H150 -> 0 | V150: =($A150-2004)/((2-1)*$D$4)*H150+(2004+2*$D$4-$A150)/((2-1)*$D$4)*I150 -> 0 | W150: =($A150-2007)/((2-1)*$D$4)*I150+(2007+2*$D$4-$A150)/((2-1)*$D$4)*J150 -> 0 | X150: =($A150-2010)/((2-1)*$D$4)*J150+(2010+2*$D$4-$A150)/((2-1)*$D$4)*K150 -> 0 | Y150: =($A150-2013)/((2-1)*$D$4)*K150+(2013+2*$D$4-$A150)/((2-1)*$D$4)*L150 -> 0 | Z150: =($A150-2016)/((2-1)*$D$4)*L150+(2016+2*$D$4-$A150)/((2-1)*$D$4)*M150 -> 0 | AA150: =($A150-2019)/((2-1)*$D$4)*M150+(2019+2*$D$4-$A150)/((2-1)*$D$4)*N150 -> 0 | AB150: =($A150-2022)/((2-1)*$D$4)*N150+(2022+2*$D$4-$A150)/((2-1)*$D$4)*O150 -> 0 | AC150: =($A150-1986)/((3-1)*$D$4)*P150+(1986+3*$D$4-$A150)/((3-1)*$D$4)*Q150 -> 0 | AD150: =($A150-1989)/((3-1)*$D$4)*Q150+(1989+3*$D$4-$A150)/((3-1)*$D$4)*R150 -> 0.5 | AE150: =($A150-1992)/((3-1)*$D$4)*R150+(1992+3*$D$4-$A150)/((3-1)*$D$4)*S150 -> 0.5 | AF150: =($A150-1995)/((3-1)*$D$4)*S150+(1995+3*$D$4-$A150)/((3-1)*$D$4)*T150 -> 0 | AG150: =($A150-1998)/((3-1)*$D$4)*T150+(1998+3*$D$4-$A150)/((3-1)*$D$4)*U150 -> 0 | AH150: =($A150-2001)/((3-1)*$D$4)*U150+(2001+3*$D$4-$A150)/((3-1)*$D$4)*V150 -> 0 | AI150: =($A150-2004)/((3-1)*$D$4)*V150+(2004+3*$D$4-$A150)/((3-1)*$D$4)*W150 -> 0 | AJ150: =($A150-2007)/((3-1)*$D$4)*W150+(2007+3*$D$4-$A150)/((3-1)*$D$4)*X150 -> 0 | AK150: =($A150-2010)/((3-1)*$D$4)*X150+(2010+3*$D$4-$A150)/((3-1)*$D$4)*Y150 -> 0 | AL150: =($A150-2013)/((3-1)*$D$4)*Y150+(2013+3*$D$4-$A150)/((3-1)*$D$4)*Z150 -> 0 | AM150: =($A150-2016)/((3-1)*$D$4)*Z150+(2016+3*$D$4-$A150)/((3-1)*$D$4)*AA150 -> 0 | AN150: =($A150-2019)/((3-1)*$D$4)*AA150+(2019+3*$D$4-$A150)/((3-1)*$D$4)*AB150 -> 0 | AO150: =($A150-1986)/((4-1)*$D$4)*AC150+(1986+4*$D$4-$A150)/((4-1)*$D$4)*AD150 -> 0.16666667 | AP150: =($A150-1989)/((4-1)*$D$4)*AD150+(1989+4*$D$4-$A150)/((4-1)*$D$4)*AE150 -> 0.66666667 | AQ150: =($A150-1992)/((4-1)*$D$4)*AE150+(1992+4*$D$4-$A150)/((4-1)*$D$4)*AF150 -> 0.16666667 | AR150: =($A150-1995)/((4-1)*$D$4)*AF150+(1995+4*$D$4-$A150)/((4-1)*$D$4)*AG150 -> 0 | AS150: =($A150-1998)/((4-1)*$D$4)*AG150+(1998+4*$D$4-$A150)/((4-1)*$D$4)*AH150 -> 0 | AT150: =($A150-2001)/((4-1)*$D$4)*AH150+(2001+4*$D$4-$A150)/((4-1)*$D$4)*AI150 -> 0 | AU150: =($A150-2004)/((4-1)*$D$4)*AI150+(2004+4*$D$4-$A150)/((4-1)*$D$4)*AJ150 -> 0 | AV150: =($A150-2007)/((4-1)*$D$4)*AJ150+(2007+4*$D$4-$A150)/((4-1)*$D$4)*AK150 -> 0 | AW150: =($A150-2010)/((4-1)*$D$4)*AK150+(2010+4*$D$4-$A150)/((4-1)*$D$4)*AL150 -> 0 | AX150: =($A150-2013)/((4-1)*$D$4)*AL150+(2013+4*$D$4-$A150)/((4-1)*$D$4)*AM150 -> 0 | AY150: =($A150-2016)/((4-1)*$D$4)*AM150+(2016+4*$D$4-$A150)/((4-1)*$D$4)*AN150 -> 0
A151: 1996 | B151: =IF(AND($A151>=1986,$A151<1989),1,0) -> 0 | C151: =IF(AND($A151>=1989,$A151<1992),1,0) -> 0 | D151: =IF(AND($A151>=1992,$A151<1995),1,0) -> 0 | E151: =IF(AND($A151>=1995,$A151<1998),1,0) -> 1 | F151: =IF(AND($A151>=1998,$A151<2001),1,0) -> 0 | G151: =IF(AND($A151>=2001,$A151<2004),1,0) -> 0 | H151: =IF(AND($A151>=2004,$A151<2007),1,0) -> 0 | I151: =IF(AND($A151>=2007,$A151<2010),1,0) -> 0 | J151: =IF(AND($A151>=2010,$A151<2013),1,0) -> 0 | K151: =IF(AND($A151>=2013,$A151<2016),1,0) -> 0 | L151: =IF(AND($A151>=2016,$A151<2019),1,0) -> 0 | M151: =IF(AND($A151>=2019,$A151<2022),1,0) -> 0 | N151: =IF(AND($A151>=2022,$A151<2025),1,0) -> 0 | O151: =IF(AND($A151>=2025,$A151<2028),1,0) -> 0 | P151: =($A151-1986)/((2-1)*$D$4)*B151+(1986+2*$D$4-$A151)/((2-1)*$D$4)*C151 -> 0 | Q151: =($A151-1989)/((2-1)*$D$4)*C151+(1989+2*$D$4-$A151)/((2-1)*$D$4)*D151 -> 0 | R151: =($A151-1992)/((2-1)*$D$4)*D151+(1992+2*$D$4-$A151)/((2-1)*$D$4)*E151 -> 0.66666667 | S151: =($A151-1995)/((2-1)*$D$4)*E151+(1995+2*$D$4-$A151)/((2-1)*$D$4)*F151 -> 0.33333333 | T151: =($A151-1998)/((2-1)*$D$4)*F151+(1998+2*$D$4-$A151)/((2-1)*$D$4)*G151 -> 0 | U151: =($A151-2001)/((2-1)*$D$4)*G151+(2001+2*$D$4-$A151)/((2-1)*$D$4)*H151 -> 0 | V151: =($A151-2004)/((2-1)*$D$4)*H151+(2004+2*$D$4-$A151)/((2-1)*$D$4)*I151 -> 0 | W151: =($A151-2007)/((2-1)*$D$4)*I151+(2007+2*$D$4-$A151)/((2-1)*$D$4)*J151 -> 0 | X151: =($A151-2010)/((2-1)*$D$4)*J151+(2010+2*$D$4-$A151)/((2-1)*$D$4)*K151 -> 0 | Y151: =($A151-2013)/((2-1)*$D$4)*K151+(2013+2*$D$4-$A151)/((2-1)*$D$4)*L151 -> 0 | Z151: =($A151-2016)/((2-1)*$D$4)*L151+(2016+2*$D$4-$A151)/((2-1)*$D$4)*M151 -> 0 | AA151: =($A151-2019)/((2-1)*$D$4)*M151+(2019+2*$D$4-$A151)/((2-1)*$D$4)*N151 -> 0 | AB151: =($A151-2022)/((2-1)*$D$4)*N151+(2022+2*$D$4-$A151)/((2-1)*$D$4)*O151 -> 0 | AC151: =($A151-1986)/((3-1)*$D$4)*P151+(1986+3*$D$4-$A151)/((3-1)*$D$4)*Q151 -> 0 | AD151: =($A151-1989)/((3-1)*$D$4)*Q151+(1989+3*$D$4-$A151)/((3-1)*$D$4)*R151 -> 0.22222222 | AE151: =($A151-1992)/((3-1)*$D$4)*R151+(1992+3*$D$4-$A151)/((3-1)*$D$4)*S151 -> 0.72222222 | AF151: =($A151-1995)/((3-1)*$D$4)*S151+(1995+3*$D$4-$A151)/((3-1)*$D$4)*T151 -> 0.055555556 | AG151: =($A151-1998)/((3-1)*$D$4)*T151+(1998+3*$D$4-$A151)/((3-1)*$D$4)*U151 -> 0 | AH151: =($A151-2001)/((3-1)*$D$4)*U151+(2001+3*$D$4-$A151)/((3-1)*$D$4)*V151 -> 0 | AI151: =($A151-2004)/((3-1)*$D$4)*V151+(2004+3*$D$4-$A151)/((3-1)*$D$4)*W151 -> 0 | AJ151: =($A151-2007)/((3-1)*$D$4)*W151+(2007+3*$D$4-$A151)/((3-1)*$D$4)*X151 -> 0 | AK151: =($A151-2010)/((3-1)*$D$4)*X151+(2010+3*$D$4-$A151)/((3-1)*$D$4)*Y151 -> 0 | AL151: =($A151-2013)/((3-1)*$D$4)*Y151+(2013+3*$D$4-$A151)/((3-1)*$D$4)*Z151 -> 0 | AM151: =($A151-2016)/((3-1)*$D$4)*Z151+(2016+3*$D$4-$A151)/((3-1)*$D$4)*AA151 -> 0 | AN151: =($A151-2019)/((3-1)*$D$4)*AA151+(2019+3*$D$4-$A151)/((3-1)*$D$4)*AB151 -> 0 | AO151: =($A151-1986)/((4-1)*$D$4)*AC151+(1986+4*$D$4-$A151)/((4-1)*$D$4)*AD151 -> 0.049382716 | AP151: =($A151-1989)/((4-1)*$D$4)*AD151+(1989+4*$D$4-$A151)/((4-1)*$D$4)*AE151 -> 0.57407407 | AQ151: =($A151-1992)/((4-1)*$D$4)*AE151+(1992+4*$D$4-$A151)/((4-1)*$D$4)*AF151 -> 0.37037037 | AR151: =($A151-1995)/((4-1)*$D$4)*AF151+(1995+4*$D$4-$A151)/((4-1)*$D$4)*AG151 -> 0.0061728395 | AS151: =($A151-1998)/((4-1)*$D$4)*AG151+(1998+4*$D$4-$A151)/((4-1)*$D$4)*AH151 -> 0 | AT151: =($A151-2001)/((4-1)*$D$4)*AH151+(2001+4*$D$4-$A151)/((4-1)*$D$4)*AI151 -> 0 | AU151: =($A151-2004)/((4-1)*$D$4)*AI151+(2004+4*$D$4-$A151)/((4-1)*$D$4)*AJ151 -> 0 | AV151: =($A151-2007)/((4-1)*$D$4)*AJ151+(2007+4*$D$4-$A151)/((4-1)*$D$4)*AK151 -> 0 | AW151: =($A151-2010)/((4-1)*$D$4)*AK151+(2010+4*$D$4-$A151)/((4-1)*$D$4)*AL151 -> 0 | AX151: =($A151-2013)/((4-1)*$D$4)*AL151+(2013+4*$D$4-$A151)/((4-1)*$D$4)*AM151 -> 0 | AY151: =($A151-2016)/((4-1)*$D$4)*AM151+(2016+4*$D$4-$A151)/((4-1)*$D$4)*AN151 -> 0
A152: 1997 | B152: =IF(AND($A152>=1986,$A152<1989),1,0) -> 0 | C152: =IF(AND($A152>=1989,$A152<1992),1,0) -> 0 | D152: =IF(AND($A152>=1992,$A152<1995),1,0) -> 0 | E152: =IF(AND($A152>=1995,$A152<1998),1,0) -> 1 | F152: =IF(AND($A152>=1998,$A152<2001),1,0) -> 0 | G152: =IF(AND($A152>=2001,$A152<2004),1,0) -> 0 | H152: =IF(AND($A152>=2004,$A152<2007),1,0) -> 0 | I152: =IF(AND($A152>=2007,$A152<2010),1,0) -> 0 | J152: =IF(AND($A152>=2010,$A152<2013),1,0) -> 0 | K152: =IF(AND($A152>=2013,$A152<2016),1,0) -> 0 | L152: =IF(AND($A152>=2016,$A152<2019),1,0) -> 0 | M152: =IF(AND($A152>=2019,$A152<2022),1,0) -> 0 | N152: =IF(AND($A152>=2022,$A152<2025),1,0) -> 0 | O152: =IF(AND($A152>=2025,$A152<2028),1,0) -> 0 | P152: =($A152-1986)/((2-1)*$D$4)*B152+(1986+2*$D$4-$A152)/((2-1)*$D$4)*C152 -> 0 | Q152: =($A152-1989)/((2-1)*$D$4)*C152+(1989+2*$D$4-$A152)/((2-1)*$D$4)*D152 -> 0 | R152: =($A152-1992)/((2-1)*$D$4)*D152+(1992+2*$D$4-$A152)/((2-1)*$D$4)*E152 -> 0.33333333 | S152: =($A152-1995)/((2-1)*$D$4)*E152+(1995+2*$D$4-$A152)/((2-1)*$D$4)*F152 -> 0.66666667 | T152: =($A152-1998)/((2-1)*$D$4)*F152+(1998+2*$D$4-$A152)/((2-1)*$D$4)*G152 -> 0 | U152: =($A152-2001)/((2-1)*$D$4)*G152+(2001+2*$D$4-$A152)/((2-1)*$D$4)*H152 -> 0 | V152: =($A152-2004)/((2-1)*$D$4)*H152+(2004+2*$D$4-$A152)/((2-1)*$D$4)*I152 -> 0 | W152: =($A152-2007)/((2-1)*$D$4)*I152+(2007+2*$D$4-$A152)/((2-1)*$D$4)*J152 -> 0 | X152: =($A152-2010)/((2-1)*$D$4)*J152+(2010+2*$D$4-$A152)/((2-1)*$D$4)*K152 -> 0 | Y152: =($A152-2013)/((2-1)*$D$4)*K152+(2013+2*$D$4-$A152)/((2-1)*$D$4)*L152 -> 0 | Z152: =($A152-2016)/((2-1)*$D$4)*L152+(2016+2*$D$4-$A152)/((2-1)*$D$4)*M152 -> 0 | AA152: =($A152-2019)/((2-1)*$D$4)*M152+(2019+2*$D$4-$A152)/((2-1)*$D$4)*N152 -> 0 | AB152: =($A152-2022)/((2-1)*$D$4)*N152+(2022+2*$D$4-$A152)/((2-1)*$D$4)*O152 -> 0 | AC152: =($A152-1986)/((3-1)*$D$4)*P152+(1986+3*$D$4-$A152)/((3-1)*$D$4)*Q152 -> 0 | AD152: =($A152-1989)/((3-1)*$D$4)*Q152+(1989+3*$D$4-$A152)/((3-1)*$D$4)*R152 -> 0.055555556 | AE152: =($A152-1992)/((3-1)*$D$4)*R152+(1992+3*$D$4-$A152)/((3-1)*$D$4)*S152 -> 0.72222222 | AF152: =($A152-1995)/((3-1)*$D$4)*S152+(1995+3*$D$4-$A152)/((3-1)*$D$4)*T152 -> 0.22222222 | AG152: =($A152-1998)/((3-1)*$D$4)*T152+(1998+3*$D$4-$A152)/((3-1)*$D$4)*U152 -> 0 | AH152: =($A152-2001)/((3-1)*$D$4)*U152+(2001+3*$D$4-$A152)/((3-1)*$D$4)*V152 -> 0 | AI152: =($A152-2004)/((3-1)*$D$4)*V152+(2004+3*$D$4-$A152)/((3-1)*$D$4)*W152 -> 0 | AJ152: =($A152-2007)/((3-1)*$D$4)*W152+(2007+3*$D$4-$A152)/((3-1)*$D$4)*X152 -> 0 | AK152: =($A152-2010)/((3-1)*$D$4)*X152+(2010+3*$D$4-$A152)/((3-1)*$D$4)*Y152 -> 0 | AL152: =($A152-2013)/((3-1)*$D$4)*Y152+(2013+3*$D$4-$A152)/((3-1)*$D$4)*Z152 -> 0 | AM152: =($A152-2016)/((3-1)*$D$4)*Z152+(2016+3*$D$4-$A152)/((3-1)*$D$4)*AA152 -> 0 | AN152: =($A152-2019)/((3-1)*$D$4)*AA152+(2019+3*$D$4-$A152)/((3-1)*$D$4)*AB152 -> 0 | AO152: =($A152-1986)/((4-1)*$D$4)*AC152+(1986+4*$D$4-$A152)/((4-1)*$D$4)*AD152 -> 0.0061728395 | AP152: =($A152-1989)/((4-1)*$D$4)*AD152+(1989+4*$D$4-$A152)/((4-1)*$D$4)*AE152 -> 0.37037037 | AQ152: =($A152-1992)/((4-1)*$D$4)*AE152+(1992+4*$D$4-$A152)/((4-1)*$D$4)*AF152 -> 0.57407407 | AR152: =($A152-1995)/((4-1)*$D$4)*AF152+(1995+4*$D$4-$A152)/((4-1)*$D$4)*AG152 -> 0.049382716 | AS152: =($A152-1998)/((4-1)*$D$4)*AG152+(1998+4*$D$4-$A152)/((4-1)*$D$4)*AH152 -> 0 | AT152: =($A152-2001)/((4-1)*$D$4)*AH152+(2001+4*$D$4-$A152)/((4-1)*$D$4)*AI152 -> 0 | AU152: =($A152-2004)/((4-1)*$D$4)*AI152+(2004+4*$D$4-$A152)/((4-1)*$D$4)*AJ152 -> 0 | AV152: =($A152-2007)/((4-1)*$D$4)*AJ152+(2007+4*$D$4-$A152)/((4-1)*$D$4)*AK152 -> 0 | AW152: =($A152-2010)/((4-1)*$D$4)*AK152+(2010+4*$D$4-$A152)/((4-1)*$D$4)*AL152 -> 0 | AX152: =($A152-2013)/((4-1)*$D$4)*AL152+(2013+4*$D$4-$A152)/((4-1)*$D$4)*AM152 -> 0 | AY152: =($A152-2016)/((4-1)*$D$4)*AM152+(2016+4*$D$4-$A152)/((4-1)*$D$4)*AN152 -> 0
A153: 1998 | B153: =IF(AND($A153>=1986,$A153<1989),1,0) -> 0 | C153: =IF(AND($A153>=1989,$A153<1992),1,0) -> 0 | D153: =IF(AND($A153>=1992,$A153<1995),1,0) -> 0 | E153: =IF(AND($A153>=1995,$A153<1998),1,0) -> 0 | F153: =IF(AND($A153>=1998,$A153<2001),1,0) -> 1 | G153: =IF(AND($A153>=2001,$A153<2004),1,0) -> 0 | H153: =IF(AND($A153>=2004,$A153<2007),1,0) -> 0 | I153: =IF(AND($A153>=2007,$A153<2010),1,0) -> 0 | J153: =IF(AND($A153>=2010,$A153<2013),1,0) -> 0 | K153: =IF(AND($A153>=2013,$A153<2016),1,0) -> 0 | L153: =IF(AND($A153>=2016,$A153<2019),1,0) -> 0 | M153: =IF(AND($A153>=2019,$A153<2022),1,0) -> 0 | N153: =IF(AND($A153>=2022,$A153<2025),1,0) -> 0 | O153: =IF(AND($A153>=2025,$A153<2028),1,0) -> 0 | P153: =($A153-1986)/((2-1)*$D$4)*B153+(1986+2*$D$4-$A153)/((2-1)*$D$4)*C153 -> 0 | Q153: =($A153-1989)/((2-1)*$D$4)*C153+(1989+2*$D$4-$A153)/((2-1)*$D$4)*D153 -> 0 | R153: =($A153-1992)/((2-1)*$D$4)*D153+(1992+2*$D$4-$A153)/((2-1)*$D$4)*E153 -> 0 | S153: =($A153-1995)/((2-1)*$D$4)*E153+(1995+2*$D$4-$A153)/((2-1)*$D$4)*F153 -> 1 | T153: =($A153-1998)/((2-1)*$D$4)*F153+(1998+2*$D$4-$A153)/((2-1)*$D$4)*G153 -> 0 | U153: =($A153-2001)/((2-1)*$D$4)*G153+(2001+2*$D$4-$A153)/((2-1)*$D$4)*H153 -> 0 | V153: =($A153-2004)/((2-1)*$D$4)*H153+(2004+2*$D$4-$A153)/((2-1)*$D$4)*I153 -> 0 | W153: =($A153-2007)/((2-1)*$D$4)*I153+(2007+2*$D$4-$A153)/((2-1)*$D$4)*J153 -> 0 | X153: =($A153-2010)/((2-1)*$D$4)*J153+(2010+2*$D$4-$A153)/((2-1)*$D$4)*K153 -> 0 | Y153: =($A153-2013)/((2-1)*$D$4)*K153+(2013+2*$D$4-$A153)/((2-1)*$D$4)*L153 -> 0 | Z153: =($A153-2016)/((2-1)*$D$4)*L153+(2016+2*$D$4-$A153)/((2-1)*$D$4)*M153 -> 0 | AA153: =($A153-2019)/((2-1)*$D$4)*M153+(2019+2*$D$4-$A153)/((2-1)*$D$4)*N153 -> 0 | AB153: =($A153-2022)/((2-1)*$D$4)*N153+(2022+2*$D$4-$A153)/((2-1)*$D$4)*O153 -> 0 | AC153: =($A153-1986)/((3-1)*$D$4)*P153+(1986+3*$D$4-$A153)/((3-1)*$D$4)*Q153 -> 0 | AD153: =($A153-1989)/((3-1)*$D$4)*Q153+(1989+3*$D$4-$A153)/((3-1)*$D$4)*R153 -> 0 | AE153: =($A153-1992)/((3-1)*$D$4)*R153+(1992+3*$D$4-$A153)/((3-1)*$D$4)*S153 -> 0.5 | AF153: =($A153-1995)/((3-1)*$D$4)*S153+(1995+3*$D$4-$A153)/((3-1)*$D$4)*T153 -> 0.5 | AG153: =($A153-1998)/((3-1)*$D$4)*T153+(1998+3*$D$4-$A153)/((3-1)*$D$4)*U153 -> 0 | AH153: =($A153-2001)/((3-1)*$D$4)*U153+(2001+3*$D$4-$A153)/((3-1)*$D$4)*V153 -> 0 | AI153: =($A153-2004)/((3-1)*$D$4)*V153+(2004+3*$D$4-$A153)/((3-1)*$D$4)*W153 -> 0 | AJ153: =($A153-2007)/((3-1)*$D$4)*W153+(2007+3*$D$4-$A153)/((3-1)*$D$4)*X153 -> 0 | AK153: =($A153-2010)/((3-1)*$D$4)*X153+(2010+3*$D$4-$A153)/((3-1)*$D$4)*Y153 -> 0 | AL153: =($A153-2013)/((3-1)*$D$4)*Y153+(2013+3*$D$4-$A153)/((3-1)*$D$4)*Z153 -> 0 | AM153: =($A153-2016)/((3-1)*$D$4)*Z153+(2016+3*$D$4-$A153)/((3-1)*$D$4)*AA153 -> 0 | AN153: =($A153-2019)/((3-1)*$D$4)*AA153+(2019+3*$D$4-$A153)/((3-1)*$D$4)*AB153 -> 0 | AO153: =($A153-1986)/((4-1)*$D$4)*AC153+(1986+4*$D$4-$A153)/((4-1)*$D$4)*AD153 -> 0 | AP153: =($A153-1989)/((4-1)*$D$4)*AD153+(1989+4*$D$4-$A153)/((4-1)*$D$4)*AE153 -> 0.16666667 | AQ153: =($A153-1992)/((4-1)*$D$4)*AE153+(1992+4*$D$4-$A153)/((4-1)*$D$4)*AF153 -> 0.66666667 | AR153: =($A153-1995)/((4-1)*$D$4)*AF153+(1995+4*$D$4-$A153)/((4-1)*$D$4)*AG153 -> 0.16666667 | AS153: =($A153-1998)/((4-1)*$D$4)*AG153+(1998+4*$D$4-$A153)/((4-1)*$D$4)*AH153 -> 0 | AT153: =($A153-2001)/((4-1)*$D$4)*AH153+(2001+4*$D$4-$A153)/((4-1)*$D$4)*AI153 -> 0 | AU153: =($A153-2004)/((4-1)*$D$4)*AI153+(2004+4*$D$4-$A153)/((4-1)*$D$4)*AJ153 -> 0 | AV153: =($A153-2007)/((4-1)*$D$4)*AJ153+(2007+4*$D$4-$A153)/((4-1)*$D$4)*AK153 -> 0 | AW153: =($A153-2010)/((4-1)*$D$4)*AK153+(2010+4*$D$4-$A153)/((4-1)*$D$4)*AL153 -> 0 | AX153: =($A153-2013)/((4-1)*$D$4)*AL153+(2013+4*$D$4-$A153)/((4-1)*$D$4)*AM153 -> 0 | AY153: =($A153-2016)/((4-1)*$D$4)*AM153+(2016+4*$D$4-$A153)/((4-1)*$D$4)*AN153 -> 0
A154: 1999 | B154: =IF(AND($A154>=1986,$A154<1989),1,0) -> 0 | C154: =IF(AND($A154>=1989,$A154<1992),1,0) -> 0 | D154: =IF(AND($A154>=1992,$A154<1995),1,0) -> 0 | E154: =IF(AND($A154>=1995,$A154<1998),1,0) -> 0 | F154: =IF(AND($A154>=1998,$A154<2001),1,0) -> 1 | G154: =IF(AND($A154>=2001,$A154<2004),1,0) -> 0 | H154: =IF(AND($A154>=2004,$A154<2007),1,0) -> 0 | I154: =IF(AND($A154>=2007,$A154<2010),1,0) -> 0 | J154: =IF(AND($A154>=2010,$A154<2013),1,0) -> 0 | K154: =IF(AND($A154>=2013,$A154<2016),1,0) -> 0 | L154: =IF(AND($A154>=2016,$A154<2019),1,0) -> 0 | M154: =IF(AND($A154>=2019,$A154<2022),1,0) -> 0 | N154: =IF(AND($A154>=2022,$A154<2025),1,0) -> 0 | O154: =IF(AND($A154>=2025,$A154<2028),1,0) -> 0 | P154: =($A154-1986)/((2-1)*$D$4)*B154+(1986+2*$D$4-$A154)/((2-1)*$D$4)*C154 -> 0 | Q154: =($A154-1989)/((2-1)*$D$4)*C154+(1989+2*$D$4-$A154)/((2-1)*$D$4)*D154 -> 0 | R154: =($A154-1992)/((2-1)*$D$4)*D154+(1992+2*$D$4-$A154)/((2-1)*$D$4)*E154 -> 0 | S154: =($A154-1995)/((2-1)*$D$4)*E154+(1995+2*$D$4-$A154)/((2-1)*$D$4)*F154 -> 0.66666667 | T154: =($A154-1998)/((2-1)*$D$4)*F154+(1998+2*$D$4-$A154)/((2-1)*$D$4)*G154 -> 0.33333333 | U154: =($A154-2001)/((2-1)*$D$4)*G154+(2001+2*$D$4-$A154)/((2-1)*$D$4)*H154 -> 0 | V154: =($A154-2004)/((2-1)*$D$4)*H154+(2004+2*$D$4-$A154)/((2-1)*$D$4)*I154 -> 0 | W154: =($A154-2007)/((2-1)*$D$4)*I154+(2007+2*$D$4-$A154)/((2-1)*$D$4)*J154 -> 0 | X154: =($A154-2010)/((2-1)*$D$4)*J154+(2010+2*$D$4-$A154)/((2-1)*$D$4)*K154 -> 0 | Y154: =($A154-2013)/((2-1)*$D$4)*K154+(2013+2*$D$4-$A154)/((2-1)*$D$4)*L154 -> 0 | Z154: =($A154-2016)/((2-1)*$D$4)*L154+(2016+2*$D$4-$A154)/((2-1)*$D$4)*M154 -> 0 | AA154: =($A154-2019)/((2-1)*$D$4)*M154+(2019+2*$D$4-$A154)/((2-1)*$D$4)*N154 -> 0 | AB154: =($A154-2022)/((2-1)*$D$4)*N154+(2022+2*$D$4-$A154)/((2-1)*$D$4)*O154 -> 0 | AC154: =($A154-1986)/((3-1)*$D$4)*P154+(1986+3*$D$4-$A154)/((3-1)*$D$4)*Q154 -> 0 | AD154: =($A154-1989)/((3-1)*$D$4)*Q154+(1989+3*$D$4-$A154)/((3-1)*$D$4)*R154 -> 0 | AE154: =($A154-1992)/((3-1)*$D$4)*R154+(1992+3*$D$4-$A154)/((3-1)*$D$4)*S154 -> 0.22222222 | AF154: =($A154-1995)/((3-1)*$D$4)*S154+(1995+3*$D$4-$A154)/((3-1)*$D$4)*T154 -> 0.72222222 | AG154: =($A154-1998)/((3-1)*$D$4)*T154+(1998+3*$D$4-$A154)/((3-1)*$D$4)*U154 -> 0.055555556 | AH154: =($A154-2001)/((3-1)*$D$4)*U154+(2001+3*$D$4-$A154)/((3-1)*$D$4)*V154 -> 0 | AI154: =($A154-2004)/((3-1)*$D$4)*V154+(2004+3*$D$4-$A154)/((3-1)*$D$4)*W154 -> 0 | AJ154: =($A154-2007)/((3-1)*$D$4)*W154+(2007+3*$D$4-$A154)/((3-1)*$D$4)*X154 -> 0 | AK154: =($A154-2010)/((3-1)*$D$4)*X154+(2010+3*$D$4-$A154)/((3-1)*$D$4)*Y154 -> 0 | AL154: =($A154-2013)/((3-1)*$D$4)*Y154+(2013+3*$D$4-$A154)/((3-1)*$D$4)*Z154 -> 0 | AM154: =($A154-2016)/((3-1)*$D$4)*Z154+(2016+3*$D$4-$A154)/((3-1)*$D$4)*AA154 -> 0 | AN154: =($A154-2019)/((3-1)*$D$4)*AA154+(2019+3*$D$4-$A154)/((3-1)*$D$4)*AB154 -> 0 | AO154: =($A154-1986)/((4-1)*$D$4)*AC154+(1986+4*$D$4-$A154)/((4-1)*$D$4)*AD154 -> 0 | AP154: =($A154-1989)/((4-1)*$D$4)*AD154+(1989+4*$D$4-$A154)/((4-1)*$D$4)*AE154 -> 0.049382716 | AQ154: =($A154-1992)/((4-1)*$D$4)*AE154+(1992+4*$D$4-$A154)/((4-1)*$D$4)*AF154 -> 0.57407407 | AR154: =($A154-1995)/((4-1)*$D$4)*AF154+(1995+4*$D$4-$A154)/((4-1)*$D$4)*AG154 -> 0.37037037 | AS154: =($A154-1998)/((4-1)*$D$4)*AG154+(1998+4*$D$4-$A154)/((4-1)*$D$4)*AH154 -> 0.0061728395 | AT154: =($A154-2001)/((4-1)*$D$4)*AH154+(2001+4*$D$4-$A154)/((4-1)*$D$4)*AI154 -> 0 | AU154: =($A154-2004)/((4-1)*$D$4)*AI154+(2004+4*$D$4-$A154)/((4-1)*$D$4)*AJ154 -> 0 | AV154: =($A154-2007)/((4-1)*$D$4)*AJ154+(2007+4*$D$4-$A154)/((4-1)*$D$4)*AK154 -> 0 | AW154: =($A154-2010)/((4-1)*$D$4)*AK154+(2010+4*$D$4-$A154)/((4-1)*$D$4)*AL154 -> 0 | AX154: =($A154-2013)/((4-1)*$D$4)*AL154+(2013+4*$D$4-$A154)/((4-1)*$D$4)*AM154 -> 0 | AY154: =($A154-2016)/((4-1)*$D$4)*AM154+(2016+4*$D$4-$A154)/((4-1)*$D$4)*AN154 -> 0
A155: 2000 | B155: =IF(AND($A155>=1986,$A155<1989),1,0) -> 0 | C155: =IF(AND($A155>=1989,$A155<1992),1,0) -> 0 | D155: =IF(AND($A155>=1992,$A155<1995),1,0) -> 0 | E155: =IF(AND($A155>=1995,$A155<1998),1,0) -> 0 | F155: =IF(AND($A155>=1998,$A155<2001),1,0) -> 1 | G155: =IF(AND($A155>=2001,$A155<2004),1,0) -> 0 | H155: =IF(AND($A155>=2004,$A155<2007),1,0) -> 0 | I155: =IF(AND($A155>=2007,$A155<2010),1,0) -> 0 | J155: =IF(AND($A155>=2010,$A155<2013),1,0) -> 0 | K155: =IF(AND($A155>=2013,$A155<2016),1,0) -> 0 | L155: =IF(AND($A155>=2016,$A155<2019),1,0) -> 0 | M155: =IF(AND($A155>=2019,$A155<2022),1,0) -> 0 | N155: =IF(AND($A155>=2022,$A155<2025),1,0) -> 0 | O155: =IF(AND($A155>=2025,$A155<2028),1,0) -> 0 | P155: =($A155-1986)/((2-1)*$D$4)*B155+(1986+2*$D$4-$A155)/((2-1)*$D$4)*C155 -> 0 | Q155: =($A155-1989)/((2-1)*$D$4)*C155+(1989+2*$D$4-$A155)/((2-1)*$D$4)*D155 -> 0 | R155: =($A155-1992)/((2-1)*$D$4)*D155+(1992+2*$D$4-$A155)/((2-1)*$D$4)*E155 -> 0 | S155: =($A155-1995)/((2-1)*$D$4)*E155+(1995+2*$D$4-$A155)/((2-1)*$D$4)*F155 -> 0.33333333 | T155: =($A155-1998)/((2-1)*$D$4)*F155+(1998+2*$D$4-$A155)/((2-1)*$D$4)*G155 -> 0.66666667 | U155: =($A155-2001)/((2-1)*$D$4)*G155+(2001+2*$D$4-$A155)/((2-1)*$D$4)*H155 -> 0 | V155: =($A155-2004)/((2-1)*$D$4)*H155+(2004+2*$D$4-$A155)/((2-1)*$D$4)*I155 -> 0 | W155: =($A155-2007)/((2-1)*$D$4)*I155+(2007+2*$D$4-$A155)/((2-1)*$D$4)*J155 -> 0 | X155: =($A155-2010)/((2-1)*$D$4)*J155+(2010+2*$D$4-$A155)/((2-1)*$D$4)*K155 -> 0 | Y155: =($A155-2013)/((2-1)*$D$4)*K155+(2013+2*$D$4-$A155)/((2-1)*$D$4)*L155 -> 0 | Z155: =($A155-2016)/((2-1)*$D$4)*L155+(2016+2*$D$4-$A155)/((2-1)*$D$4)*M155 -> 0 | AA155: =($A155-2019)/((2-1)*$D$4)*M155+(2019+2*$D$4-$A155)/((2-1)*$D$4)*N155 -> 0 | AB155: =($A155-2022)/((2-1)*$D$4)*N155+(2022+2*$D$4-$A155)/((2-1)*$D$4)*O155 -> 0 | AC155: =($A155-1986)/((3-1)*$D$4)*P155+(1986+3*$D$4-$A155)/((3-1)*$D$4)*Q155 -> 0 | AD155: =($A155-1989)/((3-1)*$D$4)*Q155+(1989+3*$D$4-$A155)/((3-1)*$D$4)*R155 -> 0 | AE155: =($A155-1992)/((3-1)*$D$4)*R155+(1992+3*$D$4-$A155)/((3-1)*$D$4)*S155 -> 0.055555556 | AF155: =($A155-1995)/((3-1)*$D$4)*S155+(1995+3*$D$4-$A155)/((3-1)*$D$4)*T155 -> 0.72222222 | AG155: =($A155-1998)/((3-1)*$D$4)*T155+(1998+3*$D$4-$A155)/((3-1)*$D$4)*U155 -> 0.22222222 | AH155: =($A155-2001)/((3-1)*$D$4)*U155+(2001+3*$D$4-$A155)/((3-1)*$D$4)*V155 -> 0 | AI155: =($A155-2004)/((3-1)*$D$4)*V155+(2004+3*$D$4-$A155)/((3-1)*$D$4)*W155 -> 0 | AJ155: =($A155-2007)/((3-1)*$D$4)*W155+(2007+3*$D$4-$A155)/((3-1)*$D$4)*X155 -> 0 | AK155: =($A155-2010)/((3-1)*$D$4)*X155+(2010+3*$D$4-$A155)/((3-1)*$D$4)*Y155 -> 0 | AL155: =($A155-2013)/((3-1)*$D$4)*Y155+(2013+3*$D$4-$A155)/((3-1)*$D$4)*Z155 -> 0 | AM155: =($A155-2016)/((3-1)*$D$4)*Z155+(2016+3*$D$4-$A155)/((3-1)*$D$4)*AA155 -> 0 | AN155: =($A155-2019)/((3-1)*$D$4)*AA155+(2019+3*$D$4-$A155)/((3-1)*$D$4)*AB155 -> 0 | AO155: =($A155-1986)/((4-1)*$D$4)*AC155+(1986+4*$D$4-$A155)/((4-1)*$D$4)*AD155 -> 0 | AP155: =($A155-1989)/((4-1)*$D$4)*AD155+(1989+4*$D$4-$A155)/((4-1)*$D$4)*AE155 -> 0.0061728395 | AQ155: =($A155-1992)/((4-1)*$D$4)*AE155+(1992+4*$D$4-$A155)/((4-1)*$D$4)*AF155 -> 0.37037037 | AR155: =($A155-1995)/((4-1)*$D$4)*AF155+(1995+4*$D$4-$A155)/((4-1)*$D$4)*AG155 -> 0.57407407 | AS155: =($A155-1998)/((4-1)*$D$4)*AG155+(1998+4*$D$4-$A155)/((4-1)*$D$4)*AH155 -> 0.049382716 | AT155: =($A155-2001)/((4-1)*$D$4)*AH155+(2001+4*$D$4-$A155)/((4-1)*$D$4)*AI155 -> 0 | AU155: =($A155-2004)/((4-1)*$D$4)*AI155+(2004+4*$D$4-$A155)/((4-1)*$D$4)*AJ155 -> 0 | AV155: =($A155-2007)/((4-1)*$D$4)*AJ155+(2007+4*$D$4-$A155)/((4-1)*$D$4)*AK155 -> 0 | AW155: =($A155-2010)/((4-1)*$D$4)*AK155+(2010+4*$D$4-$A155)/((4-1)*$D$4)*AL155 -> 0 | AX155: =($A155-2013)/((4-1)*$D$4)*AL155+(2013+4*$D$4-$A155)/((4-1)*$D$4)*AM155 -> 0 | AY155: =($A155-2016)/((4-1)*$D$4)*AM155+(2016+4*$D$4-$A155)/((4-1)*$D$4)*AN155 -> 0
A156: 2001 | B156: =IF(AND($A156>=1986,$A156<1989),1,0) -> 0 | C156: =IF(AND($A156>=1989,$A156<1992),1,0) -> 0 | D156: =IF(AND($A156>=1992,$A156<1995),1,0) -> 0 | E156: =IF(AND($A156>=1995,$A156<1998),1,0) -> 0 | F156: =IF(AND($A156>=1998,$A156<2001),1,0) -> 0 | G156: =IF(AND($A156>=2001,$A156<2004),1,0) -> 1 | H156: =IF(AND($A156>=2004,$A156<2007),1,0) -> 0 | I156: =IF(AND($A156>=2007,$A156<2010),1,0) -> 0 | J156: =IF(AND($A156>=2010,$A156<2013),1,0) -> 0 | K156: =IF(AND($A156>=2013,$A156<2016),1,0) -> 0 | L156: =IF(AND($A156>=2016,$A156<2019),1,0) -> 0 | M156: =IF(AND($A156>=2019,$A156<2022),1,0) -> 0 | N156: =IF(AND($A156>=2022,$A156<2025),1,0) -> 0 | O156: =IF(AND($A156>=2025,$A156<2028),1,0) -> 0 | P156: =($A156-1986)/((2-1)*$D$4)*B156+(1986+2*$D$4-$A156)/((2-1)*$D$4)*C156 -> 0 | Q156: =($A156-1989)/((2-1)*$D$4)*C156+(1989+2*$D$4-$A156)/((2-1)*$D$4)*D156 -> 0 | R156: =($A156-1992)/((2-1)*$D$4)*D156+(1992+2*$D$4-$A156)/((2-1)*$D$4)*E156 -> 0 | S156: =($A156-1995)/((2-1)*$D$4)*E156+(1995+2*$D$4-$A156)/((2-1)*$D$4)*F156 -> 0 | T156: =($A156-1998)/((2-1)*$D$4)*F156+(1998+2*$D$4-$A156)/((2-1)*$D$4)*G156 -> 1 | U156: =($A156-2001)/((2-1)*$D$4)*G156+(2001+2*$D$4-$A156)/((2-1)*$D$4)*H156 -> 0 | V156: =($A156-2004)/((2-1)*$D$4)*H156+(2004+2*$D$4-$A156)/((2-1)*$D$4)*I156 -> 0 | W156: =($A156-2007)/((2-1)*$D$4)*I156+(2007+2*$D$4-$A156)/((2-1)*$D$4)*J156 -> 0 | X156: =($A156-2010)/((2-1)*$D$4)*J156+(2010+2*$D$4-$A156)/((2-1)*$D$4)*K156 -> 0 | Y156: =($A156-2013)/((2-1)*$D$4)*K156+(2013+2*$D$4-$A156)/((2-1)*$D$4)*L156 -> 0 | Z156: =($A156-2016)/((2-1)*$D$4)*L156+(2016+2*$D$4-$A156)/((2-1)*$D$4)*M156 -> 0 | AA156: =($A156-2019)/((2-1)*$D$4)*M156+(2019+2*$D$4-$A156)/((2-1)*$D$4)*N156 -> 0 | AB156: =($A156-2022)/((2-1)*$D$4)*N156+(2022+2*$D$4-$A156)/((2-1)*$D$4)*O156 -> 0 | AC156: =($A156-1986)/((3-1)*$D$4)*P156+(1986+3*$D$4-$A156)/((3-1)*$D$4)*Q156 -> 0 | AD156: =($A156-1989)/((3-1)*$D$4)*Q156+(1989+3*$D$4-$A156)/((3-1)*$D$4)*R156 -> 0 | AE156: =($A156-1992)/((3-1)*$D$4)*R156+(1992+3*$D$4-$A156)/((3-1)*$D$4)*S156 -> 0 | AF156: =($A156-1995)/((3-1)*$D$4)*S156+(1995+3*$D$4-$A156)/((3-1)*$D$4)*T156 -> 0.5 | AG156: =($A156-1998)/((3-1)*$D$4)*T156+(1998+3*$D$4-$A156)/((3-1)*$D$4)*U156 -> 0.5 | AH156: =($A156-2001)/((3-1)*$D$4)*U156+(2001+3*$D$4-$A156)/((3-1)*$D$4)*V156 -> 0 | AI156: =($A156-2004)/((3-1)*$D$4)*V156+(2004+3*$D$4-$A156)/((3-1)*$D$4)*W156 -> 0 | AJ156: =($A156-2007)/((3-1)*$D$4)*W156+(2007+3*$D$4-$A156)/((3-1)*$D$4)*X156 -> 0 | AK156: =($A156-2010)/((3-1)*$D$4)*X156+(2010+3*$D$4-$A156)/((3-1)*$D$4)*Y156 -> 0 | AL156: =($A156-2013)/((3-1)*$D$4)*Y156+(2013+3*$D$4-$A156)/((3-1)*$D$4)*Z156 -> 0 | AM156: =($A156-2016)/((3-1)*$D$4)*Z156+(2016+3*$D$4-$A156)/((3-1)*$D$4)*AA156 -> 0 | AN156: =($A156-2019)/((3-1)*$D$4)*AA156+(2019+3*$D$4-$A156)/((3-1)*$D$4)*AB156 -> 0 | AO156: =($A156-1986)/((4-1)*$D$4)*AC156+(1986+4*$D$4-$A156)/((4-1)*$D$4)*AD156 -> 0 | AP156: =($A156-1989)/((4-1)*$D$4)*AD156+(1989+4*$D$4-$A156)/((4-1)*$D$4)*AE156 -> 0 | AQ156: =($A156-1992)/((4-1)*$D$4)*AE156+(1992+4*$D$4-$A156)/((4-1)*$D$4)*AF156 -> 0.16666667 | AR156: =($A156-1995)/((4-1)*$D$4)*AF156+(1995+4*$D$4-$A156)/((4-1)*$D$4)*AG156 -> 0.66666667 | AS156: =($A156-1998)/((4-1)*$D$4)*AG156+(1998+4*$D$4-$A156)/((4-1)*$D$4)*AH156 -> 0.16666667 | AT156: =($A156-2001)/((4-1)*$D$4)*AH156+(2001+4*$D$4-$A156)/((4-1)*$D$4)*AI156 -> 0 | AU156: =($A156-2004)/((4-1)*$D$4)*AI156+(2004+4*$D$4-$A156)/((4-1)*$D$4)*AJ156 -> 0 | AV156: =($A156-2007)/((4-1)*$D$4)*AJ156+(2007+4*$D$4-$A156)/((4-1)*$D$4)*AK156 -> 0 | AW156: =($A156-2010)/((4-1)*$D$4)*AK156+(2010+4*$D$4-$A156)/((4-1)*$D$4)*AL156 -> 0 | AX156: =($A156-2013)/((4-1)*$D$4)*AL156+(2013+4*$D$4-$A156)/((4-1)*$D$4)*AM156 -> 0 | AY156: =($A156-2016)/((4-1)*$D$4)*AM156+(2016+4*$D$4-$A156)/((4-1)*$D$4)*AN156 -> 0
A157: 2002 | B157: =IF(AND($A157>=1986,$A157<1989),1,0) -> 0 | C157: =IF(AND($A157>=1989,$A157<1992),1,0) -> 0 | D157: =IF(AND($A157>=1992,$A157<1995),1,0) -> 0 | E157: =IF(AND($A157>=1995,$A157<1998),1,0) -> 0 | F157: =IF(AND($A157>=1998,$A157<2001),1,0) -> 0 | G157: =IF(AND($A157>=2001,$A157<2004),1,0) -> 1 | H157: =IF(AND($A157>=2004,$A157<2007),1,0) -> 0 | I157: =IF(AND($A157>=2007,$A157<2010),1,0) -> 0 | J157: =IF(AND($A157>=2010,$A157<2013),1,0) -> 0 | K157: =IF(AND($A157>=2013,$A157<2016),1,0) -> 0 | L157: =IF(AND($A157>=2016,$A157<2019),1,0) -> 0 | M157: =IF(AND($A157>=2019,$A157<2022),1,0) -> 0 | N157: =IF(AND($A157>=2022,$A157<2025),1,0) -> 0 | O157: =IF(AND($A157>=2025,$A157<2028),1,0) -> 0 | P157: =($A157-1986)/((2-1)*$D$4)*B157+(1986+2*$D$4-$A157)/((2-1)*$D$4)*C157 -> 0 | Q157: =($A157-1989)/((2-1)*$D$4)*C157+(1989+2*$D$4-$A157)/((2-1)*$D$4)*D157 -> 0 | R157: =($A157-1992)/((2-1)*$D$4)*D157+(1992+2*$D$4-$A157)/((2-1)*$D$4)*E157 -> 0 | S157: =($A157-1995)/((2-1)*$D$4)*E157+(1995+2*$D$4-$A157)/((2-1)*$D$4)*F157 -> 0 | T157: =($A157-1998)/((2-1)*$D$4)*F157+(1998+2*$D$4-$A157)/((2-1)*$D$4)*G157 -> 0.66666667 | U157: =($A157-2001)/((2-1)*$D$4)*G157+(2001+2*$D$4-$A157)/((2-1)*$D$4)*H157 -> 0.33333333 | V157: =($A157-2004)/((2-1)*$D$4)*H157+(2004+2*$D$4-$A157)/((2-1)*$D$4)*I157 -> 0 | W157: =($A157-2007)/((2-1)*$D$4)*I157+(2007+2*$D$4-$A157)/((2-1)*$D$4)*J157 -> 0 | X157: =($A157-2010)/((2-1)*$D$4)*J157+(2010+2*$D$4-$A157)/((2-1)*$D$4)*K157 -> 0 | Y157: =($A157-2013)/((2-1)*$D$4)*K157+(2013+2*$D$4-$A157)/((2-1)*$D$4)*L157 -> 0 | Z157: =($A157-2016)/((2-1)*$D$4)*L157+(2016+2*$D$4-$A157)/((2-1)*$D$4)*M157 -> 0 | AA157: =($A157-2019)/((2-1)*$D$4)*M157+(2019+2*$D$4-$A157)/((2-1)*$D$4)*N157 -> 0 | AB157: =($A157-2022)/((2-1)*$D$4)*N157+(2022+2*$D$4-$A157)/((2-1)*$D$4)*O157 -> 0 | AC157: =($A157-1986)/((3-1)*$D$4)*P157+(1986+3*$D$4-$A157)/((3-1)*$D$4)*Q157 -> 0 | AD157: =($A157-1989)/((3-1)*$D$4)*Q157+(1989+3*$D$4-$A157)/((3-1)*$D$4)*R157 -> 0 | AE157: =($A157-1992)/((3-1)*$D$4)*R157+(1992+3*$D$4-$A157)/((3-1)*$D$4)*S157 -> 0 | AF157: =($A157-1995)/((3-1)*$D$4)*S157+(1995+3*$D$4-$A157)/((3-1)*$D$4)*T157 -> 0.22222222 | AG157: =($A157-1998)/((3-1)*$D$4)*T157+(1998+3*$D$4-$A157)/((3-1)*$D$4)*U157 -> 0.72222222 | AH157: =($A157-2001)/((3-1)*$D$4)*U157+(2001+3*$D$4-$A157)/((3-1)*$D$4)*V157 -> 0.055555556 | AI157: =($A157-2004)/((3-1)*$D$4)*V157+(2004+3*$D$4-$A157)/((3-1)*$D$4)*W157 -> 0 | AJ157: =($A157-2007)/((3-1)*$D$4)*W157+(2007+3*$D$4-$A157)/((3-1)*$D$4)*X157 -> 0 | AK157: =($A157-2010)/((3-1)*$D$4)*X157+(2010+3*$D$4-$A157)/((3-1)*$D$4)*Y157 -> 0 | AL157: =($A157-2013)/((3-1)*$D$4)*Y157+(2013+3*$D$4-$A157)/((3-1)*$D$4)*Z157 -> 0 | AM157: =($A157-2016)/((3-1)*$D$4)*Z157+(2016+3*$D$4-$A157)/((3-1)*$D$4)*AA157 -> 0 | AN157: =($A157-2019)/((3-1)*$D$4)*AA157+(2019+3*$D$4-$A157)/((3-1)*$D$4)*AB157 -> 0 | AO157: =($A157-1986)/((4-1)*$D$4)*AC157+(1986+4*$D$4-$A157)/((4-1)*$D$4)*AD157 -> 0 | AP157: =($A157-1989)/((4-1)*$D$4)*AD157+(1989+4*$D$4-$A157)/((4-1)*$D$4)*AE157 -> 0 | AQ157: =($A157-1992)/((4-1)*$D$4)*AE157+(1992+4*$D$4-$A157)/((4-1)*$D$4)*AF157 -> 0.049382716 | AR157: =($A157-1995)/((4-1)*$D$4)*AF157+(1995+4*$D$4-$A157)/((4-1)*$D$4)*AG157 -> 0.57407407 | AS157: =($A157-1998)/((4-1)*$D$4)*AG157+(1998+4*$D$4-$A157)/((4-1)*$D$4)*AH157 -> 0.37037037 | AT157: =($A157-2001)/((4-1)*$D$4)*AH157+(2001+4*$D$4-$A157)/((4-1)*$D$4)*AI157 -> 0.0061728395 | AU157: =($A157-2004)/((4-1)*$D$4)*AI157+(2004+4*$D$4-$A157)/((4-1)*$D$4)*AJ157 -> 0 | AV157: =($A157-2007)/((4-1)*$D$4)*AJ157+(2007+4*$D$4-$A157)/((4-1)*$D$4)*AK157 -> 0 | AW157: =($A157-2010)/((4-1)*$D$4)*AK157+(2010+4*$D$4-$A157)/((4-1)*$D$4)*AL157 -> 0 | AX157: =($A157-2013)/((4-1)*$D$4)*AL157+(2013+4*$D$4-$A157)/((4-1)*$D$4)*AM157 -> 0 | AY157: =($A157-2016)/((4-1)*$D$4)*AM157+(2016+4*$D$4-$A157)/((4-1)*$D$4)*AN157 -> 0
A158: 2003 | B158: =IF(AND($A158>=1986,$A158<1989),1,0) -> 0 | C158: =IF(AND($A158>=1989,$A158<1992),1,0) -> 0 | D158: =IF(AND($A158>=1992,$A158<1995),1,0) -> 0 | E158: =IF(AND($A158>=1995,$A158<1998),1,0) -> 0 | F158: =IF(AND($A158>=1998,$A158<2001),1,0) -> 0 | G158: =IF(AND($A158>=2001,$A158<2004),1,0) -> 1 | H158: =IF(AND($A158>=2004,$A158<2007),1,0) -> 0 | I158: =IF(AND($A158>=2007,$A158<2010),1,0) -> 0 | J158: =IF(AND($A158>=2010,$A158<2013),1,0) -> 0 | K158: =IF(AND($A158>=2013,$A158<2016),1,0) -> 0 | L158: =IF(AND($A158>=2016,$A158<2019),1,0) -> 0 | M158: =IF(AND($A158>=2019,$A158<2022),1,0) -> 0 | N158: =IF(AND($A158>=2022,$A158<2025),1,0) -> 0 | O158: =IF(AND($A158>=2025,$A158<2028),1,0) -> 0 | P158: =($A158-1986)/((2-1)*$D$4)*B158+(1986+2*$D$4-$A158)/((2-1)*$D$4)*C158 -> 0 | Q158: =($A158-1989)/((2-1)*$D$4)*C158+(1989+2*$D$4-$A158)/((2-1)*$D$4)*D158 -> 0 | R158: =($A158-1992)/((2-1)*$D$4)*D158+(1992+2*$D$4-$A158)/((2-1)*$D$4)*E158 -> 0 | S158: =($A158-1995)/((2-1)*$D$4)*E158+(1995+2*$D$4-$A158)/((2-1)*$D$4)*F158 -> 0 | T158: =($A158-1998)/((2-1)*$D$4)*F158+(1998+2*$D$4-$A158)/((2-1)*$D$4)*G158 -> 0.33333333 | U158: =($A158-2001)/((2-1)*$D$4)*G158+(2001+2*$D$4-$A158)/((2-1)*$D$4)*H158 -> 0.66666667 | V158: =($A158-2004)/((2-1)*$D$4)*H158+(2004+2*$D$4-$A158)/((2-1)*$D$4)*I158 -> 0 | W158: =($A158-2007)/((2-1)*$D$4)*I158+(2007+2*$D$4-$A158)/((2-1)*$D$4)*J158 -> 0 | X158: =($A158-2010)/((2-1)*$D$4)*J158+(2010+2*$D$4-$A158)/((2-1)*$D$4)*K158 -> 0 | Y158: =($A158-2013)/((2-1)*$D$4)*K158+(2013+2*$D$4-$A158)/((2-1)*$D$4)*L158 -> 0 | Z158: =($A158-2016)/((2-1)*$D$4)*L158+(2016+2*$D$4-$A158)/((2-1)*$D$4)*M158 -> 0 | AA158: =($A158-2019)/((2-1)*$D$4)*M158+(2019+2*$D$4-$A158)/((2-1)*$D$4)*N158 -> 0 | AB158: =($A158-2022)/((2-1)*$D$4)*N158+(2022+2*$D$4-$A158)/((2-1)*$D$4)*O158 -> 0 | AC158: =($A158-1986)/((3-1)*$D$4)*P158+(1986+3*$D$4-$A158)/((3-1)*$D$4)*Q158 -> 0 | AD158: =($A158-1989)/((3-1)*$D$4)*Q158+(1989+3*$D$4-$A158)/((3-1)*$D$4)*R158 -> 0 | AE158: =($A158-1992)/((3-1)*$D$4)*R158+(1992+3*$D$4-$A158)/((3-1)*$D$4)*S158 -> 0 | AF158: =($A158-1995)/((3-1)*$D$4)*S158+(1995+3*$D$4-$A158)/((3-1)*$D$4)*T158 -> 0.055555556 | AG158: =($A158-1998)/((3-1)*$D$4)*T158+(1998+3*$D$4-$A158)/((3-1)*$D$4)*U158 -> 0.72222222 | AH158: =($A158-2001)/((3-1)*$D$4)*U158+(2001+3*$D$4-$A158)/((3-1)*$D$4)*V158 -> 0.22222222 | AI158: =($A158-2004)/((3-1)*$D$4)*V158+(2004+3*$D$4-$A158)/((3-1)*$D$4)*W158 -> 0 | AJ158: =($A158-2007)/((3-1)*$D$4)*W158+(2007+3*$D$4-$A158)/((3-1)*$D$4)*X158 -> 0 | AK158: =($A158-2010)/((3-1)*$D$4)*X158+(2010+3*$D$4-$A158)/((3-1)*$D$4)*Y158 -> 0 | AL158: =($A158-2013)/((3-1)*$D$4)*Y158+(2013+3*$D$4-$A158)/((3-1)*$D$4)*Z158 -> 0 | AM158: =($A158-2016)/((3-1)*$D$4)*Z158+(2016+3*$D$4-$A158)/((3-1)*$D$4)*AA158 -> 0 | AN158: =($A158-2019)/((3-1)*$D$4)*AA158+(2019+3*$D$4-$A158)/((3-1)*$D$4)*AB158 -> 0 | AO158: =($A158-1986)/((4-1)*$D$4)*AC158+(1986+4*$D$4-$A158)/((4-1)*$D$4)*AD158 -> 0 | AP158: =($A158-1989)/((4-1)*$D$4)*AD158+(1989+4*$D$4-$A158)/((4-1)*$D$4)*AE158 -> 0 | AQ158: =($A158-1992)/((4-1)*$D$4)*AE158+(1992+4*$D$4-$A158)/((4-1)*$D$4)*AF158 -> 0.0061728395 | AR158: =($A158-1995)/((4-1)*$D$4)*AF158+(1995+4*$D$4-$A158)/((4-1)*$D$4)*AG158 -> 0.37037037 | AS158: =($A158-1998)/((4-1)*$D$4)*AG158+(1998+4*$D$4-$A158)/((4-1)*$D$4)*AH158 -> 0.57407407 | AT158: =($A158-2001)/((4-1)*$D$4)*AH158+(2001+4*$D$4-$A158)/((4-1)*$D$4)*AI158 -> 0.049382716 | AU158: =($A158-2004)/((4-1)*$D$4)*AI158+(2004+4*$D$4-$A158)/((4-1)*$D$4)*AJ158 -> 0 | AV158: =($A158-2007)/((4-1)*$D$4)*AJ158+(2007+4*$D$4-$A158)/((4-1)*$D$4)*AK158 -> 0 | AW158: =($A158-2010)/((4-1)*$D$4)*AK158+(2010+4*$D$4-$A158)/((4-1)*$D$4)*AL158 -> 0 | AX158: =($A158-2013)/((4-1)*$D$4)*AL158+(2013+4*$D$4-$A158)/((4-1)*$D$4)*AM158 -> 0 | AY158: =($A158-2016)/((4-1)*$D$4)*AM158+(2016+4*$D$4-$A158)/((4-1)*$D$4)*AN158 -> 0
A159: 2004 | B159: =IF(AND($A159>=1986,$A159<1989),1,0) -> 0 | C159: =IF(AND($A159>=1989,$A159<1992),1,0) -> 0 | D159: =IF(AND($A159>=1992,$A159<1995),1,0) -> 0 | E159: =IF(AND($A159>=1995,$A159<1998),1,0) -> 0 | F159: =IF(AND($A159>=1998,$A159<2001),1,0) -> 0 | G159: =IF(AND($A159>=2001,$A159<2004),1,0) -> 0 | H159: =IF(AND($A159>=2004,$A159<2007),1,0) -> 1 | I159: =IF(AND($A159>=2007,$A159<2010),1,0) -> 0 | J159: =IF(AND($A159>=2010,$A159<2013),1,0) -> 0 | K159: =IF(AND($A159>=2013,$A159<2016),1,0) -> 0 | L159: =IF(AND($A159>=2016,$A159<2019),1,0) -> 0 | M159: =IF(AND($A159>=2019,$A159<2022),1,0) -> 0 | N159: =IF(AND($A159>=2022,$A159<2025),1,0) -> 0 | O159: =IF(AND($A159>=2025,$A159<2028),1,0) -> 0 | P159: =($A159-1986)/((2-1)*$D$4)*B159+(1986+2*$D$4-$A159)/((2-1)*$D$4)*C159 -> 0 | Q159: =($A159-1989)/((2-1)*$D$4)*C159+(1989+2*$D$4-$A159)/((2-1)*$D$4)*D159 -> 0 | R159: =($A159-1992)/((2-1)*$D$4)*D159+(1992+2*$D$4-$A159)/((2-1)*$D$4)*E159 -> 0 | S159: =($A159-1995)/((2-1)*$D$4)*E159+(1995+2*$D$4-$A159)/((2-1)*$D$4)*F159 -> 0 | T159: =($A159-1998)/((2-1)*$D$4)*F159+(1998+2*$D$4-$A159)/((2-1)*$D$4)*G159 -> 0 | U159: =($A159-2001)/((2-1)*$D$4)*G159+(2001+2*$D$4-$A159)/((2-1)*$D$4)*H159 -> 1 | V159: =($A159-2004)/((2-1)*$D$4)*H159+(2004+2*$D$4-$A159)/((2-1)*$D$4)*I159 -> 0 | W159: =($A159-2007)/((2-1)*$D$4)*I159+(2007+2*$D$4-$A159)/((2-1)*$D$4)*J159 -> 0 | X159: =($A159-2010)/((2-1)*$D$4)*J159+(2010+2*$D$4-$A159)/((2-1)*$D$4)*K159 -> 0 | Y159: =($A159-2013)/((2-1)*$D$4)*K159+(2013+2*$D$4-$A159)/((2-1)*$D$4)*L159 -> 0 | Z159: =($A159-2016)/((2-1)*$D$4)*L159+(2016+2*$D$4-$A159)/((2-1)*$D$4)*M159 -> 0 | AA159: =($A159-2019)/((2-1)*$D$4)*M159+(2019+2*$D$4-$A159)/((2-1)*$D$4)*N159 -> 0 | AB159: =($A159-2022)/((2-1)*$D$4)*N159+(2022+2*$D$4-$A159)/((2-1)*$D$4)*O159 -> 0 | AC159: =($A159-1986)/((3-1)*$D$4)*P159+(1986+3*$D$4-$A159)/((3-1)*$D$4)*Q159 -> 0 | AD159: =($A159-1989)/((3-1)*$D$4)*Q159+(1989+3*$D$4-$A159)/((3-1)*$D$4)*R159 -> 0 | AE159: =($A159-1992)/((3-1)*$D$4)*R159+(1992+3*$D$4-$A159)/((3-1)*$D$4)*S159 -> 0 | AF159: =($A159-1995)/((3-1)*$D$4)*S159+(1995+3*$D$4-$A159)/((3-1)*$D$4)*T159 -> 0 | AG159: =($A159-1998)/((3-1)*$D$4)*T159+(1998+3*$D$4-$A159)/((3-1)*$D$4)*U159 -> 0.5 | AH159: =($A159-2001)/((3-1)*$D$4)*U159+(2001+3*$D$4-$A159)/((3-1)*$D$4)*V159 -> 0.5 | AI159: =($A159-2004)/((3-1)*$D$4)*V159+(2004+3*$D$4-$A159)/((3-1)*$D$4)*W159 -> 0 | AJ159: =($A159-2007)/((3-1)*$D$4)*W159+(2007+3*$D$4-$A159)/((3-1)*$D$4)*X159 -> 0 | AK159: =($A159-2010)/((3-1)*$D$4)*X159+(2010+3*$D$4-$A159)/((3-1)*$D$4)*Y159 -> 0 | AL159: =($A159-2013)/((3-1)*$D$4)*Y159+(2013+3*$D$4-$A159)/((3-1)*$D$4)*Z159 -> 0 | AM159: =($A159-2016)/((3-1)*$D$4)*Z159+(2016+3*$D$4-$A159)/((3-1)*$D$4)*AA159 -> 0 | AN159: =($A159-2019)/((3-1)*$D$4)*AA159+(2019+3*$D$4-$A159)/((3-1)*$D$4)*AB159 -> 0 | AO159: =($A159-1986)/((4-1)*$D$4)*AC159+(1986+4*$D$4-$A159)/((4-1)*$D$4)*AD159 -> 0 | AP159: =($A159-1989)/((4-1)*$D$4)*AD159+(1989+4*$D$4-$A159)/((4-1)*$D$4)*AE159 -> 0 | AQ159: =($A159-1992)/((4-1)*$D$4)*AE159+(1992+4*$D$4-$A159)/((4-1)*$D$4)*AF159 -> 0 | AR159: =($A159-1995)/((4-1)*$D$4)*AF159+(1995+4*$D$4-$A159)/((4-1)*$D$4)*AG159 -> 0.16666667 | AS159: =($A159-1998)/((4-1)*$D$4)*AG159+(1998+4*$D$4-$A159)/((4-1)*$D$4)*AH159 -> 0.66666667 | AT159: =($A159-2001)/((4-1)*$D$4)*AH159+(2001+4*$D$4-$A159)/((4-1)*$D$4)*AI159 -> 0.16666667 | AU159: =($A159-2004)/((4-1)*$D$4)*AI159+(2004+4*$D$4-$A159)/((4-1)*$D$4)*AJ159 -> 0 | AV159: =($A159-2007)/((4-1)*$D$4)*AJ159+(2007+4*$D$4-$A159)/((4-1)*$D$4)*AK159 -> 0 | AW159: =($A159-2010)/((4-1)*$D$4)*AK159+(2010+4*$D$4-$A159)/((4-1)*$D$4)*AL159 -> 0 | AX159: =($A159-2013)/((4-1)*$D$4)*AL159+(2013+4*$D$4-$A159)/((4-1)*$D$4)*AM159 -> 0 | AY159: =($A159-2016)/((4-1)*$D$4)*AM159+(2016+4*$D$4-$A159)/((4-1)*$D$4)*AN159 -> 0
A160: 2005 | B160: =IF(AND($A160>=1986,$A160<1989),1,0) -> 0 | C160: =IF(AND($A160>=1989,$A160<1992),1,0) -> 0 | D160: =IF(AND($A160>=1992,$A160<1995),1,0) -> 0 | E160: =IF(AND($A160>=1995,$A160<1998),1,0) -> 0 | F160: =IF(AND($A160>=1998,$A160<2001),1,0) -> 0 | G160: =IF(AND($A160>=2001,$A160<2004),1,0) -> 0 | H160: =IF(AND($A160>=2004,$A160<2007),1,0) -> 1 | I160: =IF(AND($A160>=2007,$A160<2010),1,0) -> 0 | J160: =IF(AND($A160>=2010,$A160<2013),1,0) -> 0 | K160: =IF(AND($A160>=2013,$A160<2016),1,0) -> 0 | L160: =IF(AND($A160>=2016,$A160<2019),1,0) -> 0 | M160: =IF(AND($A160>=2019,$A160<2022),1,0) -> 0 | N160: =IF(AND($A160>=2022,$A160<2025),1,0) -> 0 | O160: =IF(AND($A160>=2025,$A160<2028),1,0) -> 0 | P160: =($A160-1986)/((2-1)*$D$4)*B160+(1986+2*$D$4-$A160)/((2-1)*$D$4)*C160 -> 0 | Q160: =($A160-1989)/((2-1)*$D$4)*C160+(1989+2*$D$4-$A160)/((2-1)*$D$4)*D160 -> 0 | R160: =($A160-1992)/((2-1)*$D$4)*D160+(1992+2*$D$4-$A160)/((2-1)*$D$4)*E160 -> 0 | S160: =($A160-1995)/((2-1)*$D$4)*E160+(1995+2*$D$4-$A160)/((2-1)*$D$4)*F160 -> 0 | T160: =($A160-1998)/((2-1)*$D$4)*F160+(1998+2*$D$4-$A160)/((2-1)*$D$4)*G160 -> 0 | U160: =($A160-2001)/((2-1)*$D$4)*G160+(2001+2*$D$4-$A160)/((2-1)*$D$4)*H160 -> 0.66666667 | V160: =($A160-2004)/((2-1)*$D$4)*H160+(2004+2*$D$4-$A160)/((2-1)*$D$4)*I160 -> 0.33333333 | W160: =($A160-2007)/((2-1)*$D$4)*I160+(2007+2*$D$4-$A160)/((2-1)*$D$4)*J160 -> 0 | X160: =($A160-2010)/((2-1)*$D$4)*J160+(2010+2*$D$4-$A160)/((2-1)*$D$4)*K160 -> 0 | Y160: =($A160-2013)/((2-1)*$D$4)*K160+(2013+2*$D$4-$A160)/((2-1)*$D$4)*L160 -> 0 | Z160: =($A160-2016)/((2-1)*$D$4)*L160+(2016+2*$D$4-$A160)/((2-1)*$D$4)*M160 -> 0 | AA160: =($A160-2019)/((2-1)*$D$4)*M160+(2019+2*$D$4-$A160)/((2-1)*$D$4)*N160 -> 0 | AB160: =($A160-2022)/((2-1)*$D$4)*N160+(2022+2*$D$4-$A160)/((2-1)*$D$4)*O160 -> 0 | AC160: =($A160-1986)/((3-1)*$D$4)*P160+(1986+3*$D$4-$A160)/((3-1)*$D$4)*Q160 -> 0 | AD160: =($A160-1989)/((3-1)*$D$4)*Q160+(1989+3*$D$4-$A160)/((3-1)*$D$4)*R160 -> 0 | AE160: =($A160-1992)/((3-1)*$D$4)*R160+(1992+3*$D$4-$A160)/((3-1)*$D$4)*S160 -> 0 | AF160: =($A160-1995)/((3-1)*$D$4)*S160+(1995+3*$D$4-$A160)/((3-1)*$D$4)*T160 -> 0 | AG160: =($A160-1998)/((3-1)*$D$4)*T160+(1998+3*$D$4-$A160)/((3-1)*$D$4)*U160 -> 0.22222222 | AH160: =($A160-2001)/((3-1)*$D$4)*U160+(2001+3*$D$4-$A160)/((3-1)*$D$4)*V160 -> 0.72222222 | AI160: =($A160-2004)/((3-1)*$D$4)*V160+(2004+3*$D$4-$A160)/((3-1)*$D$4)*W160 -> 0.055555556 | AJ160: =($A160-2007)/((3-1)*$D$4)*W160+(2007+3*$D$4-$A160)/((3-1)*$D$4)*X160 -> 0 | AK160: =($A160-2010)/((3-1)*$D$4)*X160+(2010+3*$D$4-$A160)/((3-1)*$D$4)*Y160 -> 0 | AL160: =($A160-2013)/((3-1)*$D$4)*Y160+(2013+3*$D$4-$A160)/((3-1)*$D$4)*Z160 -> 0 | AM160: =($A160-2016)/((3-1)*$D$4)*Z160+(2016+3*$D$4-$A160)/((3-1)*$D$4)*AA160 -> 0 | AN160: =($A160-2019)/((3-1)*$D$4)*AA160+(2019+3*$D$4-$A160)/((3-1)*$D$4)*AB160 -> 0 | AO160: =($A160-1986)/((4-1)*$D$4)*AC160+(1986+4*$D$4-$A160)/((4-1)*$D$4)*AD160 -> 0 | AP160: =($A160-1989)/((4-1)*$D$4)*AD160+(1989+4*$D$4-$A160)/((4-1)*$D$4)*AE160 -> 0 | AQ160: =($A160-1992)/((4-1)*$D$4)*AE160+(1992+4*$D$4-$A160)/((4-1)*$D$4)*AF160 -> 0 | AR160: =($A160-1995)/((4-1)*$D$4)*AF160+(1995+4*$D$4-$A160)/((4-1)*$D$4)*AG160 -> 0.049382716 | AS160: =($A160-1998)/((4-1)*$D$4)*AG160+(1998+4*$D$4-$A160)/((4-1)*$D$4)*AH160 -> 0.57407407 | AT160: =($A160-2001)/((4-1)*$D$4)*AH160+(2001+4*$D$4-$A160)/((4-1)*$D$4)*AI160 -> 0.37037037 | AU160: =($A160-2004)/((4-1)*$D$4)*AI160+(2004+4*$D$4-$A160)/((4-1)*$D$4)*AJ160 -> 0.0061728395 | AV160: =($A160-2007)/((4-1)*$D$4)*AJ160+(2007+4*$D$4-$A160)/((4-1)*$D$4)*AK160 -> 0 | AW160: =($A160-2010)/((4-1)*$D$4)*AK160+(2010+4*$D$4-$A160)/((4-1)*$D$4)*AL160 -> 0 | AX160: =($A160-2013)/((4-1)*$D$4)*AL160+(2013+4*$D$4-$A160)/((4-1)*$D$4)*AM160 -> 0 | AY160: =($A160-2016)/((4-1)*$D$4)*AM160+(2016+4*$D$4-$A160)/((4-1)*$D$4)*AN160 -> 0
A161: 2006 | B161: =IF(AND($A161>=1986,$A161<1989),1,0) -> 0 | C161: =IF(AND($A161>=1989,$A161<1992),1,0) -> 0 | D161: =IF(AND($A161>=1992,$A161<1995),1,0) -> 0 | E161: =IF(AND($A161>=1995,$A161<1998),1,0) -> 0 | F161: =IF(AND($A161>=1998,$A161<2001),1,0) -> 0 | G161: =IF(AND($A161>=2001,$A161<2004),1,0) -> 0 | H161: =IF(AND($A161>=2004,$A161<2007),1,0) -> 1 | I161: =IF(AND($A161>=2007,$A161<2010),1,0) -> 0 | J161: =IF(AND($A161>=2010,$A161<2013),1,0) -> 0 | K161: =IF(AND($A161>=2013,$A161<2016),1,0) -> 0 | L161: =IF(AND($A161>=2016,$A161<2019),1,0) -> 0 | M161: =IF(AND($A161>=2019,$A161<2022),1,0) -> 0 | N161: =IF(AND($A161>=2022,$A161<2025),1,0) -> 0 | O161: =IF(AND($A161>=2025,$A161<2028),1,0) -> 0 | P161: =($A161-1986)/((2-1)*$D$4)*B161+(1986+2*$D$4-$A161)/((2-1)*$D$4)*C161 -> 0 | Q161: =($A161-1989)/((2-1)*$D$4)*C161+(1989+2*$D$4-$A161)/((2-1)*$D$4)*D161 -> 0 | R161: =($A161-1992)/((2-1)*$D$4)*D161+(1992+2*$D$4-$A161)/((2-1)*$D$4)*E161 -> 0 | S161: =($A161-1995)/((2-1)*$D$4)*E161+(1995+2*$D$4-$A161)/((2-1)*$D$4)*F161 -> 0 | T161: =($A161-1998)/((2-1)*$D$4)*F161+(1998+2*$D$4-$A161)/((2-1)*$D$4)*G161 -> 0 | U161: =($A161-2001)/((2-1)*$D$4)*G161+(2001+2*$D$4-$A161)/((2-1)*$D$4)*H161 -> 0.33333333 | V161: =($A161-2004)/((2-1)*$D$4)*H161+(2004+2*$D$4-$A161)/((2-1)*$D$4)*I161 -> 0.66666667 | W161: =($A161-2007)/((2-1)*$D$4)*I161+(2007+2*$D$4-$A161)/((2-1)*$D$4)*J161 -> 0 | X161: =($A161-2010)/((2-1)*$D$4)*J161+(2010+2*$D$4-$A161)/((2-1)*$D$4)*K161 -> 0 | Y161: =($A161-2013)/((2-1)*$D$4)*K161+(2013+2*$D$4-$A161)/((2-1)*$D$4)*L161 -> 0 | Z161: =($A161-2016)/((2-1)*$D$4)*L161+(2016+2*$D$4-$A161)/((2-1)*$D$4)*M161 -> 0 | AA161: =($A161-2019)/((2-1)*$D$4)*M161+(2019+2*$D$4-$A161)/((2-1)*$D$4)*N161 -> 0 | AB161: =($A161-2022)/((2-1)*$D$4)*N161+(2022+2*$D$4-$A161)/((2-1)*$D$4)*O161 -> 0 | AC161: =($A161-1986)/((3-1)*$D$4)*P161+(1986+3*$D$4-$A161)/((3-1)*$D$4)*Q161 -> 0 | AD161: =($A161-1989)/((3-1)*$D$4)*Q161+(1989+3*$D$4-$A161)/((3-1)*$D$4)*R161 -> 0 | AE161: =($A161-1992)/((3-1)*$D$4)*R161+(1992+3*$D$4-$A161)/((3-1)*$D$4)*S161 -> 0 | AF161: =($A161-1995)/((3-1)*$D$4)*S161+(1995+3*$D$4-$A161)/((3-1)*$D$4)*T161 -> 0 | AG161: =($A161-1998)/((3-1)*$D$4)*T161+(1998+3*$D$4-$A161)/((3-1)*$D$4)*U161 -> 0.055555556 | AH161: =($A161-2001)/((3-1)*$D$4)*U161+(2001+3*$D$4-$A161)/((3-1)*$D$4)*V161 -> 0.72222222 | AI161: =($A161-2004)/((3-1)*$D$4)*V161+(2004+3*$D$4-$A161)/((3-1)*$D$4)*W161 -> 0.22222222 | AJ161: =($A161-2007)/((3-1)*$D$4)*W161+(2007+3*$D$4-$A161)/((3-1)*$D$4)*X161 -> 0 | AK161: =($A161-2010)/((3-1)*$D$4)*X161+(2010+3*$D$4-$A161)/((3-1)*$D$4)*Y161 -> 0 | AL161: =($A161-2013)/((3-1)*$D$4)*Y161+(2013+3*$D$4-$A161)/((3-1)*$D$4)*Z161 -> 0 | AM161: =($A161-2016)/((3-1)*$D$4)*Z161+(2016+3*$D$4-$A161)/((3-1)*$D$4)*AA161 -> 0 | AN161: =($A161-2019)/((3-1)*$D$4)*AA161+(2019+3*$D$4-$A161)/((3-1)*$D$4)*AB161 -> 0 | AO161: =($A161-1986)/((4-1)*$D$4)*AC161+(1986+4*$D$4-$A161)/((4-1)*$D$4)*AD161 -> 0 | AP161: =($A161-1989)/((4-1)*$D$4)*AD161+(1989+4*$D$4-$A161)/((4-1)*$D$4)*AE161 -> 0 | AQ161: =($A161-1992)/((4-1)*$D$4)*AE161+(1992+4*$D$4-$A161)/((4-1)*$D$4)*AF161 -> 0 | AR161: =($A161-1995)/((4-1)*$D$4)*AF161+(1995+4*$D$4-$A161)/((4-1)*$D$4)*AG161 -> 0.0061728395 | AS161: =($A161-1998)/((4-1)*$D$4)*AG161+(1998+4*$D$4-$A161)/((4-1)*$D$4)*AH161 -> 0.37037037 | AT161: =($A161-2001)/((4-1)*$D$4)*AH161+(2001+4*$D$4-$A161)/((4-1)*$D$4)*AI161 -> 0.57407407 | AU161: =($A161-2004)/((4-1)*$D$4)*AI161+(2004+4*$D$4-$A161)/((4-1)*$D$4)*AJ161 -> 0.049382716 | AV161: =($A161-2007)/((4-1)*$D$4)*AJ161+(2007+4*$D$4-$A161)/((4-1)*$D$4)*AK161 -> 0 | AW161: =($A161-2010)/((4-1)*$D$4)*AK161+(2010+4*$D$4-$A161)/((4-1)*$D$4)*AL161 -> 0 | AX161: =($A161-2013)/((4-1)*$D$4)*AL161+(2013+4*$D$4-$A161)/((4-1)*$D$4)*AM161 -> 0 | AY161: =($A161-2016)/((4-1)*$D$4)*AM161+(2016+4*$D$4-$A161)/((4-1)*$D$4)*AN161 -> 0
... A174: 2019 | B174: =IF(AND($A174>=1986,$A174<1989),1,0) -> 0 | C174: =IF(AND($A174>=1989,$A174<1992),1,0) -> 0 | D174: =IF(AND($A174>=1992,$A174<1995),1,0) -> 0 | E174: =IF(AND($A174>=1995,$A174<1998),1,0) -> 0 | F174: =IF(AND($A174>=1998,$A174<2001),1,0) -> 0 | G174: =IF(AND($A174>=2001,$A174<2004),1,0) -> 0 | H174: =IF(AND($A174>=2004,$A174<2007),1,0) -> 0 | I174: =IF(AND($A174>=2007,$A174<2010),1,0) -> 0 | J174: =IF(AND($A174>=2010,$A174<2013),1,0) -> 0 | K174: =IF(AND($A174>=2013,$A174<2016),1,0) -> 0 | L174: =IF(AND($A174>=2016,$A174<2019),1,0) -> 0 | M174: =IF(AND($A174>=2019,$A174<2022),1,0) -> 1 | N174: =IF(AND($A174>=2022,$A174<2025),1,0) -> 0 | O174: =IF(AND($A174>=2025,$A174<2028),1,0) -> 0 | P174: =($A174-1986)/((2-1)*$D$4)*B174+(1986+2*$D$4-$A174)/((2-1)*$D$4)*C174 -> 0 | Q174: =($A174-1989)/((2-1)*$D$4)*C174+(1989+2*$D$4-$A174)/((2-1)*$D$4)*D174 -> 0 | R174: =($A174-1992)/((2-1)*$D$4)*D174+(1992+2*$D$4-$A174)/((2-1)*$D$4)*E174 -> 0 | S174: =($A174-1995)/((2-1)*$D$4)*E174+(1995+2*$D$4-$A174)/((2-1)*$D$4)*F174 -> 0 | T174: =($A174-1998)/((2-1)*$D$4)*F174+(1998+2*$D$4-$A174)/((2-1)*$D$4)*G174 -> 0 | U174: =($A174-2001)/((2-1)*$D$4)*G174+(2001+2*$D$4-$A174)/((2-1)*$D$4)*H174 -> 0 | V174: =($A174-2004)/((2-1)*$D$4)*H174+(2004+2*$D$4-$A174)/((2-1)*$D$4)*I174 -> 0 | W174: =($A174-2007)/((2-1)*$D$4)*I174+(2007+2*$D$4-$A174)/((2-1)*$D$4)*J174 -> 0 | X174: =($A174-2010)/((2-1)*$D$4)*J174+(2010+2*$D$4-$A174)/((2-1)*$D$4)*K174 -> 0 | Y174: =($A174-2013)/((2-1)*$D$4)*K174+(2013+2*$D$4-$A174)/((2-1)*$D$4)*L174 -> 0 | Z174: =($A174-2016)/((2-1)*$D$4)*L174+(2016+2*$D$4-$A174)/((2-1)*$D$4)*M174 -> 1 | AA174: =($A174-2019)/((2-1)*$D$4)*M174+(2019+2*$D$4-$A174)/((2-1)*$D$4)*N174 -> 0 | AB174: =($A174-2022)/((2-1)*$D$4)*N174+(2022+2*$D$4-$A174)/((2-1)*$D$4)*O174 -> 0 | AC174: =($A174-1986)/((3-1)*$D$4)*P174+(1986+3*$D$4-$A174)/((3-1)*$D$4)*Q174 -> 0 | AD174: =($A174-1989)/((3-1)*$D$4)*Q174+(1989+3*$D$4-$A174)/((3-1)*$D$4)*R174 -> 0 | AE174: =($A174-1992)/((3-1)*$D$4)*R174+(1992+3*$D$4-$A174)/((3-1)*$D$4)*S174 -> 0 | AF174: =($A174-1995)/((3-1)*$D$4)*S174+(1995+3*$D$4-$A174)/((3-1)*$D$4)*T174 -> 0 | AG174: =($A174-1998)/((3-1)*$D$4)*T174+(1998+3*$D$4-$A174)/((3-1)*$D$4)*U174 -> 0 | AH174: =($A174-2001)/((3-1)*$D$4)*U174+(2001+3*$D$4-$A174)/((3-1)*$D$4)*V174 -> 0 | AI174: =($A174-2004)/((3-1)*$D$4)*V174+(2004+3*$D$4-$A174)/((3-1)*$D$4)*W174 -> 0 | AJ174: =($A174-2007)/((3-1)*$D$4)*W174+(2007+3*$D$4-$A174)/((3-1)*$D$4)*X174 -> 0 | AK174: =($A174-2010)/((3-1)*$D$4)*X174+(2010+3*$D$4-$A174)/((3-1)*$D$4)*Y174 -> 0 | AL174: =($A174-2013)/((3-1)*$D$4)*Y174+(2013+3*$D$4-$A174)/((3-1)*$D$4)*Z174 -> 0.5 | AM174: =($A174-2016)/((3-1)*$D$4)*Z174+(2016+3*$D$4-$A174)/((3-1)*$D$4)*AA174 -> 0.5 | AN174: =($A174-2019)/((3-1)*$D$4)*AA174+(2019+3*$D$4-$A174)/((3-1)*$D$4)*AB174 -> 0 | AO174: =($A174-1986)/((4-1)*$D$4)*AC174+(1986+4*$D$4-$A174)/((4-1)*$D$4)*AD174 -> 0 | AP174: =($A174-1989)/((4-1)*$D$4)*AD174+(1989+4*$D$4-$A174)/((4-1)*$D$4)*AE174 -> 0 | AQ174: =($A174-1992)/((4-1)*$D$4)*AE174+(1992+4*$D$4-$A174)/((4-1)*$D$4)*AF174 -> 0 | AR174: =($A174-1995)/((4-1)*$D$4)*AF174+(1995+4*$D$4-$A174)/((4-1)*$D$4)*AG174 -> 0 | AS174: =($A174-1998)/((4-1)*$D$4)*AG174+(1998+4*$D$4-$A174)/((4-1)*$D$4)*AH174 -> 0 | AT174: =($A174-2001)/((4-1)*$D$4)*AH174+(2001+4*$D$4-$A174)/((4-1)*$D$4)*AI174 -> 0 | AU174: =($A174-2004)/((4-1)*$D$4)*AI174+(2004+4*$D$4-$A174)/((4-1)*$D$4)*AJ174 -> 0 | AV174: =($A174-2007)/((4-1)*$D$4)*AJ174+(2007+4*$D$4-$A174)/((4-1)*$D$4)*AK174 -> 0 | AW174: =($A174-2010)/((4-1)*$D$4)*AK174+(2010+4*$D$4-$A174)/((4-1)*$D$4)*AL174 -> 0.16666667 | AX174: =($A174-2013)/((4-1)*$D$4)*AL174+(2013+4*$D$4-$A174)/((4-1)*$D$4)*AM174 -> 0.66666667 | AY174: =($A174-2016)/((4-1)*$D$4)*AM174+(2016+4*$D$4-$A174)/((4-1)*$D$4)*AN174 -> 0.16666667
A180: Projection rule: continue coefficient trends with Δ²theta=0, i.e. theta_j=2*theta_(j−1)−theta_(j−2), starting from the final two estimated coefficients. Then evaluate the same cubic basis sum to obtain log mortality and use EXP to recover the mortality rate. Penalty and SSE use estimated coefficients/training data only.
A182: Formula locations: A8:F32 rates/residuals; H15:L25 coefficients and differences; rows 71 onward design matrix; rows 91 onward normal equations; rows 111 onward D₂; rows 150–174 Cox–de Boor orders 1–4. Full-precision values are retained.
A184: Solver reproduction (optional, same objective): first copy fitted theta cells I15:I20 and paste VALUES in place; minimise I10 by changing only those fitted theta cells; GRG Nonlinear, automatic scaling, no constraints, unrestricted signs. The saved matrix formulas already solve this exact quadratic objective.

Sheet Q2(c)_M2
A1: Q2(c): M2 with annual knots
A2: Fit only the stated training observations. Cubic B-splines have order 4 and support [t_j,t_j+4h). Observed/output rates are annual central death rates (per person-year). The response and fitted coefficients are on the natural-log mortality scale; knot locations are calendar years.
A4: lambda | B4: 1 | C4: Knot step h | D4: 1
A5: Log-scale objective: L=SSE+(lambda/2)*SUM((theta_j−2*theta_(j−1)+theta_(j−2))^2). Normal equations: [BᵀB+(lambda/2)D₂ᵀD₂]theta=BᵀLN(m). SSE=SUM((LN(m)−B*theta)^2). No nonnegativity constraint, tuning, or extra penalty is used.
A7: Year | B7: Observed rate | C7: Fitted / projected | D7: Period | E7: Training residual | F7: Log residual² | G7: Fitted / projected LN(m)
A8: 1995 | B8: ='M_70_t'!B2 -> 0.00085662921 | C8: =EXP(G8) -> 0.00084301756 | D8: Fitted | E8: =LN(B8)-G8 -> 0.016017381 | F8: =E8^2 -> 0.00025655649 | G8: {=MMULT(CK150:DK150,$I$15:$I$41)} -> -7.0785228 | H8: SSE | I8: =SUM(F8:F17) -> 0.052886243
A9: 1996 | B9: ='M_70_t'!B3 -> 0.00082999933 | C9: =EXP(G9) -> 0.00084087505 | D9: Fitted | E9: =LN(B9)-G9 -> -0.013018184 | F9: =E9^2 -> 0.00016947312 | G9: {=MMULT(CK151:DK151,$I$15:$I$41)} -> -7.0810675 | H9: Penalty (estimated theta only) | I9: =SUM(K17:K26) -> 0.012804924
A10: 1997 | B10: ='M_70_t'!B4 -> 0.00080999953 | C10: =EXP(G10) -> 0.00085782785 | D10: Fitted | E10: =LN(B10)-G10 -> -0.057369768 | F10: =E10^2 -> 0.0032912903 | G10: {=MMULT(CK152:DK152,$I$15:$I$41)} -> -7.0611071 | H10: L = SSE + lambda/2*Penalty | I10: =I8+$B$4/2*I9 -> 0.059288704
A11: 1998 | B11: ='M_70_t'!B5 -> 0.00097750974 | C11: =EXP(G11) -> 0.00088477982 | D11: Fitted | E11: =LN(B11)-G11 -> 0.099669436 | F11: =E11^2 -> 0.0099339965 | G11: {=MMULT(CK153:DK153,$I$15:$I$41)} -> -7.0301717
A12: 1999 | B12: ='M_70_t'!B6 -> 0.00078849179 | C12: =EXP(G12) -> 0.00088983283 | D12: Fitted | E12: =LN(B12)-G12 -> -0.12091161 | F12: =E12^2 -> 0.014619618 | G12: {=MMULT(CK154:DK154,$I$15:$I$41)} -> -7.0244769
A13: 2000 | B13: ='M_70_t'!B7 -> 0.00099667191 | C13: =EXP(G13) -> 0.00086510202 | D13: Fitted | E13: =LN(B13)-G13 -> 0.1415742 | F13: =E13^2 -> 0.020043255 | G13: {=MMULT(CK155:DK155,$I$15:$I$41)} -> -7.0526631
A14: 2001 | B14: ='M_70_t'!B8 -> 0.00075112818 | C14: =EXP(G14) -> 0.00079031773 | D14: Fitted | E14: =LN(B14)-G14 -> -0.050858734 | F14: =E14^2 -> 0.0025866108 | G14: {=MMULT(CK156:DK156,$I$15:$I$41)} -> -7.1430755 | H14: Coefficient knot | I14: theta | J14: Second difference | K14: Squared difference | L14: Status
A15: 2002 | B15: ='M_70_t'!B9 -> 0.0007042875 | C15: =EXP(G15) -> 0.000707654 | D15: Fitted | E15: =LN(B15)-G15 -> -0.004768617 | F15: =E15^2 -> 2.2739708e-05 | G15: {=MMULT(CK157:DK157,$I$15:$I$41)} -> -7.2535553 | H15: 1992 | I15: {=INDEX(MMULT(MINVERSE($C$91:$N$102),$P$91:$P$102),1,1)} -> -7.0678027 | L15: Estimated
A16: 2003 | B16: ='M_70_t'!B10 -> 0.00062560882 | C16: =EXP(G16) -> 0.00064858288 | D16: Fitted | E16: =LN(B16)-G16 -> -0.036064508 | F16: =E16^2 -> 0.0013006488 | G16: {=MMULT(CK158:DK158,$I$15:$I$41)} -> -7.3407208 | H16: 1993 | I16: {=INDEX(MMULT(MINVERSE($C$91:$N$102),$P$91:$P$102),2,1)} -> -7.0794126 | L16: Estimated
A17: 2004 | B17: ='M_70_t'!B11 -> 0.00063014139 | C17: =EXP(G17) -> 0.00061413442 | D17: Fitted | E17: =LN(B17)-G17 -> 0.025730404 | F17: =E17^2 -> 0.00066205367 | G17: {=MMULT(CK159:DK159,$I$15:$I$41)} -> -7.3952967 | H17: 1994 | I17: {=INDEX(MMULT(MINVERSE($C$91:$N$102),$P$91:$P$102),3,1)} -> -7.0856834 | J17: =I17-2*I16+I15 -> 0.0053391269 | K17: =J17^2 -> 2.8506276e-05 | L17: Estimated
A18: 2005 | B18: ='M_70_t'!B12 -> 0.00058383424 | C18: =EXP(G18) -> 0.0005887072 | D18: Projected | G18: {=MMULT(CK160:DK160,$I$15:$I$41)} -> -7.4375816 | H18: 1995 | I18: {=INDEX(MMULT(MINVERSE($C$91:$N$102),$P$91:$P$102),4,1)} -> -7.0642588 | J18: =I18-2*I17+I16 -> 0.027695367 | K18: =J18^2 -> 0.00076703334 | L18: Estimated
A19: 2006 | B19: ='M_70_t'!B13 -> 0.00049907285 | C19: =EXP(G19) -> 0.00056514002 | D19: Projected | G19: {=MMULT(CK161:DK161,$I$15:$I$41)} -> -7.478437 | H19: 1996 | I19: {=INDEX(MMULT(MINVERSE($C$91:$N$102),$P$91:$P$102),5,1)} -> -7.0239243 | J19: =I19-2*I18+I17 -> 0.018909898 | K19: =J19^2 -> 0.00035758426 | L19: Estimated
A20: 2007 | B20: ='M_70_t'!B14 -> 0.0005624154 | C20: =EXP(G20) -> 0.00054251629 | D20: Projected | G20: {=MMULT(CK162:DK162,$I$15:$I$41)} -> -7.5192924 | H20: 1997 | I20: {=INDEX(MMULT(MINVERSE($C$91:$N$102),$P$91:$P$102),6,1)} -> -7.0210746 | J20: =I20-2*I19+I18 -> -0.037484844 | K20: =J20^2 -> 0.0014051135 | L20: Estimated
A21: 2008 | B21: ='M_70_t'!B15 -> 0.00056619808 | C21: =EXP(G21) -> 0.00052079823 | D21: Projected | G21: {=MMULT(CK163:DK163,$I$15:$I$41)} -> -7.5601479 | H21: 1998 | I21: {=INDEX(MMULT(MINVERSE($C$91:$N$102),$P$91:$P$102),7,1)} -> -7.0386391 | J21: =I21-2*I20+I19 -> -0.020414131 | K21: =J21^2 -> 0.00041673676 | L21: Estimated
A22: 2009 | B22: ='M_70_t'!B16 -> 0.00054060672 | C22: =EXP(G22) -> 0.0004999496 | D22: Projected | G22: {=MMULT(CK164:DK164,$I$15:$I$41)} -> -7.6010033 | H22: 1999 | I22: {=INDEX(MMULT(MINVERSE($C$91:$N$102),$P$91:$P$102),8,1)} -> -7.1403479 | J22: =I22-2*I21+I20 -> -0.084144356 | K22: =J22^2 -> 0.0070802726 | L22: Estimated
A23: 2010 | B23: ='M_70_t'!B17 -> 0.00048500736 | C23: =EXP(G23) -> 0.00047993557 | D23: Projected | G23: {=MMULT(CK165:DK165,$I$15:$I$41)} -> -7.6418587 | H23: 2000 | I23: {=INDEX(MMULT(MINVERSE($C$91:$N$102),$P$91:$P$102),9,1)} -> -7.2584225 | J23: =I23-2*I22+I21 -> -0.016365757 | K23: =J23^2 -> 0.000267838 | L23: Estimated
A24: 2011 | B24: ='M_70_t'!B18 -> 0.00052495861 | C24: =EXP(G24) -> 0.00046072275 | D24: Projected | G24: {=MMULT(CK166:DK166,$I$15:$I$41)} -> -7.6827141 | H24: 2001 | I24: {=INDEX(MMULT(MINVERSE($C$91:$N$102),$P$91:$P$102),10,1)} -> -7.347294 | J24: =I24-2*I23+I22 -> 0.029203059 | K24: =J24^2 -> 0.00085281864 | L24: Estimated
A25: 2012 | B25: ='M_70_t'!B19 -> 0.00044495933 | C25: =EXP(G25) -> 0.00044227906 | D25: Projected | G25: {=MMULT(CK167:DK167,$I$15:$I$41)} -> -7.7235695 | H25: 2002 | I25: {=INDEX(MMULT(MINVERSE($C$91:$N$102),$P$91:$P$102),11,1)} -> -7.3967262 | J25: =I25-2*I24+I23 -> 0.039439304 | K25: =J25^2 -> 0.0015554587 | L25: Estimated
A26: 2013 | B26: ='M_70_t'!B20 -> 0.00041112307 | C26: =EXP(G26) -> 0.00042457371 | D26: Projected | G26: {=MMULT(CK168:DK168,$I$15:$I$41)} -> -7.7644249 | H26: 2003 | I26: {=INDEX(MMULT(MINVERSE($C$91:$N$102),$P$91:$P$102),12,1)} -> -7.4375816 | J26: =I26-2*I25+I24 -> 0.0085768012 | K26: =J26^2 -> 7.3561519e-05 | L26: Estimated
A27: 2014 | B27: ='M_70_t'!B21 -> 0.00044881582 | C27: =EXP(G27) -> 0.00040757714 | D27: Projected | G27: {=MMULT(CK169:DK169,$I$15:$I$41)} -> -7.8052803 | H27: 2004 | I27: =2*I26-I25 -> -7.478437 | J27: =I27-2*I26+I25 -> 0 | K27: =J27^2 -> 0 | L27: Projected: Δ²theta=0
A28: 2015 | B28: ='M_70_t'!B22 -> 0.00040681103 | C28: =EXP(G28) -> 0.00039126098 | D28: Projected | G28: {=MMULT(CK170:DK170,$I$15:$I$41)} -> -7.8461358 | H28: 2005 | I28: =2*I27-I26 -> -7.5192924 | J28: =I28-2*I27+I26 -> 0 | K28: =J28^2 -> 0 | L28: Projected: Δ²theta=0
A29: 2016 | B29: ='M_70_t'!B23 -> 0.00049105418 | C29: =EXP(G29) -> 0.00037559798 | D29: Projected | G29: {=MMULT(CK171:DK171,$I$15:$I$41)} -> -7.8869912 | H29: 2006 | I29: =2*I28-I27 -> -7.5601479 | J29: =I29-2*I28+I27 -> 0 | K29: =J29^2 -> 0 | L29: Projected: Δ²theta=0
A30: 2017 | B30: ='M_70_t'!B24 -> 0.00046002433 | C30: =EXP(G30) -> 0.00036056202 | D30: Projected | G30: {=MMULT(CK172:DK172,$I$15:$I$41)} -> -7.9278466 | H30: 2007 | I30: =2*I29-I28 -> -7.6010033 | J30: =I30-2*I29+I28 -> 0 | K30: =J30^2 -> 0 | L30: Projected: Δ²theta=0
A31: 2018 | B31: ='M_70_t'!B25 -> 0.0004166418 | C31: =EXP(G31) -> 0.00034612797 | D31: Projected | G31: {=MMULT(CK173:DK173,$I$15:$I$41)} -> -7.968702 | H31: 2008 | I31: =2*I30-I29 -> -7.6418587 | J31: =I31-2*I30+I29 -> 0 | K31: =J31^2 -> 0 | L31: Projected: Δ²theta=0
A32: 2019 | B32: ='M_70_t'!B26 -> 0.00044343997 | C32: =EXP(G32) -> 0.00033227174 | D32: Projected | G32: {=MMULT(CK174:DK174,$I$15:$I$41)} -> -8.0095574 | H32: 2009 | I32: =2*I31-I30 -> -7.6827141 | J32: =I32-2*I31+I30 -> 0 | K32: =J32^2 -> 0 | L32: Projected: Δ²theta=0
H33: 2010 | I33: =2*I32-I31 -> -7.7235695 | J33: =I33-2*I32+I31 -> 0 | K33: =J33^2 -> 0 | L33: Projected: Δ²theta=0
H34: 2011 | I34: =2*I33-I32 -> -7.7644249 | J34: =I34-2*I33+I32 -> 0 | K34: =J34^2 -> 0 | L34: Projected: Δ²theta=0
H35: 2012 | I35: =2*I34-I33 -> -7.8052803 | J35: =I35-2*I34+I33 -> 0 | K35: =J35^2 -> 0 | L35: Projected: Δ²theta=0
H36: 2013 | I36: =2*I35-I34 -> -7.8461358 | J36: =I36-2*I35+I34 -> 0 | K36: =J36^2 -> 0 | L36: Projected: Δ²theta=0
H37: 2014 | I37: =2*I36-I35 -> -7.8869912 | J37: =I37-2*I36+I35 -> 0 | K37: =J37^2 -> 0 | L37: Projected: Δ²theta=0
H38: 2015 | I38: =2*I37-I36 -> -7.9278466 | J38: =I38-2*I37+I36 -> 0 | K38: =J38^2 -> 0 | L38: Projected: Δ²theta=0
H39: 2016 | I39: =2*I38-I37 -> -7.968702 | J39: =I39-2*I38+I37 -> 0 | K39: =J39^2 -> 0 | L39: Projected: Δ²theta=0
H40: 2017 | I40: =2*I39-I38 -> -8.0095574 | J40: =I40-2*I39+I38 -> 0 | K40: =J40^2 -> 0 | L40: Projected: Δ²theta=0
H41: 2018 | I41: =2*I40-I39 -> -8.0504128 | J41: =I41-2*I40+I39 -> 0 | K41: =J41^2 -> 0 | L41: Projected: Δ²theta=0
A68: Training design matrix B and response y=LN(m) (training years only)
A70: Training year | B70: y = LN(m) | C70: B1992,4 | D70: B1993,4 | E70: B1994,4 | F70: B1995,4 | G70: B1996,4 | H70: B1997,4 | I70: B1998,4 | J70: B1999,4 | K70: B2000,4 | L70: B2001,4 | M70: B2002,4 | N70: B2003,4
A71: 1995 | B71: =LN('M_70_t'!B2) -> -7.0625054 | C71: =CK150 -> 0.16666667 | D71: =CL150 -> 0.66666667 | E71: =CM150 -> 0.16666667 | F71: =CN150 -> 0 | G71: =CO150 -> 0 | H71: =CP150 -> 0 | I71: =CQ150 -> 0 | J71: =CR150 -> 0 | ... N71: =CV150 -> 0
A72: 1996 | B72: =LN('M_70_t'!B3) -> -7.0940857 | C72: =CK151 -> 0 | D72: =CL151 -> 0.16666667 | E72: =CM151 -> 0.66666667 | F72: =CN151 -> 0.16666667 | G72: =CO151 -> 0 | H72: =CP151 -> 0 | I72: =CQ151 -> 0 | J72: =CR151 -> 0 | ... N72: =CV151 -> 0
A73: 1997 | B73: =LN('M_70_t'!B4) -> -7.1184769 | C73: =CK152 -> 0 | D73: =CL152 -> 0 | E73: =CM152 -> 0.16666667 | F73: =CN152 -> 0.66666667 | G73: =CO152 -> 0.16666667 | H73: =CP152 -> 0 | I73: =CQ152 -> 0 | J73: =CR152 -> 0 | ... N73: =CV152 -> 0
A74: 1998 | B74: =LN('M_70_t'!B5) -> -6.9305023 | C74: =CK153 -> 0 | D74: =CL153 -> 0 | E74: =CM153 -> 0 | F74: =CN153 -> 0.16666667 | G74: =CO153 -> 0.66666667 | H74: =CP153 -> 0.16666667 | I74: =CQ153 -> 0 | J74: =CR153 -> 0 | ... N74: =CV153 -> 0
A75: 1999 | B75: =LN('M_70_t'!B6) -> -7.1453886 | C75: =CK154 -> 0 | D75: =CL154 -> 0 | E75: =CM154 -> 0 | F75: =CN154 -> 0 | G75: =CO154 -> 0.16666667 | H75: =CP154 -> 0.66666667 | I75: =CQ154 -> 0.16666667 | J75: =CR154 -> 0 | ... N75: =CV154 -> 0
A76: 2000 | B76: =LN('M_70_t'!B7) -> -6.9110889 | C76: =CK155 -> 0 | D76: =CL155 -> 0 | E76: =CM155 -> 0 | F76: =CN155 -> 0 | G76: =CO155 -> 0 | H76: =CP155 -> 0.16666667 | I76: =CQ155 -> 0.66666667 | J76: =CR155 -> 0.16666667 | ... N76: =CV155 -> 0
A77: 2001 | B77: =LN('M_70_t'!B8) -> -7.1939342 | C77: =CK156 -> 0 | D77: =CL156 -> 0 | E77: =CM156 -> 0 | F77: =CN156 -> 0 | G77: =CO156 -> 0 | H77: =CP156 -> 0 | I77: =CQ156 -> 0.16666667 | J77: =CR156 -> 0.66666667 | ... N77: =CV156 -> 0
A78: 2002 | B78: =LN('M_70_t'!B9) -> -7.2583239 | C78: =CK157 -> 0 | D78: =CL157 -> 0 | E78: =CM157 -> 0 | F78: =CN157 -> 0 | G78: =CO157 -> 0 | H78: =CP157 -> 0 | I78: =CQ157 -> 0 | J78: =CR157 -> 0.16666667 | ... N78: =CV157 -> 0
A79: 2003 | B79: =LN('M_70_t'!B10) -> -7.3767853 | C79: =CK158 -> 0 | D79: =CL158 -> 0 | E79: =CM158 -> 0 | F79: =CN158 -> 0 | G79: =CO158 -> 0 | H79: =CP158 -> 0 | I79: =CQ158 -> 0 | J79: =CR158 -> 0 | ... N79: =CV158 -> 0
A80: 2004 | B80: =LN('M_70_t'!B11) -> -7.3695663 | C80: =CK159 -> 0 | D80: =CL159 -> 0 | E80: =CM159 -> 0 | F80: =CN159 -> 0 | G80: =CO159 -> 0 | H80: =CP159 -> 0 | I80: =CQ159 -> 0 | J80: =CR159 -> 0 | ... N80: =CV159 -> 0.16666667
A88: Penalised normal matrix G = BᵀB + (lambda/2)D₂ᵀD₂, and RHS = Bᵀy
C90: 1992 | D90: 1993 | E90: 1994 | F90: 1995 | G90: 1996 | H90: 1997 | I90: 1998 | J90: 1999 | K90: 2000 | L90: 2001 | M90: 2002 | N90: 2003 | P90: Bᵀy
A91: 1992 | C91: =SUMPRODUCT(C$71:C$80,C$71:C$80)+$B$4/2*SUMPRODUCT(C$111:C$120,C$111:C$120) -> 0.52777778 | D91: =SUMPRODUCT(C$71:C$80,D$71:D$80)+$B$4/2*SUMPRODUCT(C$111:C$120,D$111:D$120) -> -0.88888889 | E91: =SUMPRODUCT(C$71:C$80,E$71:E$80)+$B$4/2*SUMPRODUCT(C$111:C$120,E$111:E$120) -> 0.52777778 | F91: =SUMPRODUCT(C$71:C$80,F$71:F$80)+$B$4/2*SUMPRODUCT(C$111:C$120,F$111:F$120) -> 0 | G91: =SUMPRODUCT(C$71:C$80,G$71:G$80)+$B$4/2*SUMPRODUCT(C$111:C$120,G$111:G$120) -> 0 | H91: =SUMPRODUCT(C$71:C$80,H$71:H$80)+$B$4/2*SUMPRODUCT(C$111:C$120,H$111:H$120) -> 0 | I91: =SUMPRODUCT(C$71:C$80,I$71:I$80)+$B$4/2*SUMPRODUCT(C$111:C$120,I$111:I$120) -> 0 | J91: =SUMPRODUCT(C$71:C$80,J$71:J$80)+$B$4/2*SUMPRODUCT(C$111:C$120,J$111:J$120) -> 0 | K91: =SUMPRODUCT(C$71:C$80,K$71:K$80)+$B$4/2*SUMPRODUCT(C$111:C$120,K$111:K$120) -> 0 | L91: =SUMPRODUCT(C$71:C$80,L$71:L$80)+$B$4/2*SUMPRODUCT(C$111:C$120,L$111:L$120) -> 0 | M91: =SUMPRODUCT(C$71:C$80,M$71:M$80)+$B$4/2*SUMPRODUCT(C$111:C$120,M$111:M$120) -> 0 | N91: =SUMPRODUCT(C$71:C$80,N$71:N$80)+$B$4/2*SUMPRODUCT(C$111:C$120,N$111:N$120) -> 0 | P91: =SUMPRODUCT(C$71:C$80,$B$71:$B$80) -> -1.1770842
A92: 1993 | C92: =SUMPRODUCT(D$71:D$80,C$71:C$80)+$B$4/2*SUMPRODUCT(D$111:D$120,C$111:C$120) -> -0.88888889 | D92: =SUMPRODUCT(D$71:D$80,D$71:D$80)+$B$4/2*SUMPRODUCT(D$111:D$120,D$111:D$120) -> 2.9722222 | E92: =SUMPRODUCT(D$71:D$80,E$71:E$80)+$B$4/2*SUMPRODUCT(D$111:D$120,E$111:E$120) -> -1.7777778 | F92: =SUMPRODUCT(D$71:D$80,F$71:F$80)+$B$4/2*SUMPRODUCT(D$111:D$120,F$111:F$120) -> 0.52777778 | G92: =SUMPRODUCT(D$71:D$80,G$71:G$80)+$B$4/2*SUMPRODUCT(D$111:D$120,G$111:G$120) -> 0 | H92: =SUMPRODUCT(D$71:D$80,H$71:H$80)+$B$4/2*SUMPRODUCT(D$111:D$120,H$111:H$120) -> 0 | I92: =SUMPRODUCT(D$71:D$80,I$71:I$80)+$B$4/2*SUMPRODUCT(D$111:D$120,I$111:I$120) -> 0 | J92: =SUMPRODUCT(D$71:D$80,J$71:J$80)+$B$4/2*SUMPRODUCT(D$111:D$120,J$111:J$120) -> 0 | K92: =SUMPRODUCT(D$71:D$80,K$71:K$80)+$B$4/2*SUMPRODUCT(D$111:D$120,K$111:K$120) -> 0 | L92: =SUMPRODUCT(D$71:D$80,L$71:L$80)+$B$4/2*SUMPRODUCT(D$111:D$120,L$111:L$120) -> 0 | M92: =SUMPRODUCT(D$71:D$80,M$71:M$80)+$B$4/2*SUMPRODUCT(D$111:D$120,M$111:M$120) -> 0 | N92: =SUMPRODUCT(D$71:D$80,N$71:N$80)+$B$4/2*SUMPRODUCT(D$111:D$120,N$111:N$120) -> 0 | P92: =SUMPRODUCT(D$71:D$80,$B$71:$B$80) -> -5.8906845
A93: 1994 | C93: =SUMPRODUCT(E$71:E$80,C$71:C$80)+$B$4/2*SUMPRODUCT(E$111:E$120,C$111:C$120) -> 0.52777778 | D93: =SUMPRODUCT(E$71:E$80,D$71:D$80)+$B$4/2*SUMPRODUCT(E$111:E$120,D$111:D$120) -> -1.7777778 | E93: =SUMPRODUCT(E$71:E$80,E$71:E$80)+$B$4/2*SUMPRODUCT(E$111:E$120,E$111:E$120) -> 3.5 | F93: =SUMPRODUCT(E$71:E$80,F$71:F$80)+$B$4/2*SUMPRODUCT(E$111:E$120,F$111:F$120) -> -1.7777778 | G93: =SUMPRODUCT(E$71:E$80,G$71:G$80)+$B$4/2*SUMPRODUCT(E$111:E$120,G$111:G$120) -> 0.52777778 | H93: =SUMPRODUCT(E$71:E$80,H$71:H$80)+$B$4/2*SUMPRODUCT(E$111:E$120,H$111:H$120) -> 0 | I93: =SUMPRODUCT(E$71:E$80,I$71:I$80)+$B$4/2*SUMPRODUCT(E$111:E$120,I$111:I$120) -> 0 | J93: =SUMPRODUCT(E$71:E$80,J$71:J$80)+$B$4/2*SUMPRODUCT(E$111:E$120,J$111:J$120) -> 0 | K93: =SUMPRODUCT(E$71:E$80,K$71:K$80)+$B$4/2*SUMPRODUCT(E$111:E$120,K$111:K$120) -> 0 | L93: =SUMPRODUCT(E$71:E$80,L$71:L$80)+$B$4/2*SUMPRODUCT(E$111:E$120,L$111:L$120) -> 0 | M93: =SUMPRODUCT(E$71:E$80,M$71:M$80)+$B$4/2*SUMPRODUCT(E$111:E$120,M$111:M$120) -> 0 | N93: =SUMPRODUCT(E$71:E$80,N$71:N$80)+$B$4/2*SUMPRODUCT(E$111:E$120,N$111:N$120) -> 0 | P93: =SUMPRODUCT(E$71:E$80,$B$71:$B$80) -> -7.0928875
A94: 1995 | C94: =SUMPRODUCT(F$71:F$80,C$71:C$80)+$B$4/2*SUMPRODUCT(F$111:F$120,C$111:C$120) -> 0 | D94: =SUMPRODUCT(F$71:F$80,D$71:D$80)+$B$4/2*SUMPRODUCT(F$111:F$120,D$111:D$120) -> 0.52777778 | E94: =SUMPRODUCT(F$71:F$80,E$71:E$80)+$B$4/2*SUMPRODUCT(F$111:F$120,E$111:E$120) -> -1.7777778 | F94: =SUMPRODUCT(F$71:F$80,F$71:F$80)+$B$4/2*SUMPRODUCT(F$111:F$120,F$111:F$120) -> 3.5 | G94: =SUMPRODUCT(F$71:F$80,G$71:G$80)+$B$4/2*SUMPRODUCT(F$111:F$120,G$111:G$120) -> -1.7777778 | H94: =SUMPRODUCT(F$71:F$80,H$71:H$80)+$B$4/2*SUMPRODUCT(F$111:F$120,H$111:H$120) -> 0.52777778 | I94: =SUMPRODUCT(F$71:F$80,I$71:I$80)+$B$4/2*SUMPRODUCT(F$111:F$120,I$111:I$120) -> 0 | J94: =SUMPRODUCT(F$71:F$80,J$71:J$80)+$B$4/2*SUMPRODUCT(F$111:F$120,J$111:J$120) -> 0 | K94: =SUMPRODUCT(F$71:F$80,K$71:K$80)+$B$4/2*SUMPRODUCT(F$111:F$120,K$111:K$120) -> 0 | L94: =SUMPRODUCT(F$71:F$80,L$71:L$80)+$B$4/2*SUMPRODUCT(F$111:F$120,L$111:L$120) -> 0 | M94: =SUMPRODUCT(F$71:F$80,M$71:M$80)+$B$4/2*SUMPRODUCT(F$111:F$120,M$111:M$120) -> 0 | N94: =SUMPRODUCT(F$71:F$80,N$71:N$80)+$B$4/2*SUMPRODUCT(F$111:F$120,N$111:N$120) -> 0 | P94: =SUMPRODUCT(F$71:F$80,$B$71:$B$80) -> -7.0830826
A95: 1996 | C95: =SUMPRODUCT(G$71:G$80,C$71:C$80)+$B$4/2*SUMPRODUCT(G$111:G$120,C$111:C$120) -> 0 | D95: =SUMPRODUCT(G$71:G$80,D$71:D$80)+$B$4/2*SUMPRODUCT(G$111:G$120,D$111:D$120) -> 0 | E95: =SUMPRODUCT(G$71:G$80,E$71:E$80)+$B$4/2*SUMPRODUCT(G$111:G$120,E$111:E$120) -> 0.52777778 | F95: =SUMPRODUCT(G$71:G$80,F$71:F$80)+$B$4/2*SUMPRODUCT(G$111:G$120,F$111:F$120) -> -1.7777778 | G95: =SUMPRODUCT(G$71:G$80,G$71:G$80)+$B$4/2*SUMPRODUCT(G$111:G$120,G$111:G$120) -> 3.5 | H95: =SUMPRODUCT(G$71:G$80,H$71:H$80)+$B$4/2*SUMPRODUCT(G$111:G$120,H$111:H$120) -> -1.7777778 | I95: =SUMPRODUCT(G$71:G$80,I$71:I$80)+$B$4/2*SUMPRODUCT(G$111:G$120,I$111:I$120) -> 0.52777778 | J95: =SUMPRODUCT(G$71:G$80,J$71:J$80)+$B$4/2*SUMPRODUCT(G$111:G$120,J$111:J$120) -> 0 | K95: =SUMPRODUCT(G$71:G$80,K$71:K$80)+$B$4/2*SUMPRODUCT(G$111:G$120,K$111:K$120) -> 0 | L95: =SUMPRODUCT(G$71:G$80,L$71:L$80)+$B$4/2*SUMPRODUCT(G$111:G$120,L$111:L$120) -> 0 | M95: =SUMPRODUCT(G$71:G$80,M$71:M$80)+$B$4/2*SUMPRODUCT(G$111:G$120,M$111:M$120) -> 0 | N95: =SUMPRODUCT(G$71:G$80,N$71:N$80)+$B$4/2*SUMPRODUCT(G$111:G$120,N$111:N$120) -> 0 | P95: =SUMPRODUCT(G$71:G$80,$B$71:$B$80) -> -6.9976458
A96: 1997 | C96: =SUMPRODUCT(H$71:H$80,C$71:C$80)+$B$4/2*SUMPRODUCT(H$111:H$120,C$111:C$120) -> 0 | D96: =SUMPRODUCT(H$71:H$80,D$71:D$80)+$B$4/2*SUMPRODUCT(H$111:H$120,D$111:D$120) -> 0 | E96: =SUMPRODUCT(H$71:H$80,E$71:E$80)+$B$4/2*SUMPRODUCT(H$111:H$120,E$111:E$120) -> 0 | F96: =SUMPRODUCT(H$71:H$80,F$71:F$80)+$B$4/2*SUMPRODUCT(H$111:H$120,F$111:F$120) -> 0.52777778 | G96: =SUMPRODUCT(H$71:H$80,G$71:G$80)+$B$4/2*SUMPRODUCT(H$111:H$120,G$111:G$120) -> -1.7777778 | H96: =SUMPRODUCT(H$71:H$80,H$71:H$80)+$B$4/2*SUMPRODUCT(H$111:H$120,H$111:H$120) -> 3.5 | I96: =SUMPRODUCT(H$71:H$80,I$71:I$80)+$B$4/2*SUMPRODUCT(H$111:H$120,I$111:I$120) -> -1.7777778 | J96: =SUMPRODUCT(H$71:H$80,J$71:J$80)+$B$4/2*SUMPRODUCT(H$111:H$120,J$111:J$120) -> 0.52777778 | K96: =SUMPRODUCT(H$71:H$80,K$71:K$80)+$B$4/2*SUMPRODUCT(H$111:H$120,K$111:K$120) -> 0 | L96: =SUMPRODUCT(H$71:H$80,L$71:L$80)+$B$4/2*SUMPRODUCT(H$111:H$120,L$111:L$120) -> 0 | M96: =SUMPRODUCT(H$71:H$80,M$71:M$80)+$B$4/2*SUMPRODUCT(H$111:H$120,M$111:M$120) -> 0 | N96: =SUMPRODUCT(H$71:H$80,N$71:N$80)+$B$4/2*SUMPRODUCT(H$111:H$120,N$111:N$120) -> 0 | P96: =SUMPRODUCT(H$71:H$80,$B$71:$B$80) -> -7.0705242
A97: 1998 | C97: =SUMPRODUCT(I$71:I$80,C$71:C$80)+$B$4/2*SUMPRODUCT(I$111:I$120,C$111:C$120) -> 0 | D97: =SUMPRODUCT(I$71:I$80,D$71:D$80)+$B$4/2*SUMPRODUCT(I$111:I$120,D$111:D$120) -> 0 | E97: =SUMPRODUCT(I$71:I$80,E$71:E$80)+$B$4/2*SUMPRODUCT(I$111:I$120,E$111:E$120) -> 0 | F97: =SUMPRODUCT(I$71:I$80,F$71:F$80)+$B$4/2*SUMPRODUCT(I$111:I$120,F$111:F$120) -> 0 | G97: =SUMPRODUCT(I$71:I$80,G$71:G$80)+$B$4/2*SUMPRODUCT(I$111:I$120,G$111:G$120) -> 0.52777778 | H97: =SUMPRODUCT(I$71:I$80,H$71:H$80)+$B$4/2*SUMPRODUCT(I$111:I$120,H$111:H$120) -> -1.7777778 | I97: =SUMPRODUCT(I$71:I$80,I$71:I$80)+$B$4/2*SUMPRODUCT(I$111:I$120,I$111:I$120) -> 3.5 | J97: =SUMPRODUCT(I$71:I$80,J$71:J$80)+$B$4/2*SUMPRODUCT(I$111:I$120,J$111:J$120) -> -1.7777778 | K97: =SUMPRODUCT(I$71:I$80,K$71:K$80)+$B$4/2*SUMPRODUCT(I$111:I$120,K$111:K$120) -> 0.52777778 | L97: =SUMPRODUCT(I$71:I$80,L$71:L$80)+$B$4/2*SUMPRODUCT(I$111:I$120,L$111:L$120) -> 0 | M97: =SUMPRODUCT(I$71:I$80,M$71:M$80)+$B$4/2*SUMPRODUCT(I$111:I$120,M$111:M$120) -> 0 | N97: =SUMPRODUCT(I$71:I$80,N$71:N$80)+$B$4/2*SUMPRODUCT(I$111:I$120,N$111:N$120) -> 0 | P97: =SUMPRODUCT(I$71:I$80,$B$71:$B$80) -> -6.9972797
A98: 1999 | C98: =SUMPRODUCT(J$71:J$80,C$71:C$80)+$B$4/2*SUMPRODUCT(J$111:J$120,C$111:C$120) -> 0 | D98: =SUMPRODUCT(J$71:J$80,D$71:D$80)+$B$4/2*SUMPRODUCT(J$111:J$120,D$111:D$120) -> 0 | E98: =SUMPRODUCT(J$71:J$80,E$71:E$80)+$B$4/2*SUMPRODUCT(J$111:J$120,E$111:E$120) -> 0 | F98: =SUMPRODUCT(J$71:J$80,F$71:F$80)+$B$4/2*SUMPRODUCT(J$111:J$120,F$111:F$120) -> 0 | G98: =SUMPRODUCT(J$71:J$80,G$71:G$80)+$B$4/2*SUMPRODUCT(J$111:J$120,G$111:G$120) -> 0 | H98: =SUMPRODUCT(J$71:J$80,H$71:H$80)+$B$4/2*SUMPRODUCT(J$111:J$120,H$111:H$120) -> 0.52777778 | I98: =SUMPRODUCT(J$71:J$80,I$71:I$80)+$B$4/2*SUMPRODUCT(J$111:J$120,I$111:I$120) -> -1.7777778 | J98: =SUMPRODUCT(J$71:J$80,J$71:J$80)+$B$4/2*SUMPRODUCT(J$111:J$120,J$111:J$120) -> 3.5 | K98: =SUMPRODUCT(J$71:J$80,K$71:K$80)+$B$4/2*SUMPRODUCT(J$111:J$120,K$111:K$120) -> -1.7777778 | L98: =SUMPRODUCT(J$71:J$80,L$71:L$80)+$B$4/2*SUMPRODUCT(J$111:J$120,L$111:L$120) -> 0.52777778 | M98: =SUMPRODUCT(J$71:J$80,M$71:M$80)+$B$4/2*SUMPRODUCT(J$111:J$120,M$111:M$120) -> 0 | N98: =SUMPRODUCT(J$71:J$80,N$71:N$80)+$B$4/2*SUMPRODUCT(J$111:J$120,N$111:N$120) -> 0 | P98: =SUMPRODUCT(J$71:J$80,$B$71:$B$80) -> -7.157525
A99: 2000 | C99: =SUMPRODUCT(K$71:K$80,C$71:C$80)+$B$4/2*SUMPRODUCT(K$111:K$120,C$111:C$120) -> 0 | D99: =SUMPRODUCT(K$71:K$80,D$71:D$80)+$B$4/2*SUMPRODUCT(K$111:K$120,D$111:D$120) -> 0 | E99: =SUMPRODUCT(K$71:K$80,E$71:E$80)+$B$4/2*SUMPRODUCT(K$111:K$120,E$111:E$120) -> 0 | F99: =SUMPRODUCT(K$71:K$80,F$71:F$80)+$B$4/2*SUMPRODUCT(K$111:K$120,F$111:F$120) -> 0 | G99: =SUMPRODUCT(K$71:K$80,G$71:G$80)+$B$4/2*SUMPRODUCT(K$111:K$120,G$111:G$120) -> 0 | H99: =SUMPRODUCT(K$71:K$80,H$71:H$80)+$B$4/2*SUMPRODUCT(K$111:K$120,H$111:H$120) -> 0 | I99: =SUMPRODUCT(K$71:K$80,I$71:I$80)+$B$4/2*SUMPRODUCT(K$111:K$120,I$111:I$120) -> 0.52777778 | J99: =SUMPRODUCT(K$71:K$80,J$71:J$80)+$B$4/2*SUMPRODUCT(K$111:K$120,J$111:J$120) -> -1.7777778 | K99: =SUMPRODUCT(K$71:K$80,K$71:K$80)+$B$4/2*SUMPRODUCT(K$111:K$120,K$111:K$120) -> 3.5 | L99: =SUMPRODUCT(K$71:K$80,L$71:L$80)+$B$4/2*SUMPRODUCT(K$111:K$120,L$111:L$120) -> -1.7777778 | M99: =SUMPRODUCT(K$71:K$80,M$71:M$80)+$B$4/2*SUMPRODUCT(K$111:K$120,M$111:M$120) -> 0.52777778 | N99: =SUMPRODUCT(K$71:K$80,N$71:N$80)+$B$4/2*SUMPRODUCT(K$111:K$120,N$111:N$120) -> 0 | P99: =SUMPRODUCT(K$71:K$80,$B$71:$B$80) -> -7.2673359
A100: 2001 | C100: =SUMPRODUCT(L$71:L$80,C$71:C$80)+$B$4/2*SUMPRODUCT(L$111:L$120,C$111:C$120) -> 0 | D100: =SUMPRODUCT(L$71:L$80,D$71:D$80)+$B$4/2*SUMPRODUCT(L$111:L$120,D$111:D$120) -> 0 | E100: =SUMPRODUCT(L$71:L$80,E$71:E$80)+$B$4/2*SUMPRODUCT(L$111:L$120,E$111:E$120) -> 0 | F100: =SUMPRODUCT(L$71:L$80,F$71:F$80)+$B$4/2*SUMPRODUCT(L$111:L$120,F$111:F$120) -> 0 | G100: =SUMPRODUCT(L$71:L$80,G$71:G$80)+$B$4/2*SUMPRODUCT(L$111:L$120,G$111:G$120) -> 0 | H100: =SUMPRODUCT(L$71:L$80,H$71:H$80)+$B$4/2*SUMPRODUCT(L$111:L$120,H$111:H$120) -> 0 | I100: =SUMPRODUCT(L$71:L$80,I$71:I$80)+$B$4/2*SUMPRODUCT(L$111:L$120,I$111:I$120) -> 0 | J100: =SUMPRODUCT(L$71:L$80,J$71:J$80)+$B$4/2*SUMPRODUCT(L$111:L$120,J$111:J$120) -> 0.52777778 | K100: =SUMPRODUCT(L$71:L$80,K$71:K$80)+$B$4/2*SUMPRODUCT(L$111:L$120,K$111:K$120) -> -1.7777778 | L100: =SUMPRODUCT(L$71:L$80,L$71:L$80)+$B$4/2*SUMPRODUCT(L$111:L$120,L$111:L$120) -> 3.5 | M100: =SUMPRODUCT(L$71:L$80,M$71:M$80)+$B$4/2*SUMPRODUCT(L$111:L$120,M$111:M$120) -> -1.7777778 | N100: =SUMPRODUCT(L$71:L$80,N$71:N$80)+$B$4/2*SUMPRODUCT(L$111:L$120,N$111:N$120) -> 0.52777778 | P100: =SUMPRODUCT(L$71:L$80,$B$71:$B$80) -> -7.3558386
A101: 2002 | C101: =SUMPRODUCT(M$71:M$80,C$71:C$80)+$B$4/2*SUMPRODUCT(M$111:M$120,C$111:C$120) -> 0 | D101: =SUMPRODUCT(M$71:M$80,D$71:D$80)+$B$4/2*SUMPRODUCT(M$111:M$120,D$111:D$120) -> 0 | E101: =SUMPRODUCT(M$71:M$80,E$71:E$80)+$B$4/2*SUMPRODUCT(M$111:M$120,E$111:E$120) -> 0 | F101: =SUMPRODUCT(M$71:M$80,F$71:F$80)+$B$4/2*SUMPRODUCT(M$111:M$120,F$111:F$120) -> 0 | G101: =SUMPRODUCT(M$71:M$80,G$71:G$80)+$B$4/2*SUMPRODUCT(M$111:M$120,G$111:G$120) -> 0 | H101: =SUMPRODUCT(M$71:M$80,H$71:H$80)+$B$4/2*SUMPRODUCT(M$111:M$120,H$111:H$120) -> 0 | I101: =SUMPRODUCT(M$71:M$80,I$71:I$80)+$B$4/2*SUMPRODUCT(M$111:M$120,I$111:I$120) -> 0 | J101: =SUMPRODUCT(M$71:M$80,J$71:J$80)+$B$4/2*SUMPRODUCT(M$111:M$120,J$111:J$120) -> 0 | K101: =SUMPRODUCT(M$71:M$80,K$71:K$80)+$B$4/2*SUMPRODUCT(M$111:M$120,K$111:K$120) -> 0.52777778 | L101: =SUMPRODUCT(M$71:M$80,L$71:L$80)+$B$4/2*SUMPRODUCT(M$111:M$120,L$111:L$120) -> -1.7777778 | M101: =SUMPRODUCT(M$71:M$80,M$71:M$80)+$B$4/2*SUMPRODUCT(M$111:M$120,M$111:M$120) -> 2.9722222 | N101: =SUMPRODUCT(M$71:M$80,N$71:N$80)+$B$4/2*SUMPRODUCT(M$111:M$120,N$111:N$120) -> -0.88888889 | P101: =SUMPRODUCT(M$71:M$80,$B$71:$B$80) -> -6.1425084
A102: 2003 | C102: =SUMPRODUCT(N$71:N$80,C$71:C$80)+$B$4/2*SUMPRODUCT(N$111:N$120,C$111:C$120) -> 0 | D102: =SUMPRODUCT(N$71:N$80,D$71:D$80)+$B$4/2*SUMPRODUCT(N$111:N$120,D$111:D$120) -> 0 | E102: =SUMPRODUCT(N$71:N$80,E$71:E$80)+$B$4/2*SUMPRODUCT(N$111:N$120,E$111:E$120) -> 0 | F102: =SUMPRODUCT(N$71:N$80,F$71:F$80)+$B$4/2*SUMPRODUCT(N$111:N$120,F$111:F$120) -> 0 | G102: =SUMPRODUCT(N$71:N$80,G$71:G$80)+$B$4/2*SUMPRODUCT(N$111:N$120,G$111:G$120) -> 0 | H102: =SUMPRODUCT(N$71:N$80,H$71:H$80)+$B$4/2*SUMPRODUCT(N$111:N$120,H$111:H$120) -> 0 | I102: =SUMPRODUCT(N$71:N$80,I$71:I$80)+$B$4/2*SUMPRODUCT(N$111:N$120,I$111:I$120) -> 0 | J102: =SUMPRODUCT(N$71:N$80,J$71:J$80)+$B$4/2*SUMPRODUCT(N$111:N$120,J$111:J$120) -> 0 | K102: =SUMPRODUCT(N$71:N$80,K$71:K$80)+$B$4/2*SUMPRODUCT(N$111:N$120,K$111:K$120) -> 0 | L102: =SUMPRODUCT(N$71:N$80,L$71:L$80)+$B$4/2*SUMPRODUCT(N$111:N$120,L$111:L$120) -> 0.52777778 | M102: =SUMPRODUCT(N$71:N$80,M$71:M$80)+$B$4/2*SUMPRODUCT(N$111:N$120,M$111:M$120) -> -0.88888889 | N102: =SUMPRODUCT(N$71:N$80,N$71:N$80)+$B$4/2*SUMPRODUCT(N$111:N$120,N$111:N$120) -> 0.52777778 | P102: =SUMPRODUCT(N$71:N$80,$B$71:$B$80) -> -1.2282611
A108: Second-difference matrix D₂: rows [1, −2, 1]
C111: 1 | D111: -2 | E111: 1 | F111: 0 | G111: 0 | H111: 0 | I111: 0 | J111: 0 | K111: 0 | L111: 0 | M111: 0 | N111: 0
C112: 0 | D112: 1 | E112: -2 | F112: 1 | G112: 0 | H112: 0 | I112: 0 | J112: 0 | K112: 0 | L112: 0 | M112: 0 | N112: 0
C113: 0 | D113: 0 | E113: 1 | F113: -2 | G113: 1 | H113: 0 | I113: 0 | J113: 0 | K113: 0 | L113: 0 | M113: 0 | N113: 0
C114: 0 | D114: 0 | E114: 0 | F114: 1 | G114: -2 | H114: 1 | I114: 0 | J114: 0 | K114: 0 | L114: 0 | M114: 0 | N114: 0
C115: 0 | D115: 0 | E115: 0 | F115: 0 | G115: 1 | H115: -2 | I115: 1 | J115: 0 | K115: 0 | L115: 0 | M115: 0 | N115: 0
C116: 0 | D116: 0 | E116: 0 | F116: 0 | G116: 0 | H116: 1 | I116: -2 | J116: 1 | K116: 0 | L116: 0 | M116: 0 | N116: 0
C117: 0 | D117: 0 | E117: 0 | F117: 0 | G117: 0 | H117: 0 | I117: 1 | J117: -2 | K117: 1 | L117: 0 | M117: 0 | N117: 0
C118: 0 | D118: 0 | E118: 0 | F118: 0 | G118: 0 | H118: 0 | I118: 0 | J118: 1 | K118: -2 | L118: 1 | M118: 0 | N118: 0
C119: 0 | D119: 0 | E119: 0 | F119: 0 | G119: 0 | H119: 0 | I119: 0 | J119: 0 | K119: 1 | L119: -2 | M119: 1 | N119: 0
C120: 0 | D120: 0 | E120: 0 | F120: 0 | G120: 0 | H120: 0 | I120: 0 | J120: 0 | K120: 0 | L120: 1 | M120: -2 | N120: 1
A149: Evaluation year | B149: B1992,k=1 | C149: B1993,k=1 | D149: B1994,k=1 | E149: B1995,k=1 | F149: B1996,k=1 | G149: B1997,k=1 | H149: B1998,k=1 | I149: B1999,k=1 | J149: B2000,k=1 | K149: B2001,k=1 | L149: B2002,k=1 | M149: B2003,k=1 | N149: B2004,k=1 | O149: B2005,k=1 | P149: B2006,k=1 | Q149: B2007,k=1 | R149: B2008,k=1 | S149: B2009,k=1 | T149: B2010,k=1 | U149: B2011,k=1 | V149: B2012,k=1 | W149: B2013,k=1 | X149: B2014,k=1 | Y149: B2015,k=1 | Z149: B2016,k=1 | AA149: B2017,k=1 | AB149: B2018,k=1 | AC149: B2019,k=1 | AD149: B2020,k=1 | AE149: B2021,k=1 | AF149: B1992,k=2 | AG149: B1993,k=2 | AH149: B1994,k=2 | AI149: B1995,k=2 | AJ149: B1996,k=2 | AK149: B1997,k=2 | AL149: B1998,k=2 | AM149: B1999,k=2 | AN149: B2000,k=2 | AO149: B2001,k=2 | AP149: B2002,k=2 | AQ149: B2003,k=2 | AR149: B2004,k=2 | AS149: B2005,k=2 | AT149: B2006,k=2 | AU149: B2007,k=2 | AV149: B2008,k=2 | AW149: B2009,k=2 | AX149: B2010,k=2 | AY149: B2011,k=2 | AZ149: B2012,k=2 | BA149: B2013,k=2 | BB149: B2014,k=2 | BC149: B2015,k=2 | BD149: B2016,k=2 | BE149: B2017,k=2 | BF149: B2018,k=2 | BG149: B2019,k=2 | BH149: B2020,k=2 | BI149: B1992,k=3 | BJ149: B1993,k=3 | BK149: B1994,k=3 | BL149: B1995,k=3 | BM149: B1996,k=3 | BN149: B1997,k=3 | BO149: B1998,k=3 | BP149: B1999,k=3 | BQ149: B2000,k=3 | BR149: B2001,k=3 | BS149: B2002,k=3 | BT149: B2003,k=3 | BU149: B2004,k=3 | BV149: B2005,k=3 | BW149: B2006,k=3 | BX149: B2007,k=3 | BY149: B2008,k=3 | BZ149: B2009,k=3 | CA149: B2010,k=3 | CB149: B2011,k=3 | CC149: B2012,k=3 | CD149: B2013,k=3 | CE149: B2014,k=3 | CF149: B2015,k=3 | CG149: B2016,k=3 | CH149: B2017,k=3 | CI149: B2018,k=3 | CJ149: B2019,k=3 | CK149: B1992,k=4 | CL149: B1993,k=4 | CM149: B1994,k=4 | CN149: B1995,k=4 | CO149: B1996,k=4 | CP149: B1997,k=4 | CQ149: B1998,k=4 | CR149: B1999,k=4 | CS149: B2000,k=4 | CT149: B2001,k=4 | CU149: B2002,k=4 | CV149: B2003,k=4 | CW149: B2004,k=4 | CX149: B2005,k=4 | CY149: B2006,k=4 | CZ149: B2007,k=4 | DA149: B2008,k=4 | DB149: B2009,k=4 | DC149: B2010,k=4 | DD149: B2011,k=4 | DE149: B2012,k=4 | DF149: B2013,k=4 | DG149: B2014,k=4 | DH149: B2015,k=4 | DI149: B2016,k=4 | DJ149: B2017,k=4 | DK149: B2018,k=4
A150: 1995 | B150: =IF(AND($A150>=1992,$A150<1993),1,0) -> 0 | C150: =IF(AND($A150>=1993,$A150<1994),1,0) -> 0 | D150: =IF(AND($A150>=1994,$A150<1995),1,0) -> 0 | E150: =IF(AND($A150>=1995,$A150<1996),1,0) -> 1 | F150: =IF(AND($A150>=1996,$A150<1997),1,0) -> 0 | G150: =IF(AND($A150>=1997,$A150<1998),1,0) -> 0 | H150: =IF(AND($A150>=1998,$A150<1999),1,0) -> 0 | I150: =IF(AND($A150>=1999,$A150<2000),1,0) -> 0 | J150: =IF(AND($A150>=2000,$A150<2001),1,0) -> 0 | K150: =IF(AND($A150>=2001,$A150<2002),1,0) -> 0 | L150: =IF(AND($A150>=2002,$A150<2003),1,0) -> 0 | M150: =IF(AND($A150>=2003,$A150<2004),1,0) -> 0 | N150: =IF(AND($A150>=2004,$A150<2005),1,0) -> 0 | O150: =IF(AND($A150>=2005,$A150<2006),1,0) -> 0 | P150: =IF(AND($A150>=2006,$A150<2007),1,0) -> 0 | Q150: =IF(AND($A150>=2007,$A150<2008),1,0) -> 0 | R150: =IF(AND($A150>=2008,$A150<2009),1,0) -> 0 | S150: =IF(AND($A150>=2009,$A150<2010),1,0) -> 0 | T150: =IF(AND($A150>=2010,$A150<2011),1,0) -> 0 | U150: =IF(AND($A150>=2011,$A150<2012),1,0) -> 0 | V150: =IF(AND($A150>=2012,$A150<2013),1,0) -> 0 | W150: =IF(AND($A150>=2013,$A150<2014),1,0) -> 0 | X150: =IF(AND($A150>=2014,$A150<2015),1,0) -> 0 | Y150: =IF(AND($A150>=2015,$A150<2016),1,0) -> 0 | Z150: =IF(AND($A150>=2016,$A150<2017),1,0) -> 0 | AA150: =IF(AND($A150>=2017,$A150<2018),1,0) -> 0 | AB150: =IF(AND($A150>=2018,$A150<2019),1,0) -> 0 | AC150: =IF(AND($A150>=2019,$A150<2020),1,0) -> 0 | AD150: =IF(AND($A150>=2020,$A150<2021),1,0) -> 0 | AE150: =IF(AND($A150>=2021,$A150<2022),1,0) -> 0 | AF150: =($A150-1992)/((2-1)*$D$4)*B150+(1992+2*$D$4-$A150)/((2-1)*$D$4)*C150 -> 0 | AG150: =($A150-1993)/((2-1)*$D$4)*C150+(1993+2*$D$4-$A150)/((2-1)*$D$4)*D150 -> 0 | AH150: =($A150-1994)/((2-1)*$D$4)*D150+(1994+2*$D$4-$A150)/((2-1)*$D$4)*E150 -> 1 | AI150: =($A150-1995)/((2-1)*$D$4)*E150+(1995+2*$D$4-$A150)/((2-1)*$D$4)*F150 -> 0 | AJ150: =($A150-1996)/((2-1)*$D$4)*F150+(1996+2*$D$4-$A150)/((2-1)*$D$4)*G150 -> 0 | AK150: =($A150-1997)/((2-1)*$D$4)*G150+(1997+2*$D$4-$A150)/((2-1)*$D$4)*H150 -> 0 | AL150: =($A150-1998)/((2-1)*$D$4)*H150+(1998+2*$D$4-$A150)/((2-1)*$D$4)*I150 -> 0 | AM150: =($A150-1999)/((2-1)*$D$4)*I150+(1999+2*$D$4-$A150)/((2-1)*$D$4)*J150 -> 0 | AN150: =($A150-2000)/((2-1)*$D$4)*J150+(2000+2*$D$4-$A150)/((2-1)*$D$4)*K150 -> 0 | AO150: =($A150-2001)/((2-1)*$D$4)*K150+(2001+2*$D$4-$A150)/((2-1)*$D$4)*L150 -> 0 | AP150: =($A150-2002)/((2-1)*$D$4)*L150+(2002+2*$D$4-$A150)/((2-1)*$D$4)*M150 -> 0 | AQ150: =($A150-2003)/((2-1)*$D$4)*M150+(2003+2*$D$4-$A150)/((2-1)*$D$4)*N150 -> 0 | AR150: =($A150-2004)/((2-1)*$D$4)*N150+(2004+2*$D$4-$A150)/((2-1)*$D$4)*O150 -> 0 | AS150: =($A150-2005)/((2-1)*$D$4)*O150+(2005+2*$D$4-$A150)/((2-1)*$D$4)*P150 -> 0 | AT150: =($A150-2006)/((2-1)*$D$4)*P150+(2006+2*$D$4-$A150)/((2-1)*$D$4)*Q150 -> 0 | AU150: =($A150-2007)/((2-1)*$D$4)*Q150+(2007+2*$D$4-$A150)/((2-1)*$D$4)*R150 -> 0 | AV150: =($A150-2008)/((2-1)*$D$4)*R150+(2008+2*$D$4-$A150)/((2-1)*$D$4)*S150 -> 0 | AW150: =($A150-2009)/((2-1)*$D$4)*S150+(2009+2*$D$4-$A150)/((2-1)*$D$4)*T150 -> 0 | AX150: =($A150-2010)/((2-1)*$D$4)*T150+(2010+2*$D$4-$A150)/((2-1)*$D$4)*U150 -> 0 | AY150: =($A150-2011)/((2-1)*$D$4)*U150+(2011+2*$D$4-$A150)/((2-1)*$D$4)*V150 -> 0 | AZ150: =($A150-2012)/((2-1)*$D$4)*V150+(2012+2*$D$4-$A150)/((2-1)*$D$4)*W150 -> 0 | BA150: =($A150-2013)/((2-1)*$D$4)*W150+(2013+2*$D$4-$A150)/((2-1)*$D$4)*X150 -> 0 | BB150: =($A150-2014)/((2-1)*$D$4)*X150+(2014+2*$D$4-$A150)/((2-1)*$D$4)*Y150 -> 0 | BC150: =($A150-2015)/((2-1)*$D$4)*Y150+(2015+2*$D$4-$A150)/((2-1)*$D$4)*Z150 -> 0 | BD150: =($A150-2016)/((2-1)*$D$4)*Z150+(2016+2*$D$4-$A150)/((2-1)*$D$4)*AA150 -> 0 | BE150: =($A150-2017)/((2-1)*$D$4)*AA150+(2017+2*$D$4-$A150)/((2-1)*$D$4)*AB150 -> 0 | BF150: =($A150-2018)/((2-1)*$D$4)*AB150+(2018+2*$D$4-$A150)/((2-1)*$D$4)*AC150 -> 0 | BG150: =($A150-2019)/((2-1)*$D$4)*AC150+(2019+2*$D$4-$A150)/((2-1)*$D$4)*AD150 -> 0 | BH150: =($A150-2020)/((2-1)*$D$4)*AD150+(2020+2*$D$4-$A150)/((2-1)*$D$4)*AE150 -> 0 | BI150: =($A150-1992)/((3-1)*$D$4)*AF150+(1992+3*$D$4-$A150)/((3-1)*$D$4)*AG150 -> 0 | BJ150: =($A150-1993)/((3-1)*$D$4)*AG150+(1993+3*$D$4-$A150)/((3-1)*$D$4)*AH150 -> 0.5 | BK150: =($A150-1994)/((3-1)*$D$4)*AH150+(1994+3*$D$4-$A150)/((3-1)*$D$4)*AI150 -> 0.5 | BL150: =($A150-1995)/((3-1)*$D$4)*AI150+(1995+3*$D$4-$A150)/((3-1)*$D$4)*AJ150 -> 0 | BM150: =($A150-1996)/((3-1)*$D$4)*AJ150+(1996+3*$D$4-$A150)/((3-1)*$D$4)*AK150 -> 0 | BN150: =($A150-1997)/((3-1)*$D$4)*AK150+(1997+3*$D$4-$A150)/((3-1)*$D$4)*AL150 -> 0 | BO150: =($A150-1998)/((3-1)*$D$4)*AL150+(1998+3*$D$4-$A150)/((3-1)*$D$4)*AM150 -> 0 | BP150: =($A150-1999)/((3-1)*$D$4)*AM150+(1999+3*$D$4-$A150)/((3-1)*$D$4)*AN150 -> 0 | BQ150: =($A150-2000)/((3-1)*$D$4)*AN150+(2000+3*$D$4-$A150)/((3-1)*$D$4)*AO150 -> 0 | BR150: =($A150-2001)/((3-1)*$D$4)*AO150+(2001+3*$D$4-$A150)/((3-1)*$D$4)*AP150 -> 0 | BS150: =($A150-2002)/((3-1)*$D$4)*AP150+(2002+3*$D$4-$A150)/((3-1)*$D$4)*AQ150 -> 0 | BT150: =($A150-2003)/((3-1)*$D$4)*AQ150+(2003+3*$D$4-$A150)/((3-1)*$D$4)*AR150 -> 0 | BU150: =($A150-2004)/((3-1)*$D$4)*AR150+(2004+3*$D$4-$A150)/((3-1)*$D$4)*AS150 -> 0 | BV150: =($A150-2005)/((3-1)*$D$4)*AS150+(2005+3*$D$4-$A150)/((3-1)*$D$4)*AT150 -> 0 | BW150: =($A150-2006)/((3-1)*$D$4)*AT150+(2006+3*$D$4-$A150)/((3-1)*$D$4)*AU150 -> 0 | BX150: =($A150-2007)/((3-1)*$D$4)*AU150+(2007+3*$D$4-$A150)/((3-1)*$D$4)*AV150 -> 0 | BY150: =($A150-2008)/((3-1)*$D$4)*AV150+(2008+3*$D$4-$A150)/((3-1)*$D$4)*AW150 -> 0 | BZ150: =($A150-2009)/((3-1)*$D$4)*AW150+(2009+3*$D$4-$A150)/((3-1)*$D$4)*AX150 -> 0 | CA150: =($A150-2010)/((3-1)*$D$4)*AX150+(2010+3*$D$4-$A150)/((3-1)*$D$4)*AY150 -> 0 | CB150: =($A150-2011)/((3-1)*$D$4)*AY150+(2011+3*$D$4-$A150)/((3-1)*$D$4)*AZ150 -> 0 | CC150: =($A150-2012)/((3-1)*$D$4)*AZ150+(2012+3*$D$4-$A150)/((3-1)*$D$4)*BA150 -> 0 | CD150: =($A150-2013)/((3-1)*$D$4)*BA150+(2013+3*$D$4-$A150)/((3-1)*$D$4)*BB150 -> 0 | CE150: =($A150-2014)/((3-1)*$D$4)*BB150+(2014+3*$D$4-$A150)/((3-1)*$D$4)*BC150 -> 0 | CF150: =($A150-2015)/((3-1)*$D$4)*BC150+(2015+3*$D$4-$A150)/((3-1)*$D$4)*BD150 -> 0 | CG150: =($A150-2016)/((3-1)*$D$4)*BD150+(2016+3*$D$4-$A150)/((3-1)*$D$4)*BE150 -> 0 | CH150: =($A150-2017)/((3-1)*$D$4)*BE150+(2017+3*$D$4-$A150)/((3-1)*$D$4)*BF150 -> 0 | CI150: =($A150-2018)/((3-1)*$D$4)*BF150+(2018+3*$D$4-$A150)/((3-1)*$D$4)*BG150 -> 0 | CJ150: =($A150-2019)/((3-1)*$D$4)*BG150+(2019+3*$D$4-$A150)/((3-1)*$D$4)*BH150 -> 0 | CK150: =($A150-1992)/((4-1)*$D$4)*BI150+(1992+4*$D$4-$A150)/((4-1)*$D$4)*BJ150 -> 0.16666667 | CL150: =($A150-1993)/((4-1)*$D$4)*BJ150+(1993+4*$D$4-$A150)/((4-1)*$D$4)*BK150 -> 0.66666667 | CM150: =($A150-1994)/((4-1)*$D$4)*BK150+(1994+4*$D$4-$A150)/((4-1)*$D$4)*BL150 -> 0.16666667 | CN150: =($A150-1995)/((4-1)*$D$4)*BL150+(1995+4*$D$4-$A150)/((4-1)*$D$4)*BM150 -> 0 | CO150: =($A150-1996)/((4-1)*$D$4)*BM150+(1996+4*$D$4-$A150)/((4-1)*$D$4)*BN150 -> 0 | CP150: =($A150-1997)/((4-1)*$D$4)*BN150+(1997+4*$D$4-$A150)/((4-1)*$D$4)*BO150 -> 0 | CQ150: =($A150-1998)/((4-1)*$D$4)*BO150+(1998+4*$D$4-$A150)/((4-1)*$D$4)*BP150 -> 0 | CR150: =($A150-1999)/((4-1)*$D$4)*BP150+(1999+4*$D$4-$A150)/((4-1)*$D$4)*BQ150 -> 0 | CS150: =($A150-2000)/((4-1)*$D$4)*BQ150+(2000+4*$D$4-$A150)/((4-1)*$D$4)*BR150 -> 0 | CT150: =($A150-2001)/((4-1)*$D$4)*BR150+(2001+4*$D$4-$A150)/((4-1)*$D$4)*BS150 -> 0 | CU150: =($A150-2002)/((4-1)*$D$4)*BS150+(2002+4*$D$4-$A150)/((4-1)*$D$4)*BT150 -> 0 | CV150: =($A150-2003)/((4-1)*$D$4)*BT150+(2003+4*$D$4-$A150)/((4-1)*$D$4)*BU150 -> 0 | CW150: =($A150-2004)/((4-1)*$D$4)*BU150+(2004+4*$D$4-$A150)/((4-1)*$D$4)*BV150 -> 0 | CX150: =($A150-2005)/((4-1)*$D$4)*BV150+(2005+4*$D$4-$A150)/((4-1)*$D$4)*BW150 -> 0 | CY150: =($A150-2006)/((4-1)*$D$4)*BW150+(2006+4*$D$4-$A150)/((4-1)*$D$4)*BX150 -> 0 | CZ150: =($A150-2007)/((4-1)*$D$4)*BX150+(2007+4*$D$4-$A150)/((4-1)*$D$4)*BY150 -> 0 | DA150: =($A150-2008)/((4-1)*$D$4)*BY150+(2008+4*$D$4-$A150)/((4-1)*$D$4)*BZ150 -> 0 | DB150: =($A150-2009)/((4-1)*$D$4)*BZ150+(2009+4*$D$4-$A150)/((4-1)*$D$4)*CA150 -> 0 | DC150: =($A150-2010)/((4-1)*$D$4)*CA150+(2010+4*$D$4-$A150)/((4-1)*$D$4)*CB150 -> 0 | DD150: =($A150-2011)/((4-1)*$D$4)*CB150+(2011+4*$D$4-$A150)/((4-1)*$D$4)*CC150 -> 0 | DE150: =($A150-2012)/((4-1)*$D$4)*CC150+(2012+4*$D$4-$A150)/((4-1)*$D$4)*CD150 -> 0 | DF150: =($A150-2013)/((4-1)*$D$4)*CD150+(2013+4*$D$4-$A150)/((4-1)*$D$4)*CE150 -> 0 | DG150: =($A150-2014)/((4-1)*$D$4)*CE150+(2014+4*$D$4-$A150)/((4-1)*$D$4)*CF150 -> 0 | DH150: =($A150-2015)/((4-1)*$D$4)*CF150+(2015+4*$D$4-$A150)/((4-1)*$D$4)*CG150 -> 0 | DI150: =($A150-2016)/((4-1)*$D$4)*CG150+(2016+4*$D$4-$A150)/((4-1)*$D$4)*CH150 -> 0 | DJ150: =($A150-2017)/((4-1)*$D$4)*CH150+(2017+4*$D$4-$A150)/((4-1)*$D$4)*CI150 -> 0 | DK150: =($A150-2018)/((4-1)*$D$4)*CI150+(2018+4*$D$4-$A150)/((4-1)*$D$4)*CJ150 -> 0
A151: 1996 | B151: =IF(AND($A151>=1992,$A151<1993),1,0) -> 0 | C151: =IF(AND($A151>=1993,$A151<1994),1,0) -> 0 | D151: =IF(AND($A151>=1994,$A151<1995),1,0) -> 0 | E151: =IF(AND($A151>=1995,$A151<1996),1,0) -> 0 | F151: =IF(AND($A151>=1996,$A151<1997),1,0) -> 1 | G151: =IF(AND($A151>=1997,$A151<1998),1,0) -> 0 | H151: =IF(AND($A151>=1998,$A151<1999),1,0) -> 0 | I151: =IF(AND($A151>=1999,$A151<2000),1,0) -> 0 | J151: =IF(AND($A151>=2000,$A151<2001),1,0) -> 0 | K151: =IF(AND($A151>=2001,$A151<2002),1,0) -> 0 | L151: =IF(AND($A151>=2002,$A151<2003),1,0) -> 0 | M151: =IF(AND($A151>=2003,$A151<2004),1,0) -> 0 | N151: =IF(AND($A151>=2004,$A151<2005),1,0) -> 0 | O151: =IF(AND($A151>=2005,$A151<2006),1,0) -> 0 | P151: =IF(AND($A151>=2006,$A151<2007),1,0) -> 0 | Q151: =IF(AND($A151>=2007,$A151<2008),1,0) -> 0 | R151: =IF(AND($A151>=2008,$A151<2009),1,0) -> 0 | S151: =IF(AND($A151>=2009,$A151<2010),1,0) -> 0 | T151: =IF(AND($A151>=2010,$A151<2011),1,0) -> 0 | U151: =IF(AND($A151>=2011,$A151<2012),1,0) -> 0 | V151: =IF(AND($A151>=2012,$A151<2013),1,0) -> 0 | W151: =IF(AND($A151>=2013,$A151<2014),1,0) -> 0 | X151: =IF(AND($A151>=2014,$A151<2015),1,0) -> 0 | Y151: =IF(AND($A151>=2015,$A151<2016),1,0) -> 0 | Z151: =IF(AND($A151>=2016,$A151<2017),1,0) -> 0 | AA151: =IF(AND($A151>=2017,$A151<2018),1,0) -> 0 | AB151: =IF(AND($A151>=2018,$A151<2019),1,0) -> 0 | AC151: =IF(AND($A151>=2019,$A151<2020),1,0) -> 0 | AD151: =IF(AND($A151>=2020,$A151<2021),1,0) -> 0 | AE151: =IF(AND($A151>=2021,$A151<2022),1,0) -> 0 | AF151: =($A151-1992)/((2-1)*$D$4)*B151+(1992+2*$D$4-$A151)/((2-1)*$D$4)*C151 -> 0 | AG151: =($A151-1993)/((2-1)*$D$4)*C151+(1993+2*$D$4-$A151)/((2-1)*$D$4)*D151 -> 0 | AH151: =($A151-1994)/((2-1)*$D$4)*D151+(1994+2*$D$4-$A151)/((2-1)*$D$4)*E151 -> 0 | AI151: =($A151-1995)/((2-1)*$D$4)*E151+(1995+2*$D$4-$A151)/((2-1)*$D$4)*F151 -> 1 | AJ151: =($A151-1996)/((2-1)*$D$4)*F151+(1996+2*$D$4-$A151)/((2-1)*$D$4)*G151 -> 0 | AK151: =($A151-1997)/((2-1)*$D$4)*G151+(1997+2*$D$4-$A151)/((2-1)*$D$4)*H151 -> 0 | AL151: =($A151-1998)/((2-1)*$D$4)*H151+(1998+2*$D$4-$A151)/((2-1)*$D$4)*I151 -> 0 | AM151: =($A151-1999)/((2-1)*$D$4)*I151+(1999+2*$D$4-$A151)/((2-1)*$D$4)*J151 -> 0 | AN151: =($A151-2000)/((2-1)*$D$4)*J151+(2000+2*$D$4-$A151)/((2-1)*$D$4)*K151 -> 0 | AO151: =($A151-2001)/((2-1)*$D$4)*K151+(2001+2*$D$4-$A151)/((2-1)*$D$4)*L151 -> 0 | AP151: =($A151-2002)/((2-1)*$D$4)*L151+(2002+2*$D$4-$A151)/((2-1)*$D$4)*M151 -> 0 | AQ151: =($A151-2003)/((2-1)*$D$4)*M151+(2003+2*$D$4-$A151)/((2-1)*$D$4)*N151 -> 0 | AR151: =($A151-2004)/((2-1)*$D$4)*N151+(2004+2*$D$4-$A151)/((2-1)*$D$4)*O151 -> 0 | AS151: =($A151-2005)/((2-1)*$D$4)*O151+(2005+2*$D$4-$A151)/((2-1)*$D$4)*P151 -> 0 | AT151: =($A151-2006)/((2-1)*$D$4)*P151+(2006+2*$D$4-$A151)/((2-1)*$D$4)*Q151 -> 0 | AU151: =($A151-2007)/((2-1)*$D$4)*Q151+(2007+2*$D$4-$A151)/((2-1)*$D$4)*R151 -> 0 | AV151: =($A151-2008)/((2-1)*$D$4)*R151+(2008+2*$D$4-$A151)/((2-1)*$D$4)*S151 -> 0 | AW151: =($A151-2009)/((2-1)*$D$4)*S151+(2009+2*$D$4-$A151)/((2-1)*$D$4)*T151 -> 0 | AX151: =($A151-2010)/((2-1)*$D$4)*T151+(2010+2*$D$4-$A151)/((2-1)*$D$4)*U151 -> 0 | AY151: =($A151-2011)/((2-1)*$D$4)*U151+(2011+2*$D$4-$A151)/((2-1)*$D$4)*V151 -> 0 | AZ151: =($A151-2012)/((2-1)*$D$4)*V151+(2012+2*$D$4-$A151)/((2-1)*$D$4)*W151 -> 0 | BA151: =($A151-2013)/((2-1)*$D$4)*W151+(2013+2*$D$4-$A151)/((2-1)*$D$4)*X151 -> 0 | BB151: =($A151-2014)/((2-1)*$D$4)*X151+(2014+2*$D$4-$A151)/((2-1)*$D$4)*Y151 -> 0 | BC151: =($A151-2015)/((2-1)*$D$4)*Y151+(2015+2*$D$4-$A151)/((2-1)*$D$4)*Z151 -> 0 | BD151: =($A151-2016)/((2-1)*$D$4)*Z151+(2016+2*$D$4-$A151)/((2-1)*$D$4)*AA151 -> 0 | BE151: =($A151-2017)/((2-1)*$D$4)*AA151+(2017+2*$D$4-$A151)/((2-1)*$D$4)*AB151 -> 0 | BF151: =($A151-2018)/((2-1)*$D$4)*AB151+(2018+2*$D$4-$A151)/((2-1)*$D$4)*AC151 -> 0 | BG151: =($A151-2019)/((2-1)*$D$4)*AC151+(2019+2*$D$4-$A151)/((2-1)*$D$4)*AD151 -> 0 | BH151: =($A151-2020)/((2-1)*$D$4)*AD151+(2020+2*$D$4-$A151)/((2-1)*$D$4)*AE151 -> 0 | BI151: =($A151-1992)/((3-1)*$D$4)*AF151+(1992+3*$D$4-$A151)/((3-1)*$D$4)*AG151 -> 0 | BJ151: =($A151-1993)/((3-1)*$D$4)*AG151+(1993+3*$D$4-$A151)/((3-1)*$D$4)*AH151 -> 0 | BK151: =($A151-1994)/((3-1)*$D$4)*AH151+(1994+3*$D$4-$A151)/((3-1)*$D$4)*AI151 -> 0.5 | BL151: =($A151-1995)/((3-1)*$D$4)*AI151+(1995+3*$D$4-$A151)/((3-1)*$D$4)*AJ151 -> 0.5 | BM151: =($A151-1996)/((3-1)*$D$4)*AJ151+(1996+3*$D$4-$A151)/((3-1)*$D$4)*AK151 -> 0 | BN151: =($A151-1997)/((3-1)*$D$4)*AK151+(1997+3*$D$4-$A151)/((3-1)*$D$4)*AL151 -> 0 | BO151: =($A151-1998)/((3-1)*$D$4)*AL151+(1998+3*$D$4-$A151)/((3-1)*$D$4)*AM151 -> 0 | BP151: =($A151-1999)/((3-1)*$D$4)*AM151+(1999+3*$D$4-$A151)/((3-1)*$D$4)*AN151 -> 0 | BQ151: =($A151-2000)/((3-1)*$D$4)*AN151+(2000+3*$D$4-$A151)/((3-1)*$D$4)*AO151 -> 0 | BR151: =($A151-2001)/((3-1)*$D$4)*AO151+(2001+3*$D$4-$A151)/((3-1)*$D$4)*AP151 -> 0 | BS151: =($A151-2002)/((3-1)*$D$4)*AP151+(2002+3*$D$4-$A151)/((3-1)*$D$4)*AQ151 -> 0 | BT151: =($A151-2003)/((3-1)*$D$4)*AQ151+(2003+3*$D$4-$A151)/((3-1)*$D$4)*AR151 -> 0 | BU151: =($A151-2004)/((3-1)*$D$4)*AR151+(2004+3*$D$4-$A151)/((3-1)*$D$4)*AS151 -> 0 | BV151: =($A151-2005)/((3-1)*$D$4)*AS151+(2005+3*$D$4-$A151)/((3-1)*$D$4)*AT151 -> 0 | BW151: =($A151-2006)/((3-1)*$D$4)*AT151+(2006+3*$D$4-$A151)/((3-1)*$D$4)*AU151 -> 0 | BX151: =($A151-2007)/((3-1)*$D$4)*AU151+(2007+3*$D$4-$A151)/((3-1)*$D$4)*AV151 -> 0 | BY151: =($A151-2008)/((3-1)*$D$4)*AV151+(2008+3*$D$4-$A151)/((3-1)*$D$4)*AW151 -> 0 | BZ151: =($A151-2009)/((3-1)*$D$4)*AW151+(2009+3*$D$4-$A151)/((3-1)*$D$4)*AX151 -> 0 | CA151: =($A151-2010)/((3-1)*$D$4)*AX151+(2010+3*$D$4-$A151)/((3-1)*$D$4)*AY151 -> 0 | CB151: =($A151-2011)/((3-1)*$D$4)*AY151+(2011+3*$D$4-$A151)/((3-1)*$D$4)*AZ151 -> 0 | CC151: =($A151-2012)/((3-1)*$D$4)*AZ151+(2012+3*$D$4-$A151)/((3-1)*$D$4)*BA151 -> 0 | CD151: =($A151-2013)/((3-1)*$D$4)*BA151+(2013+3*$D$4-$A151)/((3-1)*$D$4)*BB151 -> 0 | CE151: =($A151-2014)/((3-1)*$D$4)*BB151+(2014+3*$D$4-$A151)/((3-1)*$D$4)*BC151 -> 0 | CF151: =($A151-2015)/((3-1)*$D$4)*BC151+(2015+3*$D$4-$A151)/((3-1)*$D$4)*BD151 -> 0 | CG151: =($A151-2016)/((3-1)*$D$4)*BD151+(2016+3*$D$4-$A151)/((3-1)*$D$4)*BE151 -> 0 | CH151: =($A151-2017)/((3-1)*$D$4)*BE151+(2017+3*$D$4-$A151)/((3-1)*$D$4)*BF151 -> 0 | CI151: =($A151-2018)/((3-1)*$D$4)*BF151+(2018+3*$D$4-$A151)/((3-1)*$D$4)*BG151 -> 0 | CJ151: =($A151-2019)/((3-1)*$D$4)*BG151+(2019+3*$D$4-$A151)/((3-1)*$D$4)*BH151 -> 0 | CK151: =($A151-1992)/((4-1)*$D$4)*BI151+(1992+4*$D$4-$A151)/((4-1)*$D$4)*BJ151 -> 0 | CL151: =($A151-1993)/((4-1)*$D$4)*BJ151+(1993+4*$D$4-$A151)/((4-1)*$D$4)*BK151 -> 0.16666667 | CM151: =($A151-1994)/((4-1)*$D$4)*BK151+(1994+4*$D$4-$A151)/((4-1)*$D$4)*BL151 -> 0.66666667 | CN151: =($A151-1995)/((4-1)*$D$4)*BL151+(1995+4*$D$4-$A151)/((4-1)*$D$4)*BM151 -> 0.16666667 | CO151: =($A151-1996)/((4-1)*$D$4)*BM151+(1996+4*$D$4-$A151)/((4-1)*$D$4)*BN151 -> 0 | CP151: =($A151-1997)/((4-1)*$D$4)*BN151+(1997+4*$D$4-$A151)/((4-1)*$D$4)*BO151 -> 0 | CQ151: =($A151-1998)/((4-1)*$D$4)*BO151+(1998+4*$D$4-$A151)/((4-1)*$D$4)*BP151 -> 0 | CR151: =($A151-1999)/((4-1)*$D$4)*BP151+(1999+4*$D$4-$A151)/((4-1)*$D$4)*BQ151 -> 0 | CS151: =($A151-2000)/((4-1)*$D$4)*BQ151+(2000+4*$D$4-$A151)/((4-1)*$D$4)*BR151 -> 0 | CT151: =($A151-2001)/((4-1)*$D$4)*BR151+(2001+4*$D$4-$A151)/((4-1)*$D$4)*BS151 -> 0 | CU151: =($A151-2002)/((4-1)*$D$4)*BS151+(2002+4*$D$4-$A151)/((4-1)*$D$4)*BT151 -> 0 | CV151: =($A151-2003)/((4-1)*$D$4)*BT151+(2003+4*$D$4-$A151)/((4-1)*$D$4)*BU151 -> 0 | CW151: =($A151-2004)/((4-1)*$D$4)*BU151+(2004+4*$D$4-$A151)/((4-1)*$D$4)*BV151 -> 0 | CX151: =($A151-2005)/((4-1)*$D$4)*BV151+(2005+4*$D$4-$A151)/((4-1)*$D$4)*BW151 -> 0 | CY151: =($A151-2006)/((4-1)*$D$4)*BW151+(2006+4*$D$4-$A151)/((4-1)*$D$4)*BX151 -> 0 | CZ151: =($A151-2007)/((4-1)*$D$4)*BX151+(2007+4*$D$4-$A151)/((4-1)*$D$4)*BY151 -> 0 | DA151: =($A151-2008)/((4-1)*$D$4)*BY151+(2008+4*$D$4-$A151)/((4-1)*$D$4)*BZ151 -> 0 | DB151: =($A151-2009)/((4-1)*$D$4)*BZ151+(2009+4*$D$4-$A151)/((4-1)*$D$4)*CA151 -> 0 | DC151: =($A151-2010)/((4-1)*$D$4)*CA151+(2010+4*$D$4-$A151)/((4-1)*$D$4)*CB151 -> 0 | DD151: =($A151-2011)/((4-1)*$D$4)*CB151+(2011+4*$D$4-$A151)/((4-1)*$D$4)*CC151 -> 0 | DE151: =($A151-2012)/((4-1)*$D$4)*CC151+(2012+4*$D$4-$A151)/((4-1)*$D$4)*CD151 -> 0 | DF151: =($A151-2013)/((4-1)*$D$4)*CD151+(2013+4*$D$4-$A151)/((4-1)*$D$4)*CE151 -> 0 | DG151: =($A151-2014)/((4-1)*$D$4)*CE151+(2014+4*$D$4-$A151)/((4-1)*$D$4)*CF151 -> 0 | DH151: =($A151-2015)/((4-1)*$D$4)*CF151+(2015+4*$D$4-$A151)/((4-1)*$D$4)*CG151 -> 0 | DI151: =($A151-2016)/((4-1)*$D$4)*CG151+(2016+4*$D$4-$A151)/((4-1)*$D$4)*CH151 -> 0 | DJ151: =($A151-2017)/((4-1)*$D$4)*CH151+(2017+4*$D$4-$A151)/((4-1)*$D$4)*CI151 -> 0 | DK151: =($A151-2018)/((4-1)*$D$4)*CI151+(2018+4*$D$4-$A151)/((4-1)*$D$4)*CJ151 -> 0
A152: 1997 | B152: =IF(AND($A152>=1992,$A152<1993),1,0) -> 0 | C152: =IF(AND($A152>=1993,$A152<1994),1,0) -> 0 | D152: =IF(AND($A152>=1994,$A152<1995),1,0) -> 0 | E152: =IF(AND($A152>=1995,$A152<1996),1,0) -> 0 | F152: =IF(AND($A152>=1996,$A152<1997),1,0) -> 0 | G152: =IF(AND($A152>=1997,$A152<1998),1,0) -> 1 | H152: =IF(AND($A152>=1998,$A152<1999),1,0) -> 0 | I152: =IF(AND($A152>=1999,$A152<2000),1,0) -> 0 | J152: =IF(AND($A152>=2000,$A152<2001),1,0) -> 0 | K152: =IF(AND($A152>=2001,$A152<2002),1,0) -> 0 | L152: =IF(AND($A152>=2002,$A152<2003),1,0) -> 0 | M152: =IF(AND($A152>=2003,$A152<2004),1,0) -> 0 | N152: =IF(AND($A152>=2004,$A152<2005),1,0) -> 0 | O152: =IF(AND($A152>=2005,$A152<2006),1,0) -> 0 | P152: =IF(AND($A152>=2006,$A152<2007),1,0) -> 0 | Q152: =IF(AND($A152>=2007,$A152<2008),1,0) -> 0 | R152: =IF(AND($A152>=2008,$A152<2009),1,0) -> 0 | S152: =IF(AND($A152>=2009,$A152<2010),1,0) -> 0 | T152: =IF(AND($A152>=2010,$A152<2011),1,0) -> 0 | U152: =IF(AND($A152>=2011,$A152<2012),1,0) -> 0 | V152: =IF(AND($A152>=2012,$A152<2013),1,0) -> 0 | W152: =IF(AND($A152>=2013,$A152<2014),1,0) -> 0 | X152: =IF(AND($A152>=2014,$A152<2015),1,0) -> 0 | Y152: =IF(AND($A152>=2015,$A152<2016),1,0) -> 0 | Z152: =IF(AND($A152>=2016,$A152<2017),1,0) -> 0 | AA152: =IF(AND($A152>=2017,$A152<2018),1,0) -> 0 | AB152: =IF(AND($A152>=2018,$A152<2019),1,0) -> 0 | AC152: =IF(AND($A152>=2019,$A152<2020),1,0) -> 0 | AD152: =IF(AND($A152>=2020,$A152<2021),1,0) -> 0 | AE152: =IF(AND($A152>=2021,$A152<2022),1,0) -> 0 | AF152: =($A152-1992)/((2-1)*$D$4)*B152+(1992+2*$D$4-$A152)/((2-1)*$D$4)*C152 -> 0 | AG152: =($A152-1993)/((2-1)*$D$4)*C152+(1993+2*$D$4-$A152)/((2-1)*$D$4)*D152 -> 0 | AH152: =($A152-1994)/((2-1)*$D$4)*D152+(1994+2*$D$4-$A152)/((2-1)*$D$4)*E152 -> 0 | AI152: =($A152-1995)/((2-1)*$D$4)*E152+(1995+2*$D$4-$A152)/((2-1)*$D$4)*F152 -> 0 | AJ152: =($A152-1996)/((2-1)*$D$4)*F152+(1996+2*$D$4-$A152)/((2-1)*$D$4)*G152 -> 1 | AK152: =($A152-1997)/((2-1)*$D$4)*G152+(1997+2*$D$4-$A152)/((2-1)*$D$4)*H152 -> 0 | AL152: =($A152-1998)/((2-1)*$D$4)*H152+(1998+2*$D$4-$A152)/((2-1)*$D$4)*I152 -> 0 | AM152: =($A152-1999)/((2-1)*$D$4)*I152+(1999+2*$D$4-$A152)/((2-1)*$D$4)*J152 -> 0 | AN152: =($A152-2000)/((2-1)*$D$4)*J152+(2000+2*$D$4-$A152)/((2-1)*$D$4)*K152 -> 0 | AO152: =($A152-2001)/((2-1)*$D$4)*K152+(2001+2*$D$4-$A152)/((2-1)*$D$4)*L152 -> 0 | AP152: =($A152-2002)/((2-1)*$D$4)*L152+(2002+2*$D$4-$A152)/((2-1)*$D$4)*M152 -> 0 | AQ152: =($A152-2003)/((2-1)*$D$4)*M152+(2003+2*$D$4-$A152)/((2-1)*$D$4)*N152 -> 0 | AR152: =($A152-2004)/((2-1)*$D$4)*N152+(2004+2*$D$4-$A152)/((2-1)*$D$4)*O152 -> 0 | AS152: =($A152-2005)/((2-1)*$D$4)*O152+(2005+2*$D$4-$A152)/((2-1)*$D$4)*P152 -> 0 | AT152: =($A152-2006)/((2-1)*$D$4)*P152+(2006+2*$D$4-$A152)/((2-1)*$D$4)*Q152 -> 0 | AU152: =($A152-2007)/((2-1)*$D$4)*Q152+(2007+2*$D$4-$A152)/((2-1)*$D$4)*R152 -> 0 | AV152: =($A152-2008)/((2-1)*$D$4)*R152+(2008+2*$D$4-$A152)/((2-1)*$D$4)*S152 -> 0 | AW152: =($A152-2009)/((2-1)*$D$4)*S152+(2009+2*$D$4-$A152)/((2-1)*$D$4)*T152 -> 0 | AX152: =($A152-2010)/((2-1)*$D$4)*T152+(2010+2*$D$4-$A152)/((2-1)*$D$4)*U152 -> 0 | AY152: =($A152-2011)/((2-1)*$D$4)*U152+(2011+2*$D$4-$A152)/((2-1)*$D$4)*V152 -> 0 | AZ152: =($A152-2012)/((2-1)*$D$4)*V152+(2012+2*$D$4-$A152)/((2-1)*$D$4)*W152 -> 0 | BA152: =($A152-2013)/((2-1)*$D$4)*W152+(2013+2*$D$4-$A152)/((2-1)*$D$4)*X152 -> 0 | BB152: =($A152-2014)/((2-1)*$D$4)*X152+(2014+2*$D$4-$A152)/((2-1)*$D$4)*Y152 -> 0 | BC152: =($A152-2015)/((2-1)*$D$4)*Y152+(2015+2*$D$4-$A152)/((2-1)*$D$4)*Z152 -> 0 | BD152: =($A152-2016)/((2-1)*$D$4)*Z152+(2016+2*$D$4-$A152)/((2-1)*$D$4)*AA152 -> 0 | BE152: =($A152-2017)/((2-1)*$D$4)*AA152+(2017+2*$D$4-$A152)/((2-1)*$D$4)*AB152 -> 0 | BF152: =($A152-2018)/((2-1)*$D$4)*AB152+(2018+2*$D$4-$A152)/((2-1)*$D$4)*AC152 -> 0 | BG152: =($A152-2019)/((2-1)*$D$4)*AC152+(2019+2*$D$4-$A152)/((2-1)*$D$4)*AD152 -> 0 | BH152: =($A152-2020)/((2-1)*$D$4)*AD152+(2020+2*$D$4-$A152)/((2-1)*$D$4)*AE152 -> 0 | BI152: =($A152-1992)/((3-1)*$D$4)*AF152+(1992+3*$D$4-$A152)/((3-1)*$D$4)*AG152 -> 0 | BJ152: =($A152-1993)/((3-1)*$D$4)*AG152+(1993+3*$D$4-$A152)/((3-1)*$D$4)*AH152 -> 0 | BK152: =($A152-1994)/((3-1)*$D$4)*AH152+(1994+3*$D$4-$A152)/((3-1)*$D$4)*AI152 -> 0 | BL152: =($A152-1995)/((3-1)*$D$4)*AI152+(1995+3*$D$4-$A152)/((3-1)*$D$4)*AJ152 -> 0.5 | BM152: =($A152-1996)/((3-1)*$D$4)*AJ152+(1996+3*$D$4-$A152)/((3-1)*$D$4)*AK152 -> 0.5 | BN152: =($A152-1997)/((3-1)*$D$4)*AK152+(1997+3*$D$4-$A152)/((3-1)*$D$4)*AL152 -> 0 | BO152: =($A152-1998)/((3-1)*$D$4)*AL152+(1998+3*$D$4-$A152)/((3-1)*$D$4)*AM152 -> 0 | BP152: =($A152-1999)/((3-1)*$D$4)*AM152+(1999+3*$D$4-$A152)/((3-1)*$D$4)*AN152 -> 0 | BQ152: =($A152-2000)/((3-1)*$D$4)*AN152+(2000+3*$D$4-$A152)/((3-1)*$D$4)*AO152 -> 0 | BR152: =($A152-2001)/((3-1)*$D$4)*AO152+(2001+3*$D$4-$A152)/((3-1)*$D$4)*AP152 -> 0 | BS152: =($A152-2002)/((3-1)*$D$4)*AP152+(2002+3*$D$4-$A152)/((3-1)*$D$4)*AQ152 -> 0 | BT152: =($A152-2003)/((3-1)*$D$4)*AQ152+(2003+3*$D$4-$A152)/((3-1)*$D$4)*AR152 -> 0 | BU152: =($A152-2004)/((3-1)*$D$4)*AR152+(2004+3*$D$4-$A152)/((3-1)*$D$4)*AS152 -> 0 | BV152: =($A152-2005)/((3-1)*$D$4)*AS152+(2005+3*$D$4-$A152)/((3-1)*$D$4)*AT152 -> 0 | BW152: =($A152-2006)/((3-1)*$D$4)*AT152+(2006+3*$D$4-$A152)/((3-1)*$D$4)*AU152 -> 0 | BX152: =($A152-2007)/((3-1)*$D$4)*AU152+(2007+3*$D$4-$A152)/((3-1)*$D$4)*AV152 -> 0 | BY152: =($A152-2008)/((3-1)*$D$4)*AV152+(2008+3*$D$4-$A152)/((3-1)*$D$4)*AW152 -> 0 | BZ152: =($A152-2009)/((3-1)*$D$4)*AW152+(2009+3*$D$4-$A152)/((3-1)*$D$4)*AX152 -> 0 | CA152: =($A152-2010)/((3-1)*$D$4)*AX152+(2010+3*$D$4-$A152)/((3-1)*$D$4)*AY152 -> 0 | CB152: =($A152-2011)/((3-1)*$D$4)*AY152+(2011+3*$D$4-$A152)/((3-1)*$D$4)*AZ152 -> 0 | CC152: =($A152-2012)/((3-1)*$D$4)*AZ152+(2012+3*$D$4-$A152)/((3-1)*$D$4)*BA152 -> 0 | CD152: =($A152-2013)/((3-1)*$D$4)*BA152+(2013+3*$D$4-$A152)/((3-1)*$D$4)*BB152 -> 0 | CE152: =($A152-2014)/((3-1)*$D$4)*BB152+(2014+3*$D$4-$A152)/((3-1)*$D$4)*BC152 -> 0 | CF152: =($A152-2015)/((3-1)*$D$4)*BC152+(2015+3*$D$4-$A152)/((3-1)*$D$4)*BD152 -> 0 | CG152: =($A152-2016)/((3-1)*$D$4)*BD152+(2016+3*$D$4-$A152)/((3-1)*$D$4)*BE152 -> 0 | CH152: =($A152-2017)/((3-1)*$D$4)*BE152+(2017+3*$D$4-$A152)/((3-1)*$D$4)*BF152 -> 0 | CI152: =($A152-2018)/((3-1)*$D$4)*BF152+(2018+3*$D$4-$A152)/((3-1)*$D$4)*BG152 -> 0 | CJ152: =($A152-2019)/((3-1)*$D$4)*BG152+(2019+3*$D$4-$A152)/((3-1)*$D$4)*BH152 -> 0 | CK152: =($A152-1992)/((4-1)*$D$4)*BI152+(1992+4*$D$4-$A152)/((4-1)*$D$4)*BJ152 -> 0 | CL152: =($A152-1993)/((4-1)*$D$4)*BJ152+(1993+4*$D$4-$A152)/((4-1)*$D$4)*BK152 -> 0 | CM152: =($A152-1994)/((4-1)*$D$4)*BK152+(1994+4*$D$4-$A152)/((4-1)*$D$4)*BL152 -> 0.16666667 | CN152: =($A152-1995)/((4-1)*$D$4)*BL152+(1995+4*$D$4-$A152)/((4-1)*$D$4)*BM152 -> 0.66666667 | CO152: =($A152-1996)/((4-1)*$D$4)*BM152+(1996+4*$D$4-$A152)/((4-1)*$D$4)*BN152 -> 0.16666667 | CP152: =($A152-1997)/((4-1)*$D$4)*BN152+(1997+4*$D$4-$A152)/((4-1)*$D$4)*BO152 -> 0 | CQ152: =($A152-1998)/((4-1)*$D$4)*BO152+(1998+4*$D$4-$A152)/((4-1)*$D$4)*BP152 -> 0 | CR152: =($A152-1999)/((4-1)*$D$4)*BP152+(1999+4*$D$4-$A152)/((4-1)*$D$4)*BQ152 -> 0 | CS152: =($A152-2000)/((4-1)*$D$4)*BQ152+(2000+4*$D$4-$A152)/((4-1)*$D$4)*BR152 -> 0 | CT152: =($A152-2001)/((4-1)*$D$4)*BR152+(2001+4*$D$4-$A152)/((4-1)*$D$4)*BS152 -> 0 | CU152: =($A152-2002)/((4-1)*$D$4)*BS152+(2002+4*$D$4-$A152)/((4-1)*$D$4)*BT152 -> 0 | CV152: =($A152-2003)/((4-1)*$D$4)*BT152+(2003+4*$D$4-$A152)/((4-1)*$D$4)*BU152 -> 0 | CW152: =($A152-2004)/((4-1)*$D$4)*BU152+(2004+4*$D$4-$A152)/((4-1)*$D$4)*BV152 -> 0 | CX152: =($A152-2005)/((4-1)*$D$4)*BV152+(2005+4*$D$4-$A152)/((4-1)*$D$4)*BW152 -> 0 | CY152: =($A152-2006)/((4-1)*$D$4)*BW152+(2006+4*$D$4-$A152)/((4-1)*$D$4)*BX152 -> 0 | CZ152: =($A152-2007)/((4-1)*$D$4)*BX152+(2007+4*$D$4-$A152)/((4-1)*$D$4)*BY152 -> 0 | DA152: =($A152-2008)/((4-1)*$D$4)*BY152+(2008+4*$D$4-$A152)/((4-1)*$D$4)*BZ152 -> 0 | DB152: =($A152-2009)/((4-1)*$D$4)*BZ152+(2009+4*$D$4-$A152)/((4-1)*$D$4)*CA152 -> 0 | DC152: =($A152-2010)/((4-1)*$D$4)*CA152+(2010+4*$D$4-$A152)/((4-1)*$D$4)*CB152 -> 0 | DD152: =($A152-2011)/((4-1)*$D$4)*CB152+(2011+4*$D$4-$A152)/((4-1)*$D$4)*CC152 -> 0 | DE152: =($A152-2012)/((4-1)*$D$4)*CC152+(2012+4*$D$4-$A152)/((4-1)*$D$4)*CD152 -> 0 | DF152: =($A152-2013)/((4-1)*$D$4)*CD152+(2013+4*$D$4-$A152)/((4-1)*$D$4)*CE152 -> 0 | DG152: =($A152-2014)/((4-1)*$D$4)*CE152+(2014+4*$D$4-$A152)/((4-1)*$D$4)*CF152 -> 0 | DH152: =($A152-2015)/((4-1)*$D$4)*CF152+(2015+4*$D$4-$A152)/((4-1)*$D$4)*CG152 -> 0 | DI152: =($A152-2016)/((4-1)*$D$4)*CG152+(2016+4*$D$4-$A152)/((4-1)*$D$4)*CH152 -> 0 | DJ152: =($A152-2017)/((4-1)*$D$4)*CH152+(2017+4*$D$4-$A152)/((4-1)*$D$4)*CI152 -> 0 | DK152: =($A152-2018)/((4-1)*$D$4)*CI152+(2018+4*$D$4-$A152)/((4-1)*$D$4)*CJ152 -> 0
